{"results": {"package.TimeImport.time_import": {"result": [0.4300150909999999], "stats": [{"ci_99": [0.36596406700000006, 0.5836108700000002], "q_25": 0.3825168814999999, "q_75": 0.4889059659999998, "min": 0.36596406700000006, "max": 0.5836108700000002, "mean": 0.44332754119999995, "std": 0.0710591257123266, "repeat": 10, "number": 1}]}, "arrayset_sample_reads.HDF5_00.peakmem_read_float32_2000_samples": 56983552, "arrayset_sample_reads.HDF5_00.peakmem_read_uint16_2000_samples": 55156736, "arrayset_sample_reads.HDF5_00.time_read_float32_2000_samples": {"result": [5.9419713729999994], "stats": [{"ci_99": [-Infinity, Infinity], "q_25": 5.9419713729999994, "q_75": 5.9419713729999994, "min": 5.9419713729999994, "max": 5.9419713729999994, "mean": 5.9419713729999994, "std": 0.0, "repeat": 1, "number": 1}]}, "arrayset_sample_reads.HDF5_00.time_read_uint16_2000_samples": {"result": [4.569923101], "stats": [{"ci_99": [-Infinity, Infinity], "q_25": 4.569923101, "q_75": 4.569923101, "min": 4.569923101, "max": 4.569923101, "mean": 4.569923101, "std": 0.0, "repeat": 1, "number": 1}]}, "arrayset_sample_reads.NUMPY_10.peakmem_read_float32_2000_samples": 1554964480, "arrayset_sample_reads.NUMPY_10.peakmem_read_uint16_2000_samples": 803430400, "arrayset_sample_reads.NUMPY_10.time_read_float32_2000_samples": {"result": [1.7235970340000004], "stats": [{"ci_99": [-Infinity, Infinity], "q_25": 1.7235970340000004, "q_75": 1.7235970340000004, "min": 1.7235970340000004, "max": 1.7235970340000004, "mean": 1.7235970340000004, "std": 0.0, "repeat": 1, "number": 1}]}, "arrayset_sample_reads.NUMPY_10.time_read_uint16_2000_samples": {"result": [0.844340645], "stats": [{"ci_99": [-Infinity, Infinity], "q_25": 0.844340645, "q_75": 0.844340645, "min": 0.844340645, "max": 0.844340645, "mean": 0.844340645, "std": 0.0, "repeat": 1, "number": 1}]}, "arrayset_sample_writes.HDF5_00.time_add_float32_samples": {"result": [10.044239080999999], "stats": [{"ci_99": [-Infinity, Infinity], "q_25": 10.044239080999999, "q_75": 10.044239080999999, "min": 10.044239080999999, "max": 10.044239080999999, "mean": 10.044239080999999, "std": 0.0, "repeat": 1, "number": 1}], "params": [["2000"]]}, "arrayset_sample_writes.HDF5_00.time_add_uint16_samples": {"result": [6.475478205000001], "stats": [{"ci_99": [-Infinity, Infinity], "q_25": 6.475478205000001, "q_75": 6.475478205000001, "min": 6.475478205000001, "max": 6.475478205000001, "mean": 6.475478205000001, "std": 0.0, "repeat": 1, "number": 1}], "params": [["2000"]]}, "arrayset_sample_writes.HDF5_00.track_repo_size_float32_samples": {"result": [304347572], "params": [["2000"]]}, "arrayset_sample_writes.HDF5_00.track_repo_size_uint16_samples": {"result": [246349724], "params": [["2000"]]}, "arrayset_sample_writes.NUMPY_10.time_add_float32_samples": {"result": [5.801128161], "stats": [{"ci_99": [-Infinity, Infinity], "q_25": 5.801128161, "q_75": 5.801128161, "min": 5.801128161, "max": 5.801128161, "mean": 5.801128161, "std": 0.0, "repeat": 1, "number": 1}], "params": [["2000"]]}, "arrayset_sample_writes.NUMPY_10.time_add_uint16_samples": {"result": [2.415468055], "stats": [{"ci_99": [-Infinity, Infinity], "q_25": 2.415468055, "q_75": 2.415468055, "min": 2.415468055, "max": 2.415468055, "mean": 2.415468055, "std": 0.0, "repeat": 1, "number": 1}], "params": [["2000"]]}, "arrayset_sample_writes.NUMPY_10.track_repo_size_float32_samples": {"result": [1500980224], "params": [["2000"]]}, "arrayset_sample_writes.NUMPY_10.track_repo_size_uint16_samples": {"result": [750951552], "params": [["2000"]]}}, "params": {"arch": "x86_64", "cpu": "Intel(R) Core(TM) i7-7820HQ CPU @ 2.90GHz", "machine": "rli-MPP17", "num_cpu": "8", "os": "OS-X 10.14", "ram": "17179869184", "python": "3.7"}, "requirements": {}, "commit_hash": "03b872fee2596c3dfd5fbeea3407b9ca3774b784", "date": 1571198043000, "env_name": "virtualenv-py3.7", "python": "3.7", "profiles": {}, "started_at": {"package.TimeImport.time_import": 1572136568198, "arrayset_sample_reads.HDF5_00.peakmem_read_float32_2000_samples": 1572136423372, "arrayset_sample_reads.HDF5_00.peakmem_read_uint16_2000_samples": 1572136444561, "arrayset_sample_reads.HDF5_00.time_read_float32_2000_samples": 1572136448925, "arrayset_sample_reads.HDF5_00.time_read_uint16_2000_samples": 1572136461396, "arrayset_sample_reads.NUMPY_10.peakmem_read_float32_2000_samples": 1572136471100, "arrayset_sample_reads.NUMPY_10.peakmem_read_uint16_2000_samples": 1572136482530, "arrayset_sample_reads.NUMPY_10.time_read_float32_2000_samples": 1572136483967, "arrayset_sample_reads.NUMPY_10.time_read_uint16_2000_samples": 1572136488063, "arrayset_sample_writes.HDF5_00.time_add_float32_samples": 1572136490638, "arrayset_sample_writes.HDF5_00.time_add_uint16_samples": 1572136511046, "arrayset_sample_writes.HDF5_00.track_repo_size_float32_samples": 1572136523599, "arrayset_sample_writes.HDF5_00.track_repo_size_uint16_samples": 1572136534359, "arrayset_sample_writes.NUMPY_10.time_add_float32_samples": 1572136541994, "arrayset_sample_writes.NUMPY_10.time_add_uint16_samples": 1572136553965, "arrayset_sample_writes.NUMPY_10.track_repo_size_float32_samples": 1572136559579, "arrayset_sample_writes.NUMPY_10.track_repo_size_uint16_samples": 1572136565073}, "ended_at": {"package.TimeImport.time_import": 1572136571318, "arrayset_sample_reads.HDF5_00.peakmem_read_float32_2000_samples": 1572136444561, "arrayset_sample_reads.HDF5_00.peakmem_read_uint16_2000_samples": 1572136448925, "arrayset_sample_reads.HDF5_00.time_read_float32_2000_samples": 1572136461395, "arrayset_sample_reads.HDF5_00.time_read_uint16_2000_samples": 1572136471059, "arrayset_sample_reads.NUMPY_10.peakmem_read_float32_2000_samples": 1572136482530, "arrayset_sample_reads.NUMPY_10.peakmem_read_uint16_2000_samples": 1572136483967, "arrayset_sample_reads.NUMPY_10.time_read_float32_2000_samples": 1572136488063, "arrayset_sample_reads.NUMPY_10.time_read_uint16_2000_samples": 1572136490475, "arrayset_sample_writes.HDF5_00.time_add_float32_samples": 1572136511045, "arrayset_sample_writes.HDF5_00.time_add_uint16_samples": 1572136523598, "arrayset_sample_writes.HDF5_00.track_repo_size_float32_samples": 1572136534358, "arrayset_sample_writes.HDF5_00.track_repo_size_uint16_samples": 1572136541993, "arrayset_sample_writes.NUMPY_10.time_add_float32_samples": 1572136553965, "arrayset_sample_writes.NUMPY_10.time_add_uint16_samples": 1572136559578, "arrayset_sample_writes.NUMPY_10.track_repo_size_float32_samples": 1572136565072, "arrayset_sample_writes.NUMPY_10.track_repo_size_uint16_samples": 1572136568198}, "benchmark_version": {"package.TimeImport.time_import": "90bda1fe84972e4410749764c4df623d8858bfa92ada6507e859fc13cb08f894", "arrayset_sample_reads.HDF5_00.peakmem_read_float32_2000_samples": "a0fa1510bb68c02d0688014aae5453cf60012ba9d3c63c049d637cc6fdcbe335", "arrayset_sample_reads.HDF5_00.peakmem_read_uint16_2000_samples": "ddb3ccdfbe128018f936cc2f2e52ca7cfe0265f21982d094a4baadca08dd39eb", "arrayset_sample_reads.HDF5_00.time_read_float32_2000_samples": "315bbcf9cf0e629f8d079df27617dc8dede0765058d2518ca32f479592b5817e", "arrayset_sample_reads.HDF5_00.time_read_uint16_2000_samples": "383fb05383ea65e1850e44396618ac23b027d989d6ae305779f85fdc9aa96988", "arrayset_sample_reads.NUMPY_10.peakmem_read_float32_2000_samples": "65bbfe2a3823c903fcec365a0d31420ce0241dfd1cb1732b333f2e9d6c07cb59", "arrayset_sample_reads.NUMPY_10.peakmem_read_uint16_2000_samples": "cf2482b0c27e1ccd3d194111a0827947a7af23b26e2bc3bc6bfdb7fffc38f7e4", "arrayset_sample_reads.NUMPY_10.time_read_float32_2000_samples": "9ee6dd06ce20dd3335a16a89f961e9692435786920920858bb2aa2f88028e435", "arrayset_sample_reads.NUMPY_10.time_read_uint16_2000_samples": "c9648fc6d54eb7d4fe8d0f40ff8019ae46b1ae7493d2ed7dc5477b577c975833", "arrayset_sample_writes.HDF5_00.time_add_float32_samples": "0129867de160f18e3f32817c805f819b0262cf26de791ce65132b571c5637910",