{"results": {"package.TimeImport.time_import": {"result": [0.37625973450000005], "stats": [{"ci_99": [0.3721658189999999, 0.410075285], "q_25": 0.3745380604999998, "q_75": 0.377038668, "min": 0.3721658189999999, "max": 0.410075285, "mean": 0.3793977446, "std": 0.010473039207907675, "repeat": 10, "number": 1}]}, "arrayset_sample_reads.HDF5_00.peakmem_read_float32_2000_samples": 56934400, "arrayset_sample_reads.HDF5_00.peakmem_read_uint16_2000_samples": 55205888, "arrayset_sample_reads.HDF5_00.time_read_float32_2000_samples": {"result": [2.802560172], "stats": [{"ci_99": [-Infinity, Infinity], "q_25": 2.802560172, "q_75": 2.802560172, "min": 2.802560172, "max": 2.802560172, "mean": 2.802560172, "std": 0.0, "repeat": 1, "number": 1}]}, "arrayset_sample_reads.HDF5_00.time_read_uint16_2000_samples": {"result": [2.089846849], "stats": [{"ci_99": [-Infinity, Infinity], "q_25": 2.089846849, "q_75": 2.089846849, "min": 2.089846849, "max": 2.089846849, "mean": 2.089846849, "std": 0.0, "repeat": 1, "number": 1}]}, "arrayset_sample_reads.NUMPY_10.peakmem_read_float32_2000_samples": 1554989056, "arrayset_sample_reads.NUMPY_10.peakmem_read_uint16_2000_samples": 803602432, "arrayset_sample_reads.NUMPY_10.time_read_float32_2000_samples": {"result": [1.3793053860000002], "stats": [{"ci_99": [-Infinity, Infinity], "q_25": 1.3793053860000002, "q_75": 1.3793053860000002, "min": 1.3793053860000002, "max": 1.3793053860000002, "mean": 1.3793053860000002, "std": 0.0, "repeat": 1, "number": 1}]}, "arrayset_sample_reads.NUMPY_10.time_read_uint16_2000_samples": {"result": [0.688432368], "stats": [{"ci_99": [-Infinity, Infinity], "q_25": 0.688432368, "q_75": 0.688432368, "min": 0.688432368, "max": 0.688432368, "mean": 0.688432368, "std": 0.0, "repeat": 1, "number": 1}]}, "arrayset_sample_writes.HDF5_00.time_add_float32_samples": {"result": [6.690442011000001], "stats": [{"ci_99": [-Infinity, Infinity], "q_25": 6.690442011000001, "q_75": 6.690442011000001, "min": 6.690442011000001, "max": 6.690442011000001, "mean": 6.690442011000001, "std": 0.0, "repeat": 1, "number": 1}], "params": [["2000"]]}, "arrayset_sample_writes.HDF5_00.time_add_uint16_samples": {"result": [3.617088365], "stats": [{"ci_99": [-Infinity, Infinity], "q_25": 3.617088365, "q_75": 3.617088365, "min": 3.617088365, "max": 3.617088365, "mean": 3.617088365, "std": 0.0, "repeat": 1, "number": 1}], "params": [["2000"]]}, "arrayset_sample_writes.HDF5_00.track_repo_size_float32_samples": {"result": [398478533], "params": [["2000"]]}, "arrayset_sample_writes.HDF5_00.track_repo_size_uint16_samples": {"result": [517363748], "params": [["2000"]]}, "arrayset_sample_writes.NUMPY_10.time_add_float32_samples": {"result": [4.631822378000001], "stats": [{"ci_99": [-Infinity, Infinity], "q_25": 4.631822378000001, "q_75": 4.631822378000001, "min": 4.631822378000001, "max": 4.631822378000001, "mean": 4.631822378000001, "std": 0.0, "repeat": 1, "number": 1}], "params": [["2000"]]}, "arrayset_sample_writes.NUMPY_10.time_add_uint16_samples": {"result": [2.3922522140000004], "stats": [{"ci_99": [-Infinity, Infinity], "q_25": 2.3922522140000004, "q_75": 2.3922522140000004, "min": 2.3922522140000004, "max": 2.3922522140000004, "mean": 2.3922522140000004, "std": 0.0, "repeat": 1, "number": 1}], "params": [["2000"]]}, "arrayset_sample_writes.NUMPY_10.track_repo_size_float32_samples": {"result": [1500980226], "params": [["2000"]]}, "arrayset_sample_writes.NUMPY_10.track_repo_size_uint16_samples": {"result": [750955650], "params": [["2000"]]}}, "params": {"arch": "x86_64", "cpu": "Intel(R) Core(TM) i7-7820HQ CPU @ 2.90GHz", "machine": "rli-MPP17", "num_cpu": "8", "os": "OS-X 10.14", "ram": "17179869184", "python": "3.7"}, "requirements": {}, "commit_hash": "14d9d50e07e4a445a28311cb8bbd7cf303ce0fd5", "date": 1571662207000, "env_name": "virtualenv-py3.7", "python": "3.7", "profiles": {}, "started_at": {"package.TimeImport.time_import": 1572136271134, "arrayset_sample_reads.HDF5_00.peakmem_read_float32_2000_samples": 1572136170219, "arrayset_sample_reads.HDF5_00.peakmem_read_uint16_2000_samples": 1572136184211, "arrayset_sample_reads.HDF5_00.time_read_float32_2000_samples": 1572136186785, "arrayset_sample_reads.HDF5_00.time_read_uint16_2000_samples": 1572136192875, "arrayset_sample_reads.NUMPY_10.peakmem_read_float32_2000_samples": 1572136197669, "arrayset_sample_reads.NUMPY_10.peakmem_read_uint16_2000_samples": 1572136207479, "arrayset_sample_reads.NUMPY_10.time_read_float32_2000_samples": 1572136208672, "arrayset_sample_reads.NUMPY_10.time_read_uint16_2000_samples": 1572136212065, "arrayset_sample_writes.HDF5_00.time_add_float32_samples": 1572136214188, "arrayset_sample_writes.HDF5_00.time_add_uint16_samples": 1572136228039, "arrayset_sample_writes.HDF5_00.track_repo_size_float32_samples": 1572136235810, "arrayset_sample_writes.HDF5_00.track_repo_size_uint16_samples": 1572136242900, "arrayset_sample_writes.NUMPY_10.time_add_float32_samples": 1572136246956, "arrayset_sample_writes.NUMPY_10.time_add_uint16_samples": 1572136257234, "arrayset_sample_writes.NUMPY_10.track_repo_size_float32_samples": 1572136262792, "arrayset_sample_writes.NUMPY_10.track_repo_size_uint16_samples": 1572136268180}, "ended_at": {"package.TimeImport.time_import": 1572136273489, "arrayset_sample_reads.HDF5_00.peakmem_read_float32_2000_samples": 1572136184211, "arrayset_sample_reads.HDF5_00.peakmem_read_uint16_2000_samples": 1572136186785, "arrayset_sample_reads.HDF5_00.time_read_float32_2000_samples": 1572136192874, "arrayset_sample_reads.HDF5_00.time_read_uint16_2000_samples": 1572136197604, "arrayset_sample_reads.NUMPY_10.peakmem_read_float32_2000_samples": 1572136207478, "arrayset_sample_reads.NUMPY_10.peakmem_read_uint16_2000_samples": 1572136208671, "arrayset_sample_reads.NUMPY_10.time_read_float32_2000_samples": 1572136212065, "arrayset_sample_reads.NUMPY_10.time_read_uint16_2000_samples": 1572136214037, "arrayset_sample_writes.HDF5_00.time_add_float32_samples": 1572136228038, "arrayset_sample_writes.HDF5_00.time_add_uint16_samples": 1572136235809, "arrayset_sample_writes.HDF5_00.track_repo_size_float32_samples": 1572136242899, "arrayset_sample_writes.HDF5_00.track_repo_size_uint16_samples": 1572136246956, "arrayset_sample_writes.NUMPY_10.time_add_float32_samples": 1572136257233, "arrayset_sample_writes.NUMPY_10.time_add_uint16_samples": 1572136262791, "arrayset_sample_writes.NUMPY_10.track_repo_size_float32_samples": 1572136268179, "arrayset_sample_writes.NUMPY_10.track_repo_size_uint16_samples": 1572136271133}, "benchmark_version": {"package.TimeImport.time_import": "90bda1fe84972e4410749764c4df623d8858bfa92ada6507e859fc13cb08f894", "arrayset_sample_reads.HDF5_00.peakmem_read_float32_2000_samples": "a0fa1510bb68c02d0688014aae5453cf60012ba9d3c63c049d637cc6fdcbe335", "arrayset_sample_reads.HDF5_00.peakmem_read_uint16_2000_samples": "ddb3ccdfbe128018f936cc2f2e52ca7cfe0265f21982d094a4baadca08dd39eb", "arrayset_sample_reads.HDF5_00.time_read_float32_2000_samples": "315bbcf9cf0e629f8d079df27617dc8dede0765058d2518ca32f479592b5817e", "arrayset_sample_reads.HDF5_00.time_read_uint16_2000_samples": "383fb05383ea65e1850e44396618ac23b027d989d6ae305779f85fdc9aa96988", "arrayset_sample_reads.NUMPY_10.peakmem_read_float32_2000_samples": "65bbfe2a3823c903fcec365a0d31420ce0241dfd1cb1732b333f2e9d6c07cb59", "arrayset_sample_reads.NUMPY_10.peakmem_read_uint16_2000_samples": "cf2482b0c27e1ccd3d194111a0827947a7af23b26e2bc3bc6bfdb7fffc38f7e4", "arrayset_sample_reads.NUMPY_10.time_read_float32_2000_samples": "9ee6dd06ce20dd3335a16a89f961e9692435786920920858bb2aa2f88028e435", "arrayset_sample_reads.NUMPY_10.time_read_uint16_2000_samples": "c9648fc6d54eb7d4fe8d0f40ff8019ae46b1ae7493d2ed7dc5477b577c975833", "arrayset_sample_writes.HDF5_00.time_add_float32_samples": "0129867de160f18e3f32817c805f819b0262cf26de791ce65132b571c5637910",