{"results": {"package.TimeImport.time_import": {"result": [0.42853843600000013], "stats": [{"ci_99": [0.383739565, 0.5702462580000001], "q_25": 0.38627248049999996, "q_75": 0.45592698474999993, "min": 0.383739565, "max": 0.5702462580000001, "mean": 0.44172945210000003, "std": 0.06320926344489282, "repeat": 10, "number": 1}]}, "arrayset_sample_reads.HDF5_00.peakmem_read_float32_2000_samples": 57339904, "arrayset_sample_reads.HDF5_00.peakmem_read_uint16_2000_samples": 55504896, "arrayset_sample_reads.HDF5_00.time_read_float32_2000_samples": {"result": [6.370789054000001], "stats": [{"ci_99": [-Infinity, Infinity], "q_25": 6.370789054000001, "q_75": 6.370789054000001, "min": 6.370789054000001, "max": 6.370789054000001, "mean": 6.370789054000001, "std": 0.0, "repeat": 1, "number": 1}]}, "arrayset_sample_reads.HDF5_00.time_read_uint16_2000_samples": {"result": [4.744676264000001], "stats": [{"ci_99": [-Infinity, Infinity], "q_25": 4.744676264000001, "q_75": 4.744676264000001, "min": 4.744676264000001, "max": 4.744676264000001, "mean": 4.744676264000001, "std": 0.0, "repeat": 1, "number": 1}]}, "arrayset_sample_reads.NUMPY_10.peakmem_read_float32_2000_samples": 1555279872, "arrayset_sample_reads.NUMPY_10.peakmem_read_uint16_2000_samples": 804155392, "arrayset_sample_reads.NUMPY_10.time_read_float32_2000_samples": {"result": [1.553350488], "stats": [{"ci_99": [-Infinity, Infinity], "q_25": 1.553350488, "q_75": 1.553350488, "min": 1.553350488, "max": 1.553350488, "mean": 1.553350488, "std": 0.0, "repeat": 1, "number": 1}]}, "arrayset_sample_reads.NUMPY_10.time_read_uint16_2000_samples": {"result": [0.8105049240000002], "stats": [{"ci_99": [-Infinity, Infinity], "q_25": 0.8105049240000002, "q_75": 0.8105049240000002, "min": 0.8105049240000002, "max": 0.8105049240000002, "mean": 0.8105049240000002, "std": 0.0, "repeat": 1, "number": 1}]}, "arrayset_sample_writes.HDF5_00.time_add_float32_samples": {"result": [10.703639067], "stats": [{"ci_99": [-Infinity, Infinity], "q_25": 10.703639067, "q_75": 10.703639067, "min": 10.703639067, "max": 10.703639067, "mean": 10.703639067, "std": 0.0, "repeat": 1, "number": 1}], "params": [["2000"]]}, "arrayset_sample_writes.HDF5_00.time_add_uint16_samples": {"result": [7.001858622], "stats": [{"ci_99": [-Infinity, Infinity], "q_25": 7.001858622, "q_75": 7.001858622, "min": 7.001858622, "max": 7.001858622, "mean": 7.001858622, "std": 0.0, "repeat": 1, "number": 1}], "params": [["2000"]]}, "arrayset_sample_writes.HDF5_00.track_repo_size_float32_samples": {"result": [304347562], "params": [["2000"]]}, "arrayset_sample_writes.HDF5_00.track_repo_size_uint16_samples": {"result": [246349714], "params": [["2000"]]}, "arrayset_sample_writes.NUMPY_10.time_add_float32_samples": {"result": [5.104514828000001], "stats": [{"ci_99": [-Infinity, Infinity], "q_25": 5.104514828000001, "q_75": 5.104514828000001, "min": 5.104514828000001, "max": 5.104514828000001, "mean": 5.104514828000001, "std": 0.0, "repeat": 1, "number": 1}], "params": [["2000"]]}, "arrayset_sample_writes.NUMPY_10.time_add_uint16_samples": {"result": [2.4892875090000004], "stats": [{"ci_99": [-Infinity, Infinity], "q_25": 2.4892875090000004, "q_75": 2.4892875090000004, "min": 2.4892875090000004, "max": 2.4892875090000004, "mean": 2.4892875090000004, "std": 0.0, "repeat": 1, "number": 1}], "params": [["2000"]]}, "arrayset_sample_writes.NUMPY_10.track_repo_size_float32_samples": {"result": [1500980214], "params": [["2000"]]}, "arrayset_sample_writes.NUMPY_10.track_repo_size_uint16_samples": {"result": [750951542], "params": [["2000"]]}}, "params": {"arch": "x86_64", "cpu": "Intel(R) Core(TM) i7-7820HQ CPU @ 2.90GHz", "machine": "rli-MPP17", "num_cpu": "8", "os": "OS-X 10.14", "ram": "17179869184", "python": "3.7"}, "requirements": {}, "commit_hash": "1b84c87629f44bc9afb8613921ba5e700f436fae", "date": 1570029459000, "env_name": "virtualenv-py3.7", "python": "3.7", "profiles": {}, "started_at": {"package.TimeImport.time_import": 1572137039394, "arrayset_sample_reads.HDF5_00.peakmem_read_float32_2000_samples": 1572136891535, "arrayset_sample_reads.HDF5_00.peakmem_read_uint16_2000_samples": 1572136913976, "arrayset_sample_reads.HDF5_00.time_read_float32_2000_samples": 1572136918650, "arrayset_sample_reads.HDF5_00.time_read_uint16_2000_samples": 1572136932453, "arrayset_sample_reads.NUMPY_10.peakmem_read_float32_2000_samples": 1572136941961, "arrayset_sample_reads.NUMPY_10.peakmem_read_uint16_2000_samples": 1572136952817, "arrayset_sample_reads.NUMPY_10.time_read_float32_2000_samples": 1572136954167, "arrayset_sample_reads.NUMPY_10.time_read_uint16_2000_samples": 1572136958036, "arrayset_sample_writes.HDF5_00.time_add_float32_samples": 1572136960499, "arrayset_sample_writes.HDF5_00.time_add_uint16_samples": 1572136982594, "arrayset_sample_writes.HDF5_00.track_repo_size_float32_samples": 1572136996128, "arrayset_sample_writes.HDF5_00.track_repo_size_uint16_samples": 1572137006961, "arrayset_sample_writes.NUMPY_10.time_add_float32_samples": 1572137013546, "arrayset_sample_writes.NUMPY_10.time_add_uint16_samples": 1572137024596, "arrayset_sample_writes.NUMPY_10.track_repo_size_float32_samples": 1572137030459, "arrayset_sample_writes.NUMPY_10.track_repo_size_uint16_samples": 1572137036033}, "ended_at": {"package.TimeImport.time_import": 1572137042424, "arrayset_sample_reads.HDF5_00.peakmem_read_float32_2000_samples": 1572136913975, "arrayset_sample_reads.HDF5_00.peakmem_read_uint16_2000_samples": 1572136918650, "arrayset_sample_reads.HDF5_00.time_read_float32_2000_samples": 1572136932453, "arrayset_sample_reads.HDF5_00.time_read_uint16_2000_samples": 1572136941917, "arrayset_sample_reads.NUMPY_10.peakmem_read_float32_2000_samples": 1572136952817, "arrayset_sample_reads.NUMPY_10.peakmem_read_uint16_2000_samples": 1572136954166, "arrayset_sample_reads.NUMPY_10.time_read_float32_2000_samples": 1572136958035, "arrayset_sample_reads.NUMPY_10.time_read_uint16_2000_samples": 1572136960329, "arrayset_sample_writes.HDF5_00.time_add_float32_samples": 1572136982594, "arrayset_sample_writes.HDF5_00.time_add_uint16_samples": 1572136996127, "arrayset_sample_writes.HDF5_00.track_repo_size_float32_samples": 1572137006960, "arrayset_sample_writes.HDF5_00.track_repo_size_uint16_samples": 1572137013545, "arrayset_sample_writes.NUMPY_10.time_add_float32_samples": 1572137024596, "arrayset_sample_writes.NUMPY_10.time_add_uint16_samples": 1572137030458, "arrayset_sample_writes.NUMPY_10.track_repo_size_float32_samples": 1572137036032, "arrayset_sample_writes.NUMPY_10.track_repo_size_uint16_samples": 1572137039393}, "benchmark_version": {"package.TimeImport.time_import": "90bda1fe84972e4410749764c4df623d8858bfa92ada6507e859fc13cb08f894", "arrayset_sample_reads.HDF5_00.peakmem_read_float32_2000_samples": "a0fa1510bb68c02d0688014aae5453cf60012ba9d3c63c049d637cc6fdcbe335", "arrayset_sample_reads.HDF5_00.peakmem_read_uint16_2000_samples": "ddb3ccdfbe128018f936cc2f2e52ca7cfe0265f21982d094a4baadca08dd39eb", "arrayset_sample_reads.HDF5_00.time_read_float32_2000_samples": "315bbcf9cf0e629f8d079df27617dc8dede0765058d2518ca32f479592b5817e", "arrayset_sample_reads.HDF5_00.time_read_uint16_2000_samples": "383fb05383ea65e1850e44396618ac23b027d989d6ae305779f85fdc9aa96988", "arrayset_sample_reads.NUMPY_10.peakmem_read_float32_2000_samples": "65bbfe2a3823c903fcec365a0d31420ce0241dfd1cb1732b333f2e9d6c07cb59", "arrayset_sample_reads.NUMPY_10.peakmem_read_uint16_2000_samples": "cf2482b0c27e1ccd3d194111a0827947a7af23b26e2bc3bc6bfdb7fffc38f7e4", "arrayset_sample_reads.NUMPY_10.time_read_float32_2000_samples": "9ee6dd06ce20dd3335a16a89f961e9692435786920920858bb2aa2f88028e435", "arrayset_sample_reads.NUMPY_10.time_read_uint16_2000_samples": "c9648fc6d54eb7d4fe8d0f40ff8019ae46b1ae7493d2ed7dc5477b577c975833", "arrayset_sample_writes.HDF5_00.time_add_float32_samples": "0129867de160f18e3f32817c805f819b0262cf26de791ce65132b571c5637910",