{"results": {"package.TimeImport.time_import": {"result": [0.3779918529999999], "stats": [{"ci_99": [0.37358429400000004, 0.4047643369999998], "q_25": 0.37551890825, "q_75": 0.3824494142500001, "min": 0.37358429400000004, "max": 0.4047643369999998, "mean": 0.38114929849999996, "std": 0.008849982878835315, "repeat": 10, "number": 1}]}, "arrayset_sample_reads.HDF5_00.peakmem_read_float32_20000_samples": 82776064, "arrayset_sample_reads.HDF5_00.peakmem_read_uint16_20000_samples": 83202048, "arrayset_sample_reads.HDF5_00.time_read_float32_20000_samples": {"result": [5.8586654419999995], "stats": [{"ci_99": [-Infinity, Infinity], "q_25": 5.8586654419999995, "q_75": 5.8586654419999995, "min": 5.8586654419999995, "max": 5.8586654419999995, "mean": 5.8586654419999995, "std": 0.0, "repeat": 1, "number": 1}]}, "arrayset_sample_reads.HDF5_00.time_read_uint16_20000_samples": {"result": [4.867746227999999], "stats": [{"ci_99": [-Infinity, Infinity], "q_25": 4.867746227999999, "q_75": 4.867746227999999, "min": 4.867746227999999, "max": 4.867746227999999, "mean": 4.867746227999999, "std": 0.0, "repeat": 1, "number": 1}]}, "arrayset_sample_reads.NUMPY_10.peakmem_read_float32_20000_samples": 878616576, "arrayset_sample_reads.NUMPY_10.peakmem_read_uint16_20000_samples": 478851072, "arrayset_sample_reads.NUMPY_10.time_read_float32_20000_samples": {"result": [0.6287137389999999], "stats": [{"ci_99": [-Infinity, Infinity], "q_25": 0.6287137389999999, "q_75": 0.6287137389999999, "min": 0.6287137389999999, "max": 0.6287137389999999, "mean": 0.6287137389999999, "std": 0.0, "repeat": 1, "number": 1}]}, "arrayset_sample_reads.NUMPY_10.time_read_uint16_20000_samples": {"result": [0.39859365199999996], "stats": [{"ci_99": [-Infinity, Infinity], "q_25": 0.39859365199999996, "q_75": 0.39859365199999996, "min": 0.39859365199999996, "max": 0.39859365199999996, "mean": 0.39859365199999996, "std": 0.0, "repeat": 1, "number": 1}]}, "arrayset_sample_writes.HDF5_00.time_add_float32_samples": {"result": [10.890190308], "stats": [{"ci_99": [-Infinity, Infinity], "q_25": 10.890190308, "q_75": 10.890190308, "min": 10.890190308, "max": 10.890190308, "mean": 10.890190308, "std": 0.0, "repeat": 1, "number": 1}], "params": [["2000"]]}, "arrayset_sample_writes.HDF5_00.time_add_uint16_samples": {"result": [6.187458040000001], "stats": [{"ci_99": [-Infinity, Infinity], "q_25": 6.187458040000001, "q_75": 6.187458040000001, "min": 6.187458040000001, "max": 6.187458040000001, "mean": 6.187458040000001, "std": 0.0, "repeat": 1, "number": 1}], "params": [["2000"]]}, "arrayset_sample_writes.HDF5_00.track_repo_size_float32_samples": {"result": [164644426], "params": [["2000"]]}, "arrayset_sample_writes.HDF5_00.track_repo_size_uint16_samples": {"result": [110578895], "params": [["2000"]]}, "arrayset_sample_writes.NUMPY_10.time_add_float32_samples": {"result": [4.1674302579999996], "stats": [{"ci_99": [-Infinity, Infinity], "q_25": 4.1674302579999996, "q_75": 4.1674302579999996, "min": 4.1674302579999996, "max": 4.1674302579999996, "mean": 4.1674302579999996, "std": 0.0, "repeat": 1, "number": 1}], "params": [["2000"]]}, "arrayset_sample_writes.NUMPY_10.time_add_uint16_samples": {"result": [2.1351879630000004], "stats": [{"ci_99": [-Infinity, Infinity], "q_25": 2.1351879630000004, "q_75": 2.1351879630000004, "min": 2.1351879630000004, "max": 2.1351879630000004, "mean": 2.1351879630000004, "std": 0.0, "repeat": 1, "number": 1}], "params": [["2000"]]}, "arrayset_sample_writes.NUMPY_10.track_repo_size_float32_samples": {"result": [1501008898], "params": [["2000"]]}, "arrayset_sample_writes.NUMPY_10.track_repo_size_uint16_samples": {"result": [750963842], "params": [["2000"]]}, "arrayset_sample_reads.HDF5_00.peakmem_read_float32_2000_samples": 57843712, "arrayset_sample_reads.HDF5_00.peakmem_read_uint16_2000_samples": 55836672, "arrayset_sample_reads.HDF5_00.time_read_float32_2000_samples": {"result": [2.096802511], "stats": [{"ci_99": [-Infinity, Infinity], "q_25": 2.096802511, "q_75": 2.096802511, "min": 2.096802511, "max": 2.096802511, "mean": 2.096802511, "std": 0.0, "repeat": 1, "number": 1}]}, "arrayset_sample_reads.HDF5_00.time_read_uint16_2000_samples": {"result": [1.567182341], "stats": [{"ci_99": [-Infinity, Infinity], "q_25": 1.567182341, "q_75": 1.567182341, "min": 1.567182341, "max": 1.567182341, "mean": 1.567182341, "std": 0.0, "repeat": 1, "number": 1}]}, "arrayset_sample_reads.NUMPY_10.peakmem_read_float32_2000_samples": 1555148800, "arrayset_sample_reads.NUMPY_10.peakmem_read_uint16_2000_samples": 802471936, "arrayset_sample_reads.NUMPY_10.time_read_float32_2000_samples": {"result": [0.9388665469999999], "stats": [{"ci_99": [-Infinity, Infinity], "q_25": 0.9388665469999999, "q_75": 0.9388665469999999, "min": 0.9388665469999999, "max": 0.9388665469999999, "mean": 0.9388665469999999, "std": 0.0, "repeat": 1, "number": 1}]}, "arrayset_sample_reads.NUMPY_10.time_read_uint16_2000_samples": {"result": [0.46144979500000005], "stats": [{"ci_99": [-Infinity, Infinity], "q_25": 0.46144979500000005, "q_75": 0.46144979500000005, "min": 0.46144979500000005, "max": 0.46144979500000005, "mean": 0.46144979500000005, "std": 0.0, "repeat": 1, "number": 1}]}}, "params": {"arch": "x86_64", "cpu": "Intel(R) Core(TM) i7-7820HQ CPU @ 2.90GHz", "machine": "rli-MPP17", "num_cpu": "8", "os": "OS-X 10.14", "ram": "17179869184", "python": "3.7"}, "requirements": {}, "commit_hash": "209fdef67923649a7f6233ffc600b98adfe96eb1", "date": 1571692878000, "env_name": "virtualenv-py3.7", "python": "3.7", "profiles": {}, "started_at": {"package.TimeImport.time_import": 1572134787268, "arrayset_sample_reads.HDF5_00.peakmem_read_float32_20000_samples": 1572133491468, "arrayset_sample_reads.HDF5_00.peakmem_read_uint16_20000_samples": 1572133520268, "arrayset_sample_reads.HDF5_00.time_read_float32_20000_samples": 1572133526045, "arrayset_sample_reads.HDF5_00.time_read_uint16_20000_samples": 1572133539108, "arrayset_sample_reads.NUMPY_10.peakmem_read_float32_20000_samples": 1572133550222, "arrayset_sample_reads.NUMPY_10.peakmem_read_uint16_20000_samples": 1572133557872, "arrayset_sample_reads.NUMPY_10.time_read_float32_20000_samples": 1572133559199, "arrayset_sample_reads.NUMPY_10.time_read_uint16_20000_samples": 1572133561831, "arrayset_sample_writes.HDF5_00.time_add_float32_samples": 1572134712130, "arrayset_sample_writes.HDF5_00.time_add_uint16_samples": 1572134734293, "arrayset_sample_writes.HDF5_00.track_repo_size_float32_samples": 1572134747193, "arrayset_sample_writes.HDF5_00.track_repo_size_uint16_samples": 1572134758487, "arrayset_sample_writes.NUMPY_10.time_add_float32_samples": 1572134765258, "arrayset_sample_writes.NUMPY_10.time_add_uint16_samples": 1572134774621, "arrayset_sample_writes.NUMPY_10.track_repo_size_float32_samples": 1572134779585, "arrayset_sample_writes.NUMPY_10.track_repo_size_uint16_samples": 1572134784514, "arrayset_sample_reads.HDF5_00.peakmem_read_float32_2000_samples": 1572134667800, "arrayset_sample_reads.HDF5_00.peakmem_read_uint16_2000_samples": 1572134688020, "arrayset_sample_reads.HDF5_00.time_read_float32_2000_samples": 1572134690028, "arrayset_sample_reads.HDF5_00.time_read_uint16_2000_samples": 1572134694783, "arrayset_sample_reads.NUMPY_10.peakmem_read_float32_2000_samples": 1572134698484, "arrayset_sample_reads.NUMPY_10.peakmem_read_uint16_2000_samples": 1572134707092, "arrayset_sample_reads.NUMPY_10.time_read_float32_2000_samples": 1572134708048, "arrayset_sample_reads.NUMPY_10.time_read_uint16_2000_samples": 1572134710479}, "ended_at": {"package.TimeImport.time_import": 1572134789658, "arrayset_sample_reads.HDF5_00.peakmem_read_float32_20000_samples": 1572133520268, "arrayset_sample_reads.HDF5_00.peakmem_read_uint16_20000_samples": 1572133526044, "arrayset_sample_reads.HDF5_00.time_read_float32_20000_samples": 1572133539108,