{"results": {"package.TimeImport.time_import": {"result": [0.37256591699999997], "stats": [{"ci_99": [0.3567974569999999, 0.3901281940000001], "q_25": 0.36848714775, "q_75": 0.38131485025000006, "min": 0.3567974569999999, "max": 0.3901281940000001, "mean": 0.37403987699999997, "std": 0.0100102263107924, "repeat": 10, "number": 1}]}, "arrayset_sample_reads.HDF5_00.peakmem_read_float32_20000_samples": 82599936, "arrayset_sample_reads.HDF5_00.peakmem_read_uint16_20000_samples": 83218432, "arrayset_sample_reads.HDF5_00.time_read_float32_20000_samples": {"result": [5.809180402000001], "stats": [{"ci_99": [-Infinity, Infinity], "q_25": 5.809180402000001, "q_75": 5.809180402000001, "min": 5.809180402000001, "max": 5.809180402000001, "mean": 5.809180402000001, "std": 0.0, "repeat": 1, "number": 1}]}, "arrayset_sample_reads.HDF5_00.time_read_uint16_20000_samples": {"result": [4.887831551], "stats": [{"ci_99": [-Infinity, Infinity], "q_25": 4.887831551, "q_75": 4.887831551, "min": 4.887831551, "max": 4.887831551, "mean": 4.887831551, "std": 0.0, "repeat": 1, "number": 1}]}, "arrayset_sample_reads.NUMPY_10.peakmem_read_float32_20000_samples": 878546944, "arrayset_sample_reads.NUMPY_10.peakmem_read_uint16_20000_samples": 478777344, "arrayset_sample_reads.NUMPY_10.time_read_float32_20000_samples": {"result": [0.657215067], "stats": [{"ci_99": [-Infinity, Infinity], "q_25": 0.657215067, "q_75": 0.657215067, "min": 0.657215067, "max": 0.657215067, "mean": 0.657215067, "std": 0.0, "repeat": 1, "number": 1}]}, "arrayset_sample_reads.NUMPY_10.time_read_uint16_20000_samples": {"result": [0.4091270920000001], "stats": [{"ci_99": [-Infinity, Infinity], "q_25": 0.4091270920000001, "q_75": 0.4091270920000001, "min": 0.4091270920000001, "max": 0.4091270920000001, "mean": 0.4091270920000001, "std": 0.0, "repeat": 1, "number": 1}]}, "arrayset_sample_writes.HDF5_00.time_add_float32_samples": {"result": [0.628828721, 11.85932028], "stats": [{"ci_99": [-Infinity, Infinity], "q_25": 0.628828721, "q_75": 0.628828721, "min": 0.628828721, "max": 0.628828721, "mean": 0.628828721, "std": 0.0, "repeat": 1, "number": 1}, {"ci_99": [-Infinity, Infinity], "q_25": 11.85932028, "q_75": 11.85932028, "min": 11.85932028, "max": 11.85932028, "mean": 11.85932028, "std": 0.0, "repeat": 1, "number": 1}], "params": [["1000", "20000"]]}, "arrayset_sample_writes.HDF5_00.time_add_uint16_samples": {"result": [0.492600737, 8.894837911], "stats": [{"ci_99": [-Infinity, Infinity], "q_25": 0.492600737, "q_75": 0.492600737, "min": 0.492600737, "max": 0.492600737, "mean": 0.492600737, "std": 0.0, "repeat": 1, "number": 1}, {"ci_99": [-Infinity, Infinity], "q_25": 8.894837911, "q_75": 8.894837911, "min": 8.894837911, "max": 8.894837911, "mean": 8.894837911, "std": 0.0, "repeat": 1, "number": 1}], "params": [["1000", "20000"]]}, "arrayset_sample_writes.HDF5_00.track_repo_size_float32_samples": {"result": [9793276, 161193801], "params": [["1000", "20000"]]}, "arrayset_sample_writes.HDF5_00.track_repo_size_uint16_samples": {"result": [7201787, 140915453], "params": [["1000", "20000"]]}, "arrayset_sample_writes.NUMPY_10.time_add_float32_samples": {"result": [0.173081298, 3.3211552980000003], "stats": [{"ci_99": [-Infinity, Infinity], "q_25": 0.173081298, "q_75": 0.173081298, "min": 0.173081298, "max": 0.173081298, "mean": 0.173081298, "std": 0.0, "repeat": 1, "number": 1}, {"ci_99": [-Infinity, Infinity], "q_25": 3.3211552980000003, "q_75": 3.3211552980000003, "min": 3.3211552980000003, "max": 3.3211552980000003, "mean": 3.3211552980000003, "std": 0.0, "repeat": 1, "number": 1}], "params": [["1000", "20000"]]}, "arrayset_sample_writes.NUMPY_10.time_add_uint16_samples": {"result": [0.11021281300000002, 2.10089427], "stats": [{"ci_99": [-Infinity, Infinity], "q_25": 0.11021281300000002, "q_75": 0.11021281300000002, "min": 0.11021281300000002, "max": 0.11021281300000002, "mean": 0.11021281300000002, "std": 0.0, "repeat": 1, "number": 1}, {"ci_99": [-Infinity, Infinity], "q_25": 2.10089427, "q_75": 2.10089427, "min": 2.10089427, "max": 2.10089427, "mean": 2.10089427, "std": 0.0, "repeat": 1, "number": 1}], "params": [["1000", "20000"]]}, "arrayset_sample_writes.NUMPY_10.track_repo_size_float32_samples": {"result": [40562306, 808744450], "params": [["1000", "20000"]]}, "arrayset_sample_writes.NUMPY_10.track_repo_size_uint16_samples": {"result": [20566402, 408719874], "params": [["1000", "20000"]]}}, "params": {"arch": "x86_64", "cpu": "Intel(R) Core(TM) i7-7820HQ CPU @ 2.90GHz", "machine": "rli-MPP17", "num_cpu": "8", "os": "OS-X 10.14", "ram": "17179869184", "python": "3.7"}, "requirements": {}, "commit_hash": "209fdef67923649a7f6233ffc600b98adfe96eb1", "date": 1571692878000, "env_name": "virtualenv-py3.7", "python": "3.7", "profiles": {}, "started_at": {"package.TimeImport.time_import": 1572090063281, "arrayset_sample_reads.HDF5_00.peakmem_read_float32_20000_samples": 1572089942060, "arrayset_sample_reads.HDF5_00.peakmem_read_uint16_20000_samples": 1572089970589, "arrayset_sample_reads.HDF5_00.time_read_float32_20000_samples": 1572089976320, "arrayset_sample_reads.HDF5_00.time_read_uint16_20000_samples": 1572089982981, "arrayset_sample_reads.NUMPY_10.peakmem_read_float32_20000_samples": 1572089988729, "arrayset_sample_reads.NUMPY_10.peakmem_read_uint16_20000_samples": 1572089996390, "arrayset_sample_reads.NUMPY_10.time_read_float32_20000_samples": 1572089997640, "arrayset_sample_reads.NUMPY_10.time_read_uint16_20000_samples": 1572089999157, "arrayset_sample_writes.HDF5_00.time_add_float32_samples": 1572090000498, "arrayset_sample_writes.HDF5_00.time_add_uint16_samples": 1572090013849, "arrayset_sample_writes.HDF5_00.track_repo_size_float32_samples": 1572090024096, "arrayset_sample_writes.HDF5_00.track_repo_size_uint16_samples": 1572090037707, "arrayset_sample_writes.NUMPY_10.time_add_float32_samples": 1572090048075, "arrayset_sample_writes.NUMPY_10.time_add_uint16_samples": 1572090052488, "arrayset_sample_writes.NUMPY_10.track_repo_size_float32_samples": 1572090055562, "arrayset_sample_writes.NUMPY_10.track_repo_size_uint16_samples": 1572090060126}, "ended_at": {"package.TimeImport.time_import": 1572090065652, "arrayset_sample_reads.HDF5_00.peakmem_read_float32_20000_samples": 1572089970588, "arrayset_sample_reads.HDF5_00.peakmem_read_uint16_20000_samples": 1572089976320, "arrayset_sample_reads.HDF5_00.time_read_float32_20000_samples": 1572089982981, "arrayset_sample_reads.HDF5_00.time_read_uint16_20000_samples": 1572089988707, "arrayset_sample_reads.NUMPY_10.peakmem_read_float32_20000_samples": 1572089996390, "arrayset_sample_reads.NUMPY_10.peakmem_read_uint16_20000_samples": 1572089997640, "arrayset_sample_reads.NUMPY_10.time_read_float32_20000_samples": 1572089999157, "arrayset_sample_reads.NUMPY_10.time_read_uint16_20000_samples": 1572090000411, "arrayset_sample_writes.HDF5_00.time_add_float32_samples": 1572090013848, "arrayset_sample_writes.HDF5_00.time_add_uint16_samples": 1572090024095, "arrayset_sample_writes.HDF5_00.track_repo_size_float32_samples": 1572090037706, "arrayset_sample_writes.HDF5_00.track_repo_size_uint16_samples": 1572090048074, "arrayset_sample_writes.NUMPY_10.time_add_float32_samples": 1572090052488, "arrayset_sample_writes.NUMPY_10.time_add_uint16_samples": 1572090055561, "arrayset_sample_writes.NUMPY_10.track_repo_size_float32_samples": 1572090060125, "arrayset_sample_writes.NUMPY_10.track_repo_size_uint16_samples": 1572090063280}, "benchmark_version": {"package.TimeImport.time_import": "90bda1fe84972e4410749764c4df623d8858bfa92ada6507e859fc13cb08f894", "arrayset_sample_reads.HDF5_00.peakmem_read_float32_20000_samples": "3ab057acc87273b47ae1eddd7196083eae9c0e01c676ab709c35bd34c8542b91", "arrayset_sample_reads.HDF5_00.peakmem_read_uint16_20000_samples": "d42882642becba5656277304071f0f0670da4373a564299038a77984a43e6749", "arrayset_sample_reads.HDF5_00.time_read_float32_20000_samples": "036f7d69dd3e15b4c8849f5904f68bdadadffc483f1a643b3c8a95421324772f",