{"results": {"package.TimeImport.time_import": {"result": [0.40164052100000003], "stats": [{"ci_99": [0.37907553799999993, 0.43272983500000006], "q_25": 0.38758242950000016, "q_75": 0.42023028000000007, "min": 0.37907553799999993, "max": 0.43272983500000006, "mean": 0.40464819700000004, "std": 0.018737255063890287, "repeat": 10, "number": 1}]}, "arrayset_sample_reads.HDF5_00.peakmem_read_float32_20000_samples": 80089088, "arrayset_sample_reads.HDF5_00.peakmem_read_uint16_20000_samples": 80773120, "arrayset_sample_reads.HDF5_00.time_read_float32_20000_samples": {"result": [7.382907809999999], "stats": [{"ci_99": [-Infinity, Infinity], "q_25": 7.382907809999999, "q_75": 7.382907809999999, "min": 7.382907809999999, "max": 7.382907809999999, "mean": 7.382907809999999, "std": 0.0, "repeat": 1, "number": 1}]}, "arrayset_sample_reads.HDF5_00.time_read_uint16_20000_samples": {"result": [5.996779614], "stats": [{"ci_99": [-Infinity, Infinity], "q_25": 5.996779614, "q_75": 5.996779614, "min": 5.996779614, "max": 5.996779614, "mean": 5.996779614, "std": 0.0, "repeat": 1, "number": 1}]}, "arrayset_sample_reads.NUMPY_10.peakmem_read_float32_20000_samples": 879861760, "arrayset_sample_reads.NUMPY_10.peakmem_read_uint16_20000_samples": 480079872, "arrayset_sample_reads.NUMPY_10.time_read_float32_20000_samples": {"result": [1.0293935650000001], "stats": [{"ci_99": [-Infinity, Infinity], "q_25": 1.0293935650000001, "q_75": 1.0293935650000001, "min": 1.0293935650000001, "max": 1.0293935650000001, "mean": 1.0293935650000001, "std": 0.0, "repeat": 1, "number": 1}]}, "arrayset_sample_reads.NUMPY_10.time_read_uint16_20000_samples": {"result": [0.5764598669999998], "stats": [{"ci_99": [-Infinity, Infinity], "q_25": 0.5764598669999998, "q_75": 0.5764598669999998, "min": 0.5764598669999998, "max": 0.5764598669999998, "mean": 0.5764598669999998, "std": 0.0, "repeat": 1, "number": 1}]}, "arrayset_sample_writes.HDF5_00.time_add_float32_samples": {"result": [0.589157781, 11.194976361], "stats": [{"ci_99": [-Infinity, Infinity], "q_25": 0.589157781, "q_75": 0.589157781, "min": 0.589157781, "max": 0.589157781, "mean": 0.589157781, "std": 0.0, "repeat": 1, "number": 1}, {"ci_99": [-Infinity, Infinity], "q_25": 11.194976361, "q_75": 11.194976361, "min": 11.194976361, "max": 11.194976361, "mean": 11.194976361, "std": 0.0, "repeat": 1, "number": 1}], "params": [["1000", "20000"]]}, "arrayset_sample_writes.HDF5_00.time_add_uint16_samples": {"result": [0.5122745259999999, 8.938793861999999], "stats": [{"ci_99": [-Infinity, Infinity], "q_25": 0.5122745259999999, "q_75": 0.5122745259999999, "min": 0.5122745259999999, "max": 0.5122745259999999, "mean": 0.5122745259999999, "std": 0.0, "repeat": 1, "number": 1}, {"ci_99": [-Infinity, Infinity], "q_25": 8.938793861999999, "q_75": 8.938793861999999, "min": 8.938793861999999, "max": 8.938793861999999, "mean": 8.938793861999999, "std": 0.0, "repeat": 1, "number": 1}], "params": [["1000", "20000"]]}, "arrayset_sample_writes.HDF5_00.track_repo_size_float32_samples": {"result": [11198036, 157798761], "params": [["1000", "20000"]]}, "arrayset_sample_writes.HDF5_00.track_repo_size_uint16_samples": {"result": [7437902, 145887260], "params": [["1000", "20000"]]}, "arrayset_sample_writes.NUMPY_10.time_add_float32_samples": {"result": [0.18676093899999996, 3.868334998], "stats": [{"ci_99": [-Infinity, Infinity], "q_25": 0.18676093899999996, "q_75": 0.18676093899999996, "min": 0.18676093899999996, "max": 0.18676093899999996, "mean": 0.18676093899999996, "std": 0.0, "repeat": 1, "number": 1}, {"ci_99": [-Infinity, Infinity], "q_25": 3.868334998, "q_75": 3.868334998, "min": 3.868334998, "max": 3.868334998, "mean": 3.868334998, "std": 0.0, "repeat": 1, "number": 1}], "params": [["1000", "20000"]]}, "arrayset_sample_writes.NUMPY_10.time_add_uint16_samples": {"result": [0.11775686600000002, 2.468539366], "stats": [{"ci_99": [-Infinity, Infinity], "q_25": 0.11775686600000002, "q_75": 0.11775686600000002, "min": 0.11775686600000002, "max": 0.11775686600000002, "mean": 0.11775686600000002, "std": 0.0, "repeat": 1, "number": 1}, {"ci_99": [-Infinity, Infinity], "q_25": 2.468539366, "q_75": 2.468539366, "min": 2.468539366, "max": 2.468539366, "mean": 2.468539366, "std": 0.0, "repeat": 1, "number": 1}], "params": [["1000", "20000"]]}, "arrayset_sample_writes.NUMPY_10.track_repo_size_float32_samples": {"result": [40562294, 808875510], "params": [["1000", "20000"]]}, "arrayset_sample_writes.NUMPY_10.track_repo_size_uint16_samples": {"result": [20570486, 408719862], "params": [["1000", "20000"]]}}, "params": {"arch": "x86_64", "cpu": "Intel(R) Core(TM) i7-7820HQ CPU @ 2.90GHz", "machine": "rli-MPP17", "num_cpu": "8", "os": "OS-X 10.14", "ram": "17179869184", "python": "3.7"}, "requirements": {}, "commit_hash": "3604f1bda699256468c1037ae4649b6d7aab3cf4", "date": 1566245193000, "env_name": "virtualenv-py3.7", "python": "3.7", "profiles": {}, "started_at": {"package.TimeImport.time_import": 1572091296123, "arrayset_sample_reads.HDF5_00.peakmem_read_float32_20000_samples": 1572091164741, "arrayset_sample_reads.HDF5_00.peakmem_read_uint16_20000_samples": 1572091194443, "arrayset_sample_reads.HDF5_00.time_read_float32_20000_samples": 1572091201845, "arrayset_sample_reads.HDF5_00.time_read_uint16_20000_samples": 1572091210352, "arrayset_sample_reads.NUMPY_10.peakmem_read_float32_20000_samples": 1572091217507, "arrayset_sample_reads.NUMPY_10.peakmem_read_uint16_20000_samples": 1572091226534, "arrayset_sample_reads.NUMPY_10.time_read_float32_20000_samples": 1572091228258, "arrayset_sample_reads.NUMPY_10.time_read_uint16_20000_samples": 1572091230449, "arrayset_sample_writes.HDF5_00.time_add_float32_samples": 1572091232287, "arrayset_sample_writes.HDF5_00.time_add_uint16_samples": 1572091244989, "arrayset_sample_writes.HDF5_00.track_repo_size_float32_samples": 1572091255357, "arrayset_sample_writes.HDF5_00.track_repo_size_uint16_samples": 1572091268107, "arrayset_sample_writes.NUMPY_10.time_add_float32_samples": 1572091278608, "arrayset_sample_writes.NUMPY_10.time_add_uint16_samples": 1572091283651, "arrayset_sample_writes.NUMPY_10.track_repo_size_float32_samples": 1572091287219, "arrayset_sample_writes.NUMPY_10.track_repo_size_uint16_samples": 1572091292429}, "ended_at": {"package.TimeImport.time_import": 1572091298595, "arrayset_sample_reads.HDF5_00.peakmem_read_float32_20000_samples": 1572091194442, "arrayset_sample_reads.HDF5_00.peakmem_read_uint16_20000_samples": 1572091201845, "arrayset_sample_reads.HDF5_00.time_read_float32_20000_samples": 1572091210351, "arrayset_sample_reads.HDF5_00.time_read_uint16_20000_samples": 1572091217484, "arrayset_sample_reads.NUMPY_10.peakmem_read_float32_20000_samples": 1572091226533, "arrayset_sample_reads.NUMPY_10.peakmem_read_uint16_20000_samples": 1572091228258, "arrayset_sample_reads.NUMPY_10.time_read_float32_20000_samples": 1572091230449, "arrayset_sample_reads.NUMPY_10.time_read_uint16_20000_samples": 1572091232207, "arrayset_sample_writes.HDF5_00.time_add_float32_samples": 1572091244988, "arrayset_sample_writes.HDF5_00.time_add_uint16_samples": 1572091255356, "arrayset_sample_writes.HDF5_00.track_repo_size_float32_samples": 1572091268107, "arrayset_sample_writes.HDF5_00.track_repo_size_uint16_samples": 1572091278608, "arrayset_sample_writes.NUMPY_10.time_add_float32_samples": 1572091283650, "arrayset_sample_writes.NUMPY_10.time_add_uint16_samples": 1572091287218, "arrayset_sample_writes.NUMPY_10.track_repo_size_float32_samples": 1572091292428, "arrayset_sample_writes.NUMPY_10.track_repo_size_uint16_samples": 1572091296123},