{"results": {"package.TimeImport.time_import": {"result": [0.39329698700000004], "stats": [{"ci_99": [0.37681809799999977, 0.429819101], "q_25": 0.3818515745000001, "q_75": 0.40236029475, "min": 0.37681809799999977, "max": 0.429819101, "mean": 0.3949004574, "std": 0.015463040312697693, "repeat": 10, "number": 1}]}, "arrayset_sample_reads.HDF5_00.peakmem_read_float32_2000_samples": 57925632, "arrayset_sample_reads.HDF5_00.peakmem_read_uint16_2000_samples": 55349248, "arrayset_sample_reads.HDF5_00.time_read_float32_2000_samples": {"result": [5.814988069999999], "stats": [{"ci_99": [-Infinity, Infinity], "q_25": 5.814988069999999, "q_75": 5.814988069999999, "min": 5.814988069999999, "max": 5.814988069999999, "mean": 5.814988069999999, "std": 0.0, "repeat": 1, "number": 1}]}, "arrayset_sample_reads.HDF5_00.time_read_uint16_2000_samples": {"result": [2.941787192], "stats": [{"ci_99": [-Infinity, Infinity], "q_25": 2.941787192, "q_75": 2.941787192, "min": 2.941787192, "max": 2.941787192, "mean": 2.941787192, "std": 0.0, "repeat": 1, "number": 1}]}, "arrayset_sample_reads.NUMPY_10.peakmem_read_float32_2000_samples": 1555795968, "arrayset_sample_reads.NUMPY_10.peakmem_read_uint16_2000_samples": 804339712, "arrayset_sample_reads.NUMPY_10.time_read_float32_2000_samples": {"result": [1.3901398029999998], "stats": [{"ci_99": [-Infinity, Infinity], "q_25": 1.3901398029999998, "q_75": 1.3901398029999998, "min": 1.3901398029999998, "max": 1.3901398029999998, "mean": 1.3901398029999998, "std": 0.0, "repeat": 1, "number": 1}]}, "arrayset_sample_reads.NUMPY_10.time_read_uint16_2000_samples": {"result": [0.7014692570000001], "stats": [{"ci_99": [-Infinity, Infinity], "q_25": 0.7014692570000001, "q_75": 0.7014692570000001, "min": 0.7014692570000001, "max": 0.7014692570000001, "mean": 0.7014692570000001, "std": 0.0, "repeat": 1, "number": 1}]}, "arrayset_sample_writes.HDF5_00.time_add_float32_samples": {"result": [8.696136317999999], "stats": [{"ci_99": [-Infinity, Infinity], "q_25": 8.696136317999999, "q_75": 8.696136317999999, "min": 8.696136317999999, "max": 8.696136317999999, "mean": 8.696136317999999, "std": 0.0, "repeat": 1, "number": 1}], "params": [["2000"]]}, "arrayset_sample_writes.HDF5_00.time_add_uint16_samples": {"result": [4.860763155999999], "stats": [{"ci_99": [-Infinity, Infinity], "q_25": 4.860763155999999, "q_75": 4.860763155999999, "min": 4.860763155999999, "max": 4.860763155999999, "mean": 4.860763155999999, "std": 0.0, "repeat": 1, "number": 1}], "params": [["2000"]]}, "arrayset_sample_writes.HDF5_00.track_repo_size_float32_samples": {"result": [280750723], "params": [["2000"]]}, "arrayset_sample_writes.HDF5_00.track_repo_size_uint16_samples": {"result": [244819531], "params": [["2000"]]}, "arrayset_sample_writes.NUMPY_10.time_add_float32_samples": {"result": [4.693498518], "stats": [{"ci_99": [-Infinity, Infinity], "q_25": 4.693498518, "q_75": 4.693498518, "min": 4.693498518, "max": 4.693498518, "mean": 4.693498518, "std": 0.0, "repeat": 1, "number": 1}], "params": [["2000"]]}, "arrayset_sample_writes.NUMPY_10.time_add_uint16_samples": {"result": [2.4102924260000003], "stats": [{"ci_99": [-Infinity, Infinity], "q_25": 2.4102924260000003, "q_75": 2.4102924260000003, "min": 2.4102924260000003, "max": 2.4102924260000003, "mean": 2.4102924260000003, "std": 0.0, "repeat": 1, "number": 1}], "params": [["2000"]]}, "arrayset_sample_writes.NUMPY_10.track_repo_size_float32_samples": {"result": [1501017078], "params": [["2000"]]}, "arrayset_sample_writes.NUMPY_10.track_repo_size_uint16_samples": {"result": [750988406], "params": [["2000"]]}}, "params": {"arch": "x86_64", "cpu": "Intel(R) Core(TM) i7-7820HQ CPU @ 2.90GHz", "machine": "rli-MPP17", "num_cpu": "8", "os": "OS-X 10.14", "ram": "17179869184", "python": "3.7"}, "requirements": {}, "commit_hash": "3604f1bda699256468c1037ae4649b6d7aab3cf4", "date": 1566245193000, "env_name": "virtualenv-py3.7", "python": "3.7", "profiles": {}, "started_at": {"package.TimeImport.time_import": 1572137319741, "arrayset_sample_reads.HDF5_00.peakmem_read_float32_2000_samples": 1572137193582, "arrayset_sample_reads.HDF5_00.peakmem_read_uint16_2000_samples": 1572137214059, "arrayset_sample_reads.HDF5_00.time_read_float32_2000_samples": 1572137217545, "arrayset_sample_reads.HDF5_00.time_read_uint16_2000_samples": 1572137229932, "arrayset_sample_reads.NUMPY_10.peakmem_read_float32_2000_samples": 1572137236442, "arrayset_sample_reads.NUMPY_10.peakmem_read_uint16_2000_samples": 1572137246077, "arrayset_sample_reads.NUMPY_10.time_read_float32_2000_samples": 1572137247317, "arrayset_sample_reads.NUMPY_10.time_read_uint16_2000_samples": 1572137250739, "arrayset_sample_writes.HDF5_00.time_add_float32_samples": 1572137252918, "arrayset_sample_writes.HDF5_00.time_add_uint16_samples": 1572137270669, "arrayset_sample_writes.HDF5_00.track_repo_size_float32_samples": 1572137280666, "arrayset_sample_writes.HDF5_00.track_repo_size_uint16_samples": 1572137289822, "arrayset_sample_writes.NUMPY_10.time_add_float32_samples": 1572137294889, "arrayset_sample_writes.NUMPY_10.time_add_uint16_samples": 1572137305928, "arrayset_sample_writes.NUMPY_10.track_repo_size_float32_samples": 1572137311399, "arrayset_sample_writes.NUMPY_10.track_repo_size_uint16_samples": 1572137316764}, "ended_at": {"package.TimeImport.time_import": 1572137322269, "arrayset_sample_reads.HDF5_00.peakmem_read_float32_2000_samples": 1572137214059, "arrayset_sample_reads.HDF5_00.peakmem_read_uint16_2000_samples": 1572137217545, "arrayset_sample_reads.HDF5_00.time_read_float32_2000_samples": 1572137229932, "arrayset_sample_reads.HDF5_00.time_read_uint16_2000_samples": 1572137236411, "arrayset_sample_reads.NUMPY_10.peakmem_read_float32_2000_samples": 1572137246077, "arrayset_sample_reads.NUMPY_10.peakmem_read_uint16_2000_samples": 1572137247317, "arrayset_sample_reads.NUMPY_10.time_read_float32_2000_samples": 1572137250739, "arrayset_sample_reads.NUMPY_10.time_read_uint16_2000_samples": 1572137252763, "arrayset_sample_writes.HDF5_00.time_add_float32_samples": 1572137270668, "arrayset_sample_writes.HDF5_00.time_add_uint16_samples": 1572137280666, "arrayset_sample_writes.HDF5_00.track_repo_size_float32_samples": 1572137289821, "arrayset_sample_writes.HDF5_00.track_repo_size_uint16_samples": 1572137294888, "arrayset_sample_writes.NUMPY_10.time_add_float32_samples": 1572137305928, "arrayset_sample_writes.NUMPY_10.time_add_uint16_samples": 1572137311398, "arrayset_sample_writes.NUMPY_10.track_repo_size_float32_samples": 1572137316764, "arrayset_sample_writes.NUMPY_10.track_repo_size_uint16_samples": 1572137319740}, "benchmark_version": {"package.TimeImport.time_import": "90bda1fe84972e4410749764c4df623d8858bfa92ada6507e859fc13cb08f894", "arrayset_sample_reads.HDF5_00.peakmem_read_float32_2000_samples": "a0fa1510bb68c02d0688014aae5453cf60012ba9d3c63c049d637cc6fdcbe335", "arrayset_sample_reads.HDF5_00.peakmem_read_uint16_2000_samples": "ddb3ccdfbe128018f936cc2f2e52ca7cfe0265f21982d094a4baadca08dd39eb", "arrayset_sample_reads.HDF5_00.time_read_float32_2000_samples": "315bbcf9cf0e629f8d079df27617dc8dede0765058d2518ca32f479592b5817e", "arrayset_sample_reads.HDF5_00.time_read_uint16_2000_samples": "383fb05383ea65e1850e44396618ac23b027d989d6ae305779f85fdc9aa96988", "arrayset_sample_reads.NUMPY_10.peakmem_read_float32_2000_samples": "65bbfe2a3823c903fcec365a0d31420ce0241dfd1cb1732b333f2e9d6c07cb59", "arrayset_sample_reads.NUMPY_10.peakmem_read_uint16_2000_samples": "cf2482b0c27e1ccd3d194111a0827947a7af23b26e2bc3bc6bfdb7fffc38f7e4", "arrayset_sample_reads.NUMPY_10.time_read_float32_2000_samples": "9ee6dd06ce20dd3335a16a89f961e9692435786920920858bb2aa2f88028e435", "arrayset_sample_reads.NUMPY_10.time_read_uint16_2000_samples": "c9648fc6d54eb7d4fe8d0f40ff8019ae46b1ae7493d2ed7dc5477b577c975833", "arrayset_sample_writes.HDF5_00.time_add_float32_samples": "0129867de160f18e3f32817c805f819b0262cf26de791ce65132b571c5637910",