{"results": {"package.TimeImport.time_import": {"result": [0.4423954320000001], "stats": [{"ci_99": [0.3940681279999998, 0.5146273579999999], "q_25": 0.40021669224999995, "q_75": 0.4782974175, "min": 0.3940681279999998, "max": 0.5146273579999999, "mean": 0.44314725509999997, "std": 0.04211256424656392, "repeat": 10, "number": 1}]}, "arrayset_sample_reads.HDF5_00.peakmem_read_float32_20000_samples": null, "arrayset_sample_reads.HDF5_00.peakmem_read_uint16_20000_samples": null, "arrayset_sample_reads.HDF5_00.time_read_float32_20000_samples": null, "arrayset_sample_reads.HDF5_00.time_read_uint16_20000_samples": null, "arrayset_sample_reads.NUMPY_10.peakmem_read_float32_20000_samples": null, "arrayset_sample_reads.NUMPY_10.peakmem_read_uint16_20000_samples": null, "arrayset_sample_reads.NUMPY_10.time_read_float32_20000_samples": null, "arrayset_sample_reads.NUMPY_10.time_read_uint16_20000_samples": null, "arrayset_sample_writes.HDF5_00.time_add_float32_samples": {"result": [10.408839806], "stats": [{"ci_99": [-Infinity, Infinity], "q_25": 10.408839806, "q_75": 10.408839806, "min": 10.408839806, "max": 10.408839806, "mean": 10.408839806, "std": 0.0, "repeat": 1, "number": 1}], "params": [["2000"]]}, "arrayset_sample_writes.HDF5_00.time_add_uint16_samples": {"result": [6.530203437], "stats": [{"ci_99": [-Infinity, Infinity], "q_25": 6.530203437, "q_75": 6.530203437, "min": 6.530203437, "max": 6.530203437, "mean": 6.530203437, "std": 0.0, "repeat": 1, "number": 1}], "params": [["2000"]]}, "arrayset_sample_writes.HDF5_00.track_repo_size_float32_samples": {"result": [304347562], "params": [["2000"]]}, "arrayset_sample_writes.HDF5_00.track_repo_size_uint16_samples": {"result": [246349714], "params": [["2000"]]}, "arrayset_sample_writes.NUMPY_10.time_add_float32_samples": {"result": [5.620483052], "stats": [{"ci_99": [-Infinity, Infinity], "q_25": 5.620483052, "q_75": 5.620483052, "min": 5.620483052, "max": 5.620483052, "mean": 5.620483052, "std": 0.0, "repeat": 1, "number": 1}], "params": [["2000"]]}, "arrayset_sample_writes.NUMPY_10.time_add_uint16_samples": {"result": [2.295697192], "stats": [{"ci_99": [-Infinity, Infinity], "q_25": 2.295697192, "q_75": 2.295697192, "min": 2.295697192, "max": 2.295697192, "mean": 2.295697192, "std": 0.0, "repeat": 1, "number": 1}], "params": [["2000"]]}, "arrayset_sample_writes.NUMPY_10.track_repo_size_float32_samples": {"result": [1500980214], "params": [["2000"]]}, "arrayset_sample_writes.NUMPY_10.track_repo_size_uint16_samples": {"result": [750951542], "params": [["2000"]]}, "arrayset_sample_reads.HDF5_00.peakmem_read_float32_2000_samples": 57663488, "arrayset_sample_reads.HDF5_00.peakmem_read_uint16_2000_samples": 55738368, "arrayset_sample_reads.HDF5_00.time_read_float32_2000_samples": {"result": [6.691876637999999], "stats": [{"ci_99": [-Infinity, Infinity], "q_25": 6.691876637999999, "q_75": 6.691876637999999, "min": 6.691876637999999, "max": 6.691876637999999, "mean": 6.691876637999999, "std": 0.0, "repeat": 1, "number": 1}]}, "arrayset_sample_reads.HDF5_00.time_read_uint16_2000_samples": {"result": [4.7812048449999995], "stats": [{"ci_99": [-Infinity, Infinity], "q_25": 4.7812048449999995, "q_75": 4.7812048449999995, "min": 4.7812048449999995, "max": 4.7812048449999995, "mean": 4.7812048449999995, "std": 0.0, "repeat": 1, "number": 1}]}, "arrayset_sample_reads.NUMPY_10.peakmem_read_float32_2000_samples": 1555537920, "arrayset_sample_reads.NUMPY_10.peakmem_read_uint16_2000_samples": 803917824, "arrayset_sample_reads.NUMPY_10.time_read_float32_2000_samples": {"result": [1.594696431], "stats": [{"ci_99": [-Infinity, Infinity], "q_25": 1.594696431, "q_75": 1.594696431, "min": 1.594696431, "max": 1.594696431, "mean": 1.594696431, "std": 0.0, "repeat": 1, "number": 1}]}, "arrayset_sample_reads.NUMPY_10.time_read_uint16_2000_samples": {"result": [0.8455965590000001], "stats": [{"ci_99": [-Infinity, Infinity], "q_25": 0.8455965590000001, "q_75": 0.8455965590000001, "min": 0.8455965590000001, "max": 0.8455965590000001, "mean": 0.8455965590000001, "std": 0.0, "repeat": 1, "number": 1}]}}, "params": {"arch": "x86_64", "cpu": "Intel(R) Core(TM) i7-7820HQ CPU @ 2.90GHz", "machine": "rli-MPP17", "num_cpu": "8", "os": "OS-X 10.14", "ram": "17179869184", "python": "3.7"}, "requirements": {}, "commit_hash": "46b727183f15537e920c1420e3c37cd8827d8b03", "date": 1570513763000, "env_name": "virtualenv-py3.7", "python": "3.7", "profiles": {}, "started_at": {"package.TimeImport.time_import": 1572135390329, "arrayset_sample_reads.HDF5_00.peakmem_read_float32_20000_samples": 1572134215733, "arrayset_sample_reads.HDF5_00.peakmem_read_uint16_20000_samples": 1572134275949, "arrayset_sample_reads.HDF5_00.time_read_float32_20000_samples": 1572134275949, "arrayset_sample_reads.HDF5_00.time_read_uint16_20000_samples": 1572134275949, "arrayset_sample_reads.NUMPY_10.peakmem_read_float32_20000_samples": 1572134275950, "arrayset_sample_reads.NUMPY_10.peakmem_read_uint16_20000_samples": 1572134276459, "arrayset_sample_reads.NUMPY_10.time_read_float32_20000_samples": 1572134276459, "arrayset_sample_reads.NUMPY_10.time_read_uint16_20000_samples": 1572134276459, "arrayset_sample_writes.HDF5_00.time_add_float32_samples": 1572135311069, "arrayset_sample_writes.HDF5_00.time_add_uint16_samples": 1572135331759, "arrayset_sample_writes.HDF5_00.track_repo_size_float32_samples": 1572135344370, "arrayset_sample_writes.HDF5_00.track_repo_size_uint16_samples": 1572135355640, "arrayset_sample_writes.NUMPY_10.time_add_float32_samples": 1572135362798, "arrayset_sample_writes.NUMPY_10.time_add_uint16_samples": 1572135374718, "arrayset_sample_writes.NUMPY_10.track_repo_size_float32_samples": 1572135380399, "arrayset_sample_writes.NUMPY_10.track_repo_size_uint16_samples": 1572135386722, "arrayset_sample_reads.HDF5_00.peakmem_read_float32_2000_samples": 1572135238769, "arrayset_sample_reads.HDF5_00.peakmem_read_uint16_2000_samples": 1572135262927, "arrayset_sample_reads.HDF5_00.time_read_float32_2000_samples": 1572135267615, "arrayset_sample_reads.HDF5_00.time_read_uint16_2000_samples": 1572135281203, "arrayset_sample_reads.NUMPY_10.peakmem_read_float32_2000_samples": 1572135291121, "arrayset_sample_reads.NUMPY_10.peakmem_read_uint16_2000_samples": 1572135303292, "arrayset_sample_reads.NUMPY_10.time_read_float32_2000_samples": 1572135304553, "arrayset_sample_reads.NUMPY_10.time_read_uint16_2000_samples": 1572135308611}, "ended_at": {"package.TimeImport.time_import": 1572135393015, "arrayset_sample_reads.HDF5_00.peakmem_read_float32_20000_samples": 1572134275949, "arrayset_sample_reads.HDF5_00.peakmem_read_uint16_20000_samples": 1572134275949, "arrayset_sample_reads.HDF5_00.time_read_float32_20000_samples": 1572134275949, "arrayset_sample_reads.HDF5_00.time_read_uint16_20000_samples": 1572134275949, "arrayset_sample_reads.NUMPY_10.peakmem_read_float32_20000_samples": 1572134276459, "arrayset_sample_reads.NUMPY_10.peakmem_read_uint16_20000_samples": 1572134276459, "arrayset_sample_reads.NUMPY_10.time_read_float32_20000_samples": 1572134276459, "arrayset_sample_reads.NUMPY_10.time_read_uint16_20000_samples": 1572134276459, "arrayset_sample_writes.HDF5_00.time_add_float32_samples": 1572135331759, "arrayset_sample_writes.HDF5_00.time_add_uint16_samples": 1572135344370, "arrayset_sample_writes.HDF5_00.track_repo_size_float32_samples": 1572135355640, "arrayset_sample_writes.HDF5_00.track_repo_size_uint16_samples": 1572135362797, "arrayset_sample_writes.NUMPY_10.time_add_float32_samples": 1572135374717, "arrayset_sample_writes.NUMPY_10.time_add_uint16_samples": 1572135380399, "arrayset_sample_writes.NUMPY_10.track_repo_size_float32_samples": 1572135386722, "arrayset_sample_writes.NUMPY_10.track_repo_size_uint16_samples": 1572135390328, "arrayset_sample_reads.HDF5_00.peakmem_read_float32_2000_samples": 1572135262927, "arrayset_sample_reads.HDF5_00.peakmem_read_uint16_2000_samples": 1572135267615, "arrayset_sample_reads.HDF5_00.time_read_float32_2000_samples": 1572135281203,