{"results": {"package.TimeImport.time_import": {"result": [0.384987636], "stats": [{"ci_99": [0.36545593, 0.41702507999999994], "q_25": 0.37354261025, "q_75": 0.39259209750000007, "min": 0.36545593, "max": 0.41702507999999994, "mean": 0.3862438284000001, "std": 0.01586266411442448, "repeat": 10, "number": 1}]}, "arrayset_sample_reads.HDF5_00.peakmem_read_float32_2000_samples": 57778176, "arrayset_sample_reads.HDF5_00.peakmem_read_uint16_2000_samples": 55463936, "arrayset_sample_reads.HDF5_00.time_read_float32_2000_samples": {"result": [5.8001715350000005], "stats": [{"ci_99": [-Infinity, Infinity], "q_25": 5.8001715350000005, "q_75": 5.8001715350000005, "min": 5.8001715350000005, "max": 5.8001715350000005, "mean": 5.8001715350000005, "std": 0.0, "repeat": 1, "number": 1}]}, "arrayset_sample_reads.HDF5_00.time_read_uint16_2000_samples": {"result": [2.9260294989999998], "stats": [{"ci_99": [-Infinity, Infinity], "q_25": 2.9260294989999998, "q_75": 2.9260294989999998, "min": 2.9260294989999998, "max": 2.9260294989999998, "mean": 2.9260294989999998, "std": 0.0, "repeat": 1, "number": 1}]}, "arrayset_sample_reads.NUMPY_10.peakmem_read_float32_2000_samples": 1555845120, "arrayset_sample_reads.NUMPY_10.peakmem_read_uint16_2000_samples": 804478976, "arrayset_sample_reads.NUMPY_10.time_read_float32_2000_samples": {"result": [1.400904838], "stats": [{"ci_99": [-Infinity, Infinity], "q_25": 1.400904838, "q_75": 1.400904838, "min": 1.400904838, "max": 1.400904838, "mean": 1.400904838, "std": 0.0, "repeat": 1, "number": 1}]}, "arrayset_sample_reads.NUMPY_10.time_read_uint16_2000_samples": {"result": [0.688990639], "stats": [{"ci_99": [-Infinity, Infinity], "q_25": 0.688990639, "q_75": 0.688990639, "min": 0.688990639, "max": 0.688990639, "mean": 0.688990639, "std": 0.0, "repeat": 1, "number": 1}]}, "arrayset_sample_writes.HDF5_00.time_add_float32_samples": {"result": [8.663628511999999], "stats": [{"ci_99": [-Infinity, Infinity], "q_25": 8.663628511999999, "q_75": 8.663628511999999, "min": 8.663628511999999, "max": 8.663628511999999, "mean": 8.663628511999999, "std": 0.0, "repeat": 1, "number": 1}], "params": [["2000"]]}, "arrayset_sample_writes.HDF5_00.time_add_uint16_samples": {"result": [4.716267417999999], "stats": [{"ci_99": [-Infinity, Infinity], "q_25": 4.716267417999999, "q_75": 4.716267417999999, "min": 4.716267417999999, "max": 4.716267417999999, "mean": 4.716267417999999, "std": 0.0, "repeat": 1, "number": 1}], "params": [["2000"]]}, "arrayset_sample_writes.HDF5_00.track_repo_size_float32_samples": {"result": [280750723], "params": [["2000"]]}, "arrayset_sample_writes.HDF5_00.track_repo_size_uint16_samples": {"result": [244819531], "params": [["2000"]]}, "arrayset_sample_writes.NUMPY_10.time_add_float32_samples": {"result": [4.6543751449999995], "stats": [{"ci_99": [-Infinity, Infinity], "q_25": 4.6543751449999995, "q_75": 4.6543751449999995, "min": 4.6543751449999995, "max": 4.6543751449999995, "mean": 4.6543751449999995, "std": 0.0, "repeat": 1, "number": 1}], "params": [["2000"]]}, "arrayset_sample_writes.NUMPY_10.time_add_uint16_samples": {"result": [2.350581225], "stats": [{"ci_99": [-Infinity, Infinity], "q_25": 2.350581225, "q_75": 2.350581225, "min": 2.350581225, "max": 2.350581225, "mean": 2.350581225, "std": 0.0, "repeat": 1, "number": 1}], "params": [["2000"]]}, "arrayset_sample_writes.NUMPY_10.track_repo_size_float32_samples": {"result": [1501017078], "params": [["2000"]]}, "arrayset_sample_writes.NUMPY_10.track_repo_size_uint16_samples": {"result": [750988406], "params": [["2000"]]}}, "params": {"arch": "x86_64", "cpu": "Intel(R) Core(TM) i7-7820HQ CPU @ 2.90GHz", "machine": "rli-MPP17", "num_cpu": "8", "os": "OS-X 10.14", "ram": "17179869184", "python": "3.7"}, "requirements": {}, "commit_hash": "83598534267e2b77e61a53248979994b172a2dec", "date": 1567579244000, "env_name": "virtualenv-py3.7", "python": "3.7", "profiles": {}, "started_at": {"package.TimeImport.time_import": 1572135948619, "arrayset_sample_reads.HDF5_00.peakmem_read_float32_2000_samples": 1572135822648, "arrayset_sample_reads.HDF5_00.peakmem_read_uint16_2000_samples": 1572135842948, "arrayset_sample_reads.HDF5_00.time_read_float32_2000_samples": 1572135846632, "arrayset_sample_reads.HDF5_00.time_read_uint16_2000_samples": 1572135858986, "arrayset_sample_reads.NUMPY_10.peakmem_read_float32_2000_samples": 1572135865484, "arrayset_sample_reads.NUMPY_10.peakmem_read_uint16_2000_samples": 1572135875107, "arrayset_sample_reads.NUMPY_10.time_read_float32_2000_samples": 1572135876370, "arrayset_sample_reads.NUMPY_10.time_read_uint16_2000_samples": 1572135879789, "arrayset_sample_writes.HDF5_00.time_add_float32_samples": 1572135882042, "arrayset_sample_writes.HDF5_00.time_add_uint16_samples": 1572135899784, "arrayset_sample_writes.HDF5_00.track_repo_size_float32_samples": 1572135909625, "arrayset_sample_writes.HDF5_00.track_repo_size_uint16_samples": 1572135918670, "arrayset_sample_writes.NUMPY_10.time_add_float32_samples": 1572135923772, "arrayset_sample_writes.NUMPY_10.time_add_uint16_samples": 1572135934102, "arrayset_sample_writes.NUMPY_10.track_repo_size_float32_samples": 1572135939551, "arrayset_sample_writes.NUMPY_10.track_repo_size_uint16_samples": 1572135945479}, "ended_at": {"package.TimeImport.time_import": 1572135951120, "arrayset_sample_reads.HDF5_00.peakmem_read_float32_2000_samples": 1572135842948, "arrayset_sample_reads.HDF5_00.peakmem_read_uint16_2000_samples": 1572135846632, "arrayset_sample_reads.HDF5_00.time_read_float32_2000_samples": 1572135858986, "arrayset_sample_reads.HDF5_00.time_read_uint16_2000_samples": 1572135865447, "arrayset_sample_reads.NUMPY_10.peakmem_read_float32_2000_samples": 1572135875107, "arrayset_sample_reads.NUMPY_10.peakmem_read_uint16_2000_samples": 1572135876369, "arrayset_sample_reads.NUMPY_10.time_read_float32_2000_samples": 1572135879789, "arrayset_sample_reads.NUMPY_10.time_read_uint16_2000_samples": 1572135881871, "arrayset_sample_writes.HDF5_00.time_add_float32_samples": 1572135899783, "arrayset_sample_writes.HDF5_00.time_add_uint16_samples": 1572135909624, "arrayset_sample_writes.HDF5_00.track_repo_size_float32_samples": 1572135918670, "arrayset_sample_writes.HDF5_00.track_repo_size_uint16_samples": 1572135923772, "arrayset_sample_writes.NUMPY_10.time_add_float32_samples": 1572135934101, "arrayset_sample_writes.NUMPY_10.time_add_uint16_samples": 1572135939550, "arrayset_sample_writes.NUMPY_10.track_repo_size_float32_samples": 1572135945479, "arrayset_sample_writes.NUMPY_10.track_repo_size_uint16_samples": 1572135948619}, "benchmark_version": {"package.TimeImport.time_import": "90bda1fe84972e4410749764c4df623d8858bfa92ada6507e859fc13cb08f894", "arrayset_sample_reads.HDF5_00.peakmem_read_float32_2000_samples": "a0fa1510bb68c02d0688014aae5453cf60012ba9d3c63c049d637cc6fdcbe335", "arrayset_sample_reads.HDF5_00.peakmem_read_uint16_2000_samples": "ddb3ccdfbe128018f936cc2f2e52ca7cfe0265f21982d094a4baadca08dd39eb", "arrayset_sample_reads.HDF5_00.time_read_float32_2000_samples": "315bbcf9cf0e629f8d079df27617dc8dede0765058d2518ca32f479592b5817e", "arrayset_sample_reads.HDF5_00.time_read_uint16_2000_samples": "383fb05383ea65e1850e44396618ac23b027d989d6ae305779f85fdc9aa96988", "arrayset_sample_reads.NUMPY_10.peakmem_read_float32_2000_samples": "65bbfe2a3823c903fcec365a0d31420ce0241dfd1cb1732b333f2e9d6c07cb59", "arrayset_sample_reads.NUMPY_10.peakmem_read_uint16_2000_samples": "cf2482b0c27e1ccd3d194111a0827947a7af23b26e2bc3bc6bfdb7fffc38f7e4", "arrayset_sample_reads.NUMPY_10.time_read_float32_2000_samples": "9ee6dd06ce20dd3335a16a89f961e9692435786920920858bb2aa2f88028e435", "arrayset_sample_reads.NUMPY_10.time_read_uint16_2000_samples": "c9648fc6d54eb7d4fe8d0f40ff8019ae46b1ae7493d2ed7dc5477b577c975833", "arrayset_sample_writes.HDF5_00.time_add_float32_samples": "0129867de160f18e3f32817c805f819b0262cf26de791ce65132b571c5637910",