{"results": {"package.TimeImport.time_import": {"result": [0.40531806849999974], "stats": [{"ci_99": [0.3834331769999999, 0.45796743100000015], "q_25": 0.3949726345, "q_75": 0.41702840625000004, "min": 0.3834331769999999, "max": 0.45796743100000015, "mean": 0.4080426827, "std": 0.020964527718604416, "repeat": 10, "number": 1}]}, "arrayset_sample_reads.HDF5_00.peakmem_read_float32_2000_samples": 57544704, "arrayset_sample_reads.HDF5_00.peakmem_read_uint16_2000_samples": 55828480, "arrayset_sample_reads.HDF5_00.time_read_float32_2000_samples": {"result": [6.320404272000001], "stats": [{"ci_99": [-Infinity, Infinity], "q_25": 6.320404272000001, "q_75": 6.320404272000001, "min": 6.320404272000001, "max": 6.320404272000001, "mean": 6.320404272000001, "std": 0.0, "repeat": 1, "number": 1}]}, "arrayset_sample_reads.HDF5_00.time_read_uint16_2000_samples": {"result": [4.486881210999999], "stats": [{"ci_99": [-Infinity, Infinity], "q_25": 4.486881210999999, "q_75": 4.486881210999999, "min": 4.486881210999999, "max": 4.486881210999999, "mean": 4.486881210999999, "std": 0.0, "repeat": 1, "number": 1}]}, "arrayset_sample_reads.NUMPY_10.peakmem_read_float32_2000_samples": 1555480576, "arrayset_sample_reads.NUMPY_10.peakmem_read_uint16_2000_samples": 803946496, "arrayset_sample_reads.NUMPY_10.time_read_float32_2000_samples": {"result": [1.5215068289999998], "stats": [{"ci_99": [-Infinity, Infinity], "q_25": 1.5215068289999998, "q_75": 1.5215068289999998, "min": 1.5215068289999998, "max": 1.5215068289999998, "mean": 1.5215068289999998, "std": 0.0, "repeat": 1, "number": 1}]}, "arrayset_sample_reads.NUMPY_10.time_read_uint16_2000_samples": {"result": [0.7229481389999999], "stats": [{"ci_99": [-Infinity, Infinity], "q_25": 0.7229481389999999, "q_75": 0.7229481389999999, "min": 0.7229481389999999, "max": 0.7229481389999999, "mean": 0.7229481389999999, "std": 0.0, "repeat": 1, "number": 1}]}, "arrayset_sample_writes.HDF5_00.time_add_float32_samples": {"result": [9.706914003999998], "stats": [{"ci_99": [-Infinity, Infinity], "q_25": 9.706914003999998, "q_75": 9.706914003999998, "min": 9.706914003999998, "max": 9.706914003999998, "mean": 9.706914003999998, "std": 0.0, "repeat": 1, "number": 1}], "params": [["2000"]]}, "arrayset_sample_writes.HDF5_00.time_add_uint16_samples": {"result": [5.958069203000001], "stats": [{"ci_99": [-Infinity, Infinity], "q_25": 5.958069203000001, "q_75": 5.958069203000001, "min": 5.958069203000001, "max": 5.958069203000001, "mean": 5.958069203000001, "std": 0.0, "repeat": 1, "number": 1}], "params": [["2000"]]}, "arrayset_sample_writes.HDF5_00.track_repo_size_float32_samples": {"result": [304347562], "params": [["2000"]]}, "arrayset_sample_writes.HDF5_00.track_repo_size_uint16_samples": {"result": [246349714], "params": [["2000"]]}, "arrayset_sample_writes.NUMPY_10.time_add_float32_samples": {"result": [5.049900237999999], "stats": [{"ci_99": [-Infinity, Infinity], "q_25": 5.049900237999999, "q_75": 5.049900237999999, "min": 5.049900237999999, "max": 5.049900237999999, "mean": 5.049900237999999, "std": 0.0, "repeat": 1, "number": 1}], "params": [["2000"]]}, "arrayset_sample_writes.NUMPY_10.time_add_uint16_samples": {"result": [2.408128548], "stats": [{"ci_99": [-Infinity, Infinity], "q_25": 2.408128548, "q_75": 2.408128548, "min": 2.408128548, "max": 2.408128548, "mean": 2.408128548, "std": 0.0, "repeat": 1, "number": 1}], "params": [["2000"]]}, "arrayset_sample_writes.NUMPY_10.track_repo_size_float32_samples": {"result": [1500980214], "params": [["2000"]]}, "arrayset_sample_writes.NUMPY_10.track_repo_size_uint16_samples": {"result": [750951542], "params": [["2000"]]}}, "params": {"arch": "x86_64", "cpu": "Intel(R) Core(TM) i7-7820HQ CPU @ 2.90GHz", "machine": "rli-MPP17", "num_cpu": "8", "os": "OS-X 10.14", "ram": "17179869184", "python": "3.7"}, "requirements": {}, "commit_hash": "84417d5e126208ab0f81a4dab9327abde0cd0dbf", "date": 1570508591000, "env_name": "virtualenv-py3.7", "python": "3.7", "profiles": {}, "started_at": {"package.TimeImport.time_import": 1572136884140, "arrayset_sample_reads.HDF5_00.peakmem_read_float32_2000_samples": 1572136737657, "arrayset_sample_reads.HDF5_00.peakmem_read_uint16_2000_samples": 1572136760493, "arrayset_sample_reads.HDF5_00.time_read_float32_2000_samples": 1572136765394, "arrayset_sample_reads.HDF5_00.time_read_uint16_2000_samples": 1572136778356, "arrayset_sample_reads.NUMPY_10.peakmem_read_float32_2000_samples": 1572136788154, "arrayset_sample_reads.NUMPY_10.peakmem_read_uint16_2000_samples": 1572136799631, "arrayset_sample_reads.NUMPY_10.time_read_float32_2000_samples": 1572136800952, "arrayset_sample_reads.NUMPY_10.time_read_uint16_2000_samples": 1572136804776, "arrayset_sample_writes.HDF5_00.time_add_float32_samples": 1572136807135, "arrayset_sample_writes.HDF5_00.time_add_uint16_samples": 1572136826915, "arrayset_sample_writes.HDF5_00.track_repo_size_float32_samples": 1572136839598, "arrayset_sample_writes.HDF5_00.track_repo_size_uint16_samples": 1572136850886, "arrayset_sample_writes.NUMPY_10.time_add_float32_samples": 1572136857595, "arrayset_sample_writes.NUMPY_10.time_add_uint16_samples": 1572136869132, "arrayset_sample_writes.NUMPY_10.track_repo_size_float32_samples": 1572136874671, "arrayset_sample_writes.NUMPY_10.track_repo_size_uint16_samples": 1572136881118}, "ended_at": {"package.TimeImport.time_import": 1572136886585, "arrayset_sample_reads.HDF5_00.peakmem_read_float32_2000_samples": 1572136760493, "arrayset_sample_reads.HDF5_00.peakmem_read_uint16_2000_samples": 1572136765394, "arrayset_sample_reads.HDF5_00.time_read_float32_2000_samples": 1572136778356, "arrayset_sample_reads.HDF5_00.time_read_uint16_2000_samples": 1572136788112, "arrayset_sample_reads.NUMPY_10.peakmem_read_float32_2000_samples": 1572136799631, "arrayset_sample_reads.NUMPY_10.peakmem_read_uint16_2000_samples": 1572136800952, "arrayset_sample_reads.NUMPY_10.time_read_float32_2000_samples": 1572136804775, "arrayset_sample_reads.NUMPY_10.time_read_uint16_2000_samples": 1572136806958, "arrayset_sample_writes.HDF5_00.time_add_float32_samples": 1572136826914, "arrayset_sample_writes.HDF5_00.time_add_uint16_samples": 1572136839598, "arrayset_sample_writes.HDF5_00.track_repo_size_float32_samples": 1572136850885, "arrayset_sample_writes.HDF5_00.track_repo_size_uint16_samples": 1572136857594, "arrayset_sample_writes.NUMPY_10.time_add_float32_samples": 1572136869131, "arrayset_sample_writes.NUMPY_10.time_add_uint16_samples": 1572136874670, "arrayset_sample_writes.NUMPY_10.track_repo_size_float32_samples": 1572136881117, "arrayset_sample_writes.NUMPY_10.track_repo_size_uint16_samples": 1572136884139}, "benchmark_version": {"package.TimeImport.time_import": "90bda1fe84972e4410749764c4df623d8858bfa92ada6507e859fc13cb08f894", "arrayset_sample_reads.HDF5_00.peakmem_read_float32_2000_samples": "a0fa1510bb68c02d0688014aae5453cf60012ba9d3c63c049d637cc6fdcbe335", "arrayset_sample_reads.HDF5_00.peakmem_read_uint16_2000_samples": "ddb3ccdfbe128018f936cc2f2e52ca7cfe0265f21982d094a4baadca08dd39eb", "arrayset_sample_reads.HDF5_00.time_read_float32_2000_samples": "315bbcf9cf0e629f8d079df27617dc8dede0765058d2518ca32f479592b5817e", "arrayset_sample_reads.HDF5_00.time_read_uint16_2000_samples": "383fb05383ea65e1850e44396618ac23b027d989d6ae305779f85fdc9aa96988", "arrayset_sample_reads.NUMPY_10.peakmem_read_float32_2000_samples": "65bbfe2a3823c903fcec365a0d31420ce0241dfd1cb1732b333f2e9d6c07cb59", "arrayset_sample_reads.NUMPY_10.peakmem_read_uint16_2000_samples": "cf2482b0c27e1ccd3d194111a0827947a7af23b26e2bc3bc6bfdb7fffc38f7e4", "arrayset_sample_reads.NUMPY_10.time_read_float32_2000_samples": "9ee6dd06ce20dd3335a16a89f961e9692435786920920858bb2aa2f88028e435", "arrayset_sample_reads.NUMPY_10.time_read_uint16_2000_samples": "c9648fc6d54eb7d4fe8d0f40ff8019ae46b1ae7493d2ed7dc5477b577c975833", "arrayset_sample_writes.HDF5_00.time_add_float32_samples": "0129867de160f18e3f32817c805f819b0262cf26de791ce65132b571c5637910",