{"results": {"package.TimeImport.time_import": {"result": [0.3833134115], "stats": [{"ci_99": [0.366696154, 0.4182334230000002], "q_25": 0.37741060949999994, "q_75": 0.39297733174999994, "min": 0.366696154, "max": 0.4182334230000002, "mean": 0.3861839806, "std": 0.015117700922925865, "repeat": 10, "number": 1}]}, "arrayset_sample_reads.HDF5_00.peakmem_read_float32_20000_samples": 77975552, "arrayset_sample_reads.HDF5_00.peakmem_read_uint16_20000_samples": 78696448, "arrayset_sample_reads.HDF5_00.time_read_float32_20000_samples": {"result": [7.885479284999999], "stats": [{"ci_99": [-Infinity, Infinity], "q_25": 7.885479284999999, "q_75": 7.885479284999999, "min": 7.885479284999999, "max": 7.885479284999999, "mean": 7.885479284999999, "std": 0.0, "repeat": 1, "number": 1}]}, "arrayset_sample_reads.HDF5_00.time_read_uint16_20000_samples": {"result": [6.099351016], "stats": [{"ci_99": [-Infinity, Infinity], "q_25": 6.099351016, "q_75": 6.099351016, "min": 6.099351016, "max": 6.099351016, "mean": 6.099351016, "std": 0.0, "repeat": 1, "number": 1}]}, "arrayset_sample_reads.NUMPY_10.peakmem_read_float32_20000_samples": 877633536, "arrayset_sample_reads.NUMPY_10.peakmem_read_uint16_20000_samples": 477970432, "arrayset_sample_reads.NUMPY_10.time_read_float32_20000_samples": {"result": [0.9434909230000001], "stats": [{"ci_99": [-Infinity, Infinity], "q_25": 0.9434909230000001, "q_75": 0.9434909230000001, "min": 0.9434909230000001, "max": 0.9434909230000001, "mean": 0.9434909230000001, "std": 0.0, "repeat": 1, "number": 1}]}, "arrayset_sample_reads.NUMPY_10.time_read_uint16_20000_samples": {"result": [0.549966631], "stats": [{"ci_99": [-Infinity, Infinity], "q_25": 0.549966631, "q_75": 0.549966631, "min": 0.549966631, "max": 0.549966631, "mean": 0.549966631, "std": 0.0, "repeat": 1, "number": 1}]}, "arrayset_sample_writes.HDF5_00.time_add_float32_samples": {"result": [9.377314536999998], "stats": [{"ci_99": [-Infinity, Infinity], "q_25": 9.377314536999998, "q_75": 9.377314536999998, "min": 9.377314536999998, "max": 9.377314536999998, "mean": 9.377314536999998, "std": 0.0, "repeat": 1, "number": 1}], "params": [["2000"]]}, "arrayset_sample_writes.HDF5_00.time_add_uint16_samples": {"result": [5.4911415969999995], "stats": [{"ci_99": [-Infinity, Infinity], "q_25": 5.4911415969999995, "q_75": 5.4911415969999995, "min": 5.4911415969999995, "max": 5.4911415969999995, "mean": 5.4911415969999995, "std": 0.0, "repeat": 1, "number": 1}], "params": [["2000"]]}, "arrayset_sample_writes.HDF5_00.track_repo_size_float32_samples": {"result": [304347572], "params": [["2000"]]}, "arrayset_sample_writes.HDF5_00.track_repo_size_uint16_samples": {"result": [246349724], "params": [["2000"]]}, "arrayset_sample_writes.NUMPY_10.time_add_float32_samples": {"result": [4.679798076999999], "stats": [{"ci_99": [-Infinity, Infinity], "q_25": 4.679798076999999, "q_75": 4.679798076999999, "min": 4.679798076999999, "max": 4.679798076999999, "mean": 4.679798076999999, "std": 0.0, "repeat": 1, "number": 1}], "params": [["2000"]]}, "arrayset_sample_writes.NUMPY_10.time_add_uint16_samples": {"result": [2.5864556960000002], "stats": [{"ci_99": [-Infinity, Infinity], "q_25": 2.5864556960000002, "q_75": 2.5864556960000002, "min": 2.5864556960000002, "max": 2.5864556960000002, "mean": 2.5864556960000002, "std": 0.0, "repeat": 1, "number": 1}], "params": [["2000"]]}, "arrayset_sample_writes.NUMPY_10.track_repo_size_float32_samples": {"result": [1500980224], "params": [["2000"]]}, "arrayset_sample_writes.NUMPY_10.track_repo_size_uint16_samples": {"result": [750951552], "params": [["2000"]]}, "arrayset_sample_reads.HDF5_00.peakmem_read_float32_2000_samples": 56909824, "arrayset_sample_reads.HDF5_00.peakmem_read_uint16_2000_samples": 55341056, "arrayset_sample_reads.HDF5_00.time_read_float32_2000_samples": {"result": [6.622897846], "stats": [{"ci_99": [-Infinity, Infinity], "q_25": 6.622897846, "q_75": 6.622897846, "min": 6.622897846, "max": 6.622897846, "mean": 6.622897846, "std": 0.0, "repeat": 1, "number": 1}]}, "arrayset_sample_reads.HDF5_00.time_read_uint16_2000_samples": {"result": [4.4891219289999995], "stats": [{"ci_99": [-Infinity, Infinity], "q_25": 4.4891219289999995, "q_75": 4.4891219289999995, "min": 4.4891219289999995, "max": 4.4891219289999995, "mean": 4.4891219289999995, "std": 0.0, "repeat": 1, "number": 1}]}, "arrayset_sample_reads.NUMPY_10.peakmem_read_float32_2000_samples": 1554853888, "arrayset_sample_reads.NUMPY_10.peakmem_read_uint16_2000_samples": 803475456, "arrayset_sample_reads.NUMPY_10.time_read_float32_2000_samples": {"result": [1.616555876], "stats": [{"ci_99": [-Infinity, Infinity], "q_25": 1.616555876, "q_75": 1.616555876, "min": 1.616555876, "max": 1.616555876, "mean": 1.616555876, "std": 0.0, "repeat": 1, "number": 1}]}, "arrayset_sample_reads.NUMPY_10.time_read_uint16_2000_samples": {"result": [0.9830742670000001], "stats": [{"ci_99": [-Infinity, Infinity], "q_25": 0.9830742670000001, "q_75": 0.9830742670000001, "min": 0.9830742670000001, "max": 0.9830742670000001, "mean": 0.9830742670000001, "std": 0.0, "repeat": 1, "number": 1}]}}, "params": {"arch": "x86_64", "cpu": "Intel(R) Core(TM) i7-7820HQ CPU @ 2.90GHz", "machine": "rli-MPP17", "num_cpu": "8", "os": "OS-X 10.14", "ram": "17179869184", "python": "3.7"}, "requirements": {}, "commit_hash": "857cc52d1ceedd2f1b08a51a36b4c758cd6d7a04", "date": 1571119813000, "env_name": "virtualenv-py3.7", "python": "3.7", "profiles": {}, "started_at": {"package.TimeImport.time_import": 1572135230818, "arrayset_sample_reads.HDF5_00.peakmem_read_float32_20000_samples": 1572134033147, "arrayset_sample_reads.HDF5_00.peakmem_read_uint16_20000_samples": 1572134063032, "arrayset_sample_reads.HDF5_00.time_read_float32_20000_samples": 1572134070023, "arrayset_sample_reads.HDF5_00.time_read_uint16_20000_samples": 1572134086840, "arrayset_sample_reads.NUMPY_10.peakmem_read_float32_20000_samples": 1572134100541, "arrayset_sample_reads.NUMPY_10.peakmem_read_uint16_20000_samples": 1572134109135, "arrayset_sample_reads.NUMPY_10.time_read_float32_20000_samples": 1572134110573, "arrayset_sample_reads.NUMPY_10.time_read_uint16_20000_samples": 1572134113765, "arrayset_sample_writes.HDF5_00.time_add_float32_samples": 1572135154501, "arrayset_sample_writes.HDF5_00.time_add_uint16_samples": 1572135176791, "arrayset_sample_writes.HDF5_00.track_repo_size_float32_samples": 1572135188997, "arrayset_sample_writes.HDF5_00.track_repo_size_uint16_samples": 1572135198284, "arrayset_sample_writes.NUMPY_10.time_add_float32_samples": 1572135204139, "arrayset_sample_writes.NUMPY_10.time_add_uint16_samples": 1572135214412, "arrayset_sample_writes.NUMPY_10.track_repo_size_float32_samples": 1572135220870, "arrayset_sample_writes.NUMPY_10.track_repo_size_uint16_samples": 1572135227563, "arrayset_sample_reads.HDF5_00.peakmem_read_float32_2000_samples": 1572135080614, "arrayset_sample_reads.HDF5_00.peakmem_read_uint16_2000_samples": 1572135106104, "arrayset_sample_reads.HDF5_00.time_read_float32_2000_samples": 1572135110931, "arrayset_sample_reads.HDF5_00.time_read_uint16_2000_samples": 1572135124478, "arrayset_sample_reads.NUMPY_10.peakmem_read_float32_2000_samples": 1572135134234, "arrayset_sample_reads.NUMPY_10.peakmem_read_uint16_2000_samples": 1572135146293, "arrayset_sample_reads.NUMPY_10.time_read_float32_2000_samples": 1572135147745, "arrayset_sample_reads.NUMPY_10.time_read_uint16_2000_samples": 1572135151677}, "ended_at": {"package.TimeImport.time_import": 1572135233305, "arrayset_sample_reads.HDF5_00.peakmem_read_float32_20000_samples": 1572134063032, "arrayset_sample_reads.HDF5_00.peakmem_read_uint16_20000_samples": 1572134070022, "arrayset_sample_reads.HDF5_00.time_read_float32_20000_samples": 1572134086839,