{"results": {"package.TimeImport.time_import": {"result": [0.3629770755], "stats": [{"ci_99": [0.3526390669999999, 0.41069431800000006], "q_25": 0.35670487375000004, "q_75": 0.368981698, "min": 0.3526390669999999, "max": 0.41069431800000006, "mean": 0.3697648458000001, "std": 0.019139969028408303, "repeat": 10, "number": 1}]}, "arrayset_sample_reads.HDF5_00.peakmem_read_float32_20000_samples": 82587648, "arrayset_sample_reads.HDF5_00.peakmem_read_uint16_20000_samples": 83107840, "arrayset_sample_reads.HDF5_00.time_read_float32_20000_samples": {"result": [5.91434879], "stats": [{"ci_99": [-Infinity, Infinity], "q_25": 5.91434879, "q_75": 5.91434879, "min": 5.91434879, "max": 5.91434879, "mean": 5.91434879, "std": 0.0, "repeat": 1, "number": 1}]}, "arrayset_sample_reads.HDF5_00.time_read_uint16_20000_samples": {"result": [5.003429317], "stats": [{"ci_99": [-Infinity, Infinity], "q_25": 5.003429317, "q_75": 5.003429317, "min": 5.003429317, "max": 5.003429317, "mean": 5.003429317, "std": 0.0, "repeat": 1, "number": 1}]}, "arrayset_sample_reads.NUMPY_10.peakmem_read_float32_20000_samples": 878653440, "arrayset_sample_reads.NUMPY_10.peakmem_read_uint16_20000_samples": 478760960, "arrayset_sample_reads.NUMPY_10.time_read_float32_20000_samples": {"result": [0.9481091009999998], "stats": [{"ci_99": [-Infinity, Infinity], "q_25": 0.9481091009999998, "q_75": 0.9481091009999998, "min": 0.9481091009999998, "max": 0.9481091009999998, "mean": 0.9481091009999998, "std": 0.0, "repeat": 1, "number": 1}]}, "arrayset_sample_reads.NUMPY_10.time_read_uint16_20000_samples": {"result": [0.547580199], "stats": [{"ci_99": [-Infinity, Infinity], "q_25": 0.547580199, "q_75": 0.547580199, "min": 0.547580199, "max": 0.547580199, "mean": 0.547580199, "std": 0.0, "repeat": 1, "number": 1}]}, "arrayset_sample_writes.HDF5_00.time_add_float32_samples": {"result": [0.6749428099999999, 12.827238763999999], "stats": [{"ci_99": [-Infinity, Infinity], "q_25": 0.6749428099999999, "q_75": 0.6749428099999999, "min": 0.6749428099999999, "max": 0.6749428099999999, "mean": 0.6749428099999999, "std": 0.0, "repeat": 1, "number": 1}, {"ci_99": [-Infinity, Infinity], "q_25": 12.827238763999999, "q_75": 12.827238763999999, "min": 12.827238763999999, "max": 12.827238763999999, "mean": 12.827238763999999, "std": 0.0, "repeat": 1, "number": 1}], "params": [["1000", "20000"]]}, "arrayset_sample_writes.HDF5_00.time_add_uint16_samples": {"result": [0.658678664, 10.103054319], "stats": [{"ci_99": [-Infinity, Infinity], "q_25": 0.658678664, "q_75": 0.658678664, "min": 0.658678664, "max": 0.658678664, "mean": 0.658678664, "std": 0.0, "repeat": 1, "number": 1}, {"ci_99": [-Infinity, Infinity], "q_25": 10.103054319, "q_75": 10.103054319, "min": 10.103054319, "max": 10.103054319, "mean": 10.103054319, "std": 0.0, "repeat": 1, "number": 1}], "params": [["1000", "20000"]]}, "arrayset_sample_writes.HDF5_00.track_repo_size_float32_samples": {"result": [9793276, 161193801], "params": [["1000", "20000"]]}, "arrayset_sample_writes.HDF5_00.track_repo_size_uint16_samples": {"result": [7201787, 140915453], "params": [["1000", "20000"]]}, "arrayset_sample_writes.NUMPY_10.time_add_float32_samples": {"result": [0.167117617, 3.447327653], "stats": [{"ci_99": [-Infinity, Infinity], "q_25": 0.167117617, "q_75": 0.167117617, "min": 0.167117617, "max": 0.167117617, "mean": 0.167117617, "std": 0.0, "repeat": 1, "number": 1}, {"ci_99": [-Infinity, Infinity], "q_25": 3.447327653, "q_75": 3.447327653, "min": 3.447327653, "max": 3.447327653, "mean": 3.447327653, "std": 0.0, "repeat": 1, "number": 1}], "params": [["1000", "20000"]]}, "arrayset_sample_writes.NUMPY_10.time_add_uint16_samples": {"result": [0.11079603700000001, 2.167009058], "stats": [{"ci_99": [-Infinity, Infinity], "q_25": 0.11079603700000001, "q_75": 0.11079603700000001, "min": 0.11079603700000001, "max": 0.11079603700000001, "mean": 0.11079603700000001, "std": 0.0, "repeat": 1, "number": 1}, {"ci_99": [-Infinity, Infinity], "q_25": 2.167009058, "q_75": 2.167009058, "min": 2.167009058, "max": 2.167009058, "mean": 2.167009058, "std": 0.0, "repeat": 1, "number": 1}], "params": [["1000", "20000"]]}, "arrayset_sample_writes.NUMPY_10.track_repo_size_float32_samples": {"result": [40562306, 808744450], "params": [["1000", "20000"]]}, "arrayset_sample_writes.NUMPY_10.track_repo_size_uint16_samples": {"result": [20566402, 408719874], "params": [["1000", "20000"]]}}, "params": {"arch": "x86_64", "cpu": "Intel(R) Core(TM) i7-7820HQ CPU @ 2.90GHz", "machine": "rli-MPP17", "num_cpu": "8", "os": "OS-X 10.14", "ram": "17179869184", "python": "3.7"}, "requirements": {}, "commit_hash": "8d9515bccde2b6caebf26e1d2d9e6fbd427f765f", "date": 1572114049000, "env_name": "virtualenv-py3.7", "python": "3.7", "profiles": {}, "started_at": {"package.TimeImport.time_import": 1572117687963, "arrayset_sample_reads.HDF5_00.peakmem_read_float32_20000_samples": 1572117557035, "arrayset_sample_reads.HDF5_00.peakmem_read_uint16_20000_samples": 1572117587801, "arrayset_sample_reads.HDF5_00.time_read_float32_20000_samples": 1572117593668, "arrayset_sample_reads.HDF5_00.time_read_uint16_20000_samples": 1572117600467, "arrayset_sample_reads.NUMPY_10.peakmem_read_float32_20000_samples": 1572117606346, "arrayset_sample_reads.NUMPY_10.peakmem_read_uint16_20000_samples": 1572117614140, "arrayset_sample_reads.NUMPY_10.time_read_float32_20000_samples": 1572117615468, "arrayset_sample_reads.NUMPY_10.time_read_uint16_20000_samples": 1572117617634, "arrayset_sample_writes.HDF5_00.time_add_float32_samples": 1572117619311, "arrayset_sample_writes.HDF5_00.time_add_uint16_samples": 1572117633800, "arrayset_sample_writes.HDF5_00.track_repo_size_float32_samples": 1572117645555, "arrayset_sample_writes.HDF5_00.track_repo_size_uint16_samples": 1572117660716, "arrayset_sample_writes.NUMPY_10.time_add_float32_samples": 1572117672446, "arrayset_sample_writes.NUMPY_10.time_add_uint16_samples": 1572117677006, "arrayset_sample_writes.NUMPY_10.track_repo_size_float32_samples": 1572117680153, "arrayset_sample_writes.NUMPY_10.track_repo_size_uint16_samples": 1572117684759}, "ended_at": {"package.TimeImport.time_import": 1572117690341, "arrayset_sample_reads.HDF5_00.peakmem_read_float32_20000_samples": 1572117587800, "arrayset_sample_reads.HDF5_00.peakmem_read_uint16_20000_samples": 1572117593668, "arrayset_sample_reads.HDF5_00.time_read_float32_20000_samples": 1572117600467, "arrayset_sample_reads.HDF5_00.time_read_uint16_20000_samples": 1572117606320, "arrayset_sample_reads.NUMPY_10.peakmem_read_float32_20000_samples": 1572117614139, "arrayset_sample_reads.NUMPY_10.peakmem_read_uint16_20000_samples": 1572117615468, "arrayset_sample_reads.NUMPY_10.time_read_float32_20000_samples": 1572117617634, "arrayset_sample_reads.NUMPY_10.time_read_uint16_20000_samples": 1572117619132, "arrayset_sample_writes.HDF5_00.time_add_float32_samples": 1572117633798, "arrayset_sample_writes.HDF5_00.time_add_uint16_samples": 1572117645555, "arrayset_sample_writes.HDF5_00.track_repo_size_float32_samples": 1572117660716, "arrayset_sample_writes.HDF5_00.track_repo_size_uint16_samples": 1572117672446, "arrayset_sample_writes.NUMPY_10.time_add_float32_samples": 1572117677005, "arrayset_sample_writes.NUMPY_10.time_add_uint16_samples": 1572117680152, "arrayset_sample_writes.NUMPY_10.track_repo_size_float32_samples": 1572117684758, "arrayset_sample_writes.NUMPY_10.track_repo_size_uint16_samples": 1572117687962}, "benchmark_version": {"package.TimeImport.time_import": "90bda1fe84972e4410749764c4df623d8858bfa92ada6507e859fc13cb08f894", "arrayset_sample_reads.HDF5_00.peakmem_read_float32_20000_samples": "3ab057acc87273b47ae1eddd7196083eae9c0e01c676ab709c35bd34c8542b91", "arrayset_sample_reads.HDF5_00.peakmem_read_uint16_20000_samples": "d42882642becba5656277304071f0f0670da4373a564299038a77984a43e6749", "arrayset_sample_reads.HDF5_00.time_read_float32_20000_samples": "036f7d69dd3e15b4c8849f5904f68bdadadffc483f1a643b3c8a95421324772f",