{"results": {"package.TimeImport.time_import": {"result": [0.37021300100000004], "stats": [{"ci_99": [0.3669563499999997, 0.400699139], "q_25": 0.36891751725, "q_75": 0.37420157499999995, "min": 0.3669563499999997, "max": 0.400699139, "mean": 0.37393719020000005, "std": 0.0096128983760396, "repeat": 10, "number": 1}]}, "arrayset_sample_reads.HDF5_00.peakmem_read_float32_20000_samples": 82624512, "arrayset_sample_reads.HDF5_00.peakmem_read_uint16_20000_samples": 83091456, "arrayset_sample_reads.HDF5_00.time_read_float32_20000_samples": {"result": [5.979608507], "stats": [{"ci_99": [-Infinity, Infinity], "q_25": 5.979608507, "q_75": 5.979608507, "min": 5.979608507, "max": 5.979608507, "mean": 5.979608507, "std": 0.0, "repeat": 1, "number": 1}]}, "arrayset_sample_reads.HDF5_00.time_read_uint16_20000_samples": {"result": [5.038575374], "stats": [{"ci_99": [-Infinity, Infinity], "q_25": 5.038575374, "q_75": 5.038575374, "min": 5.038575374, "max": 5.038575374, "mean": 5.038575374, "std": 0.0, "repeat": 1, "number": 1}]}, "arrayset_sample_reads.NUMPY_10.peakmem_read_float32_20000_samples": 878559232, "arrayset_sample_reads.NUMPY_10.peakmem_read_uint16_20000_samples": 478720000, "arrayset_sample_reads.NUMPY_10.time_read_float32_20000_samples": {"result": [0.6224404620000001], "stats": [{"ci_99": [-Infinity, Infinity], "q_25": 0.6224404620000001, "q_75": 0.6224404620000001, "min": 0.6224404620000001, "max": 0.6224404620000001, "mean": 0.6224404620000001, "std": 0.0, "repeat": 1, "number": 1}]}, "arrayset_sample_reads.NUMPY_10.time_read_uint16_20000_samples": {"result": [0.3934464299999998], "stats": [{"ci_99": [-Infinity, Infinity], "q_25": 0.3934464299999998, "q_75": 0.3934464299999998, "min": 0.3934464299999998, "max": 0.3934464299999998, "mean": 0.3934464299999998, "std": 0.0, "repeat": 1, "number": 1}]}, "arrayset_sample_writes.HDF5_00.time_add_float32_samples": {"result": [10.869259888], "stats": [{"ci_99": [-Infinity, Infinity], "q_25": 10.869259888, "q_75": 10.869259888, "min": 10.869259888, "max": 10.869259888, "mean": 10.869259888, "std": 0.0, "repeat": 1, "number": 1}], "params": [["2000"]]}, "arrayset_sample_writes.HDF5_00.time_add_uint16_samples": {"result": [6.267735277000001], "stats": [{"ci_99": [-Infinity, Infinity], "q_25": 6.267735277000001, "q_75": 6.267735277000001, "min": 6.267735277000001, "max": 6.267735277000001, "mean": 6.267735277000001, "std": 0.0, "repeat": 1, "number": 1}], "params": [["2000"]]}, "arrayset_sample_writes.HDF5_00.track_repo_size_float32_samples": {"result": [164644426], "params": [["2000"]]}, "arrayset_sample_writes.HDF5_00.track_repo_size_uint16_samples": {"result": [110578895], "params": [["2000"]]}, "arrayset_sample_writes.NUMPY_10.time_add_float32_samples": {"result": [4.155764993], "stats": [{"ci_99": [-Infinity, Infinity], "q_25": 4.155764993, "q_75": 4.155764993, "min": 4.155764993, "max": 4.155764993, "mean": 4.155764993, "std": 0.0, "repeat": 1, "number": 1}], "params": [["2000"]]}, "arrayset_sample_writes.NUMPY_10.time_add_uint16_samples": {"result": [2.076300942], "stats": [{"ci_99": [-Infinity, Infinity], "q_25": 2.076300942, "q_75": 2.076300942, "min": 2.076300942, "max": 2.076300942, "mean": 2.076300942, "std": 0.0, "repeat": 1, "number": 1}], "params": [["2000"]]}, "arrayset_sample_writes.NUMPY_10.track_repo_size_float32_samples": {"result": [1501008898], "params": [["2000"]]}, "arrayset_sample_writes.NUMPY_10.track_repo_size_uint16_samples": {"result": [750963842], "params": [["2000"]]}, "arrayset_sample_reads.HDF5_00.peakmem_read_float32_2000_samples": 57692160, "arrayset_sample_reads.HDF5_00.peakmem_read_uint16_2000_samples": 55492608, "arrayset_sample_reads.HDF5_00.time_read_float32_2000_samples": {"result": [2.1392053859999995], "stats": [{"ci_99": [-Infinity, Infinity], "q_25": 2.1392053859999995, "q_75": 2.1392053859999995, "min": 2.1392053859999995, "max": 2.1392053859999995, "mean": 2.1392053859999995, "std": 0.0, "repeat": 1, "number": 1}]}, "arrayset_sample_reads.HDF5_00.time_read_uint16_2000_samples": {"result": [1.544120919], "stats": [{"ci_99": [-Infinity, Infinity], "q_25": 1.544120919, "q_75": 1.544120919, "min": 1.544120919, "max": 1.544120919, "mean": 1.544120919, "std": 0.0, "repeat": 1, "number": 1}]}, "arrayset_sample_reads.NUMPY_10.peakmem_read_float32_2000_samples": 1555034112, "arrayset_sample_reads.NUMPY_10.peakmem_read_uint16_2000_samples": 803438592, "arrayset_sample_reads.NUMPY_10.time_read_float32_2000_samples": {"result": [0.912688204], "stats": [{"ci_99": [-Infinity, Infinity], "q_25": 0.912688204, "q_75": 0.912688204, "min": 0.912688204, "max": 0.912688204, "mean": 0.912688204, "std": 0.0, "repeat": 1, "number": 1}]}, "arrayset_sample_reads.NUMPY_10.time_read_uint16_2000_samples": {"result": [0.49735812199999996], "stats": [{"ci_99": [-Infinity, Infinity], "q_25": 0.49735812199999996, "q_75": 0.49735812199999996, "min": 0.49735812199999996, "max": 0.49735812199999996, "mean": 0.49735812199999996, "std": 0.0, "repeat": 1, "number": 1}]}}, "params": {"arch": "x86_64", "cpu": "Intel(R) Core(TM) i7-7820HQ CPU @ 2.90GHz", "machine": "rli-MPP17", "num_cpu": "8", "os": "OS-X 10.14", "ram": "17179869184", "python": "3.7"}, "requirements": {}, "commit_hash": "8d9515bccde2b6caebf26e1d2d9e6fbd427f765f", "date": 1572114049000, "env_name": "virtualenv-py3.7", "python": "3.7", "profiles": {}, "started_at": {"package.TimeImport.time_import": 1572134660619, "arrayset_sample_reads.HDF5_00.peakmem_read_float32_20000_samples": 1572133313639, "arrayset_sample_reads.HDF5_00.peakmem_read_uint16_20000_samples": 1572133344388, "arrayset_sample_reads.HDF5_00.time_read_float32_20000_samples": 1572133350411, "arrayset_sample_reads.HDF5_00.time_read_uint16_20000_samples": 1572133363644, "arrayset_sample_reads.NUMPY_10.peakmem_read_float32_20000_samples": 1572133375048, "arrayset_sample_reads.NUMPY_10.peakmem_read_uint16_20000_samples": 1572133382824, "arrayset_sample_reads.NUMPY_10.time_read_float32_20000_samples": 1572133384093, "arrayset_sample_reads.NUMPY_10.time_read_uint16_20000_samples": 1572133386674, "arrayset_sample_writes.HDF5_00.time_add_float32_samples": 1572134585785, "arrayset_sample_writes.HDF5_00.time_add_uint16_samples": 1572134607935, "arrayset_sample_writes.HDF5_00.track_repo_size_float32_samples": 1572134620976, "arrayset_sample_writes.HDF5_00.track_repo_size_uint16_samples": 1572134632246, "arrayset_sample_writes.NUMPY_10.time_add_float32_samples": 1572134638979, "arrayset_sample_writes.NUMPY_10.time_add_uint16_samples": 1572134648266, "arrayset_sample_writes.NUMPY_10.track_repo_size_float32_samples": 1572134653117, "arrayset_sample_writes.NUMPY_10.track_repo_size_uint16_samples": 1572134657942, "arrayset_sample_reads.HDF5_00.peakmem_read_float32_2000_samples": 1572134541468, "arrayset_sample_reads.HDF5_00.peakmem_read_uint16_2000_samples": 1572134561679, "arrayset_sample_reads.HDF5_00.time_read_float32_2000_samples": 1572134563695, "arrayset_sample_reads.HDF5_00.time_read_uint16_2000_samples": 1572134568486, "arrayset_sample_reads.NUMPY_10.peakmem_read_float32_2000_samples": 1572134572218, "arrayset_sample_reads.NUMPY_10.peakmem_read_uint16_2000_samples": 1572134580734, "arrayset_sample_reads.NUMPY_10.time_read_float32_2000_samples": 1572134581697, "arrayset_sample_reads.NUMPY_10.time_read_uint16_2000_samples": 1572134584116}, "ended_at": {"package.TimeImport.time_import": 1572134662929, "arrayset_sample_reads.HDF5_00.peakmem_read_float32_20000_samples": 1572133344387, "arrayset_sample_reads.HDF5_00.peakmem_read_uint16_20000_samples": 1572133350410, "arrayset_sample_reads.HDF5_00.time_read_float32_20000_samples": 1572133363643,