{"results": {"package.TimeImport.time_import": {"result": [0.3707317650000001], "stats": [{"ci_99": [0.3617883289999999, 0.462170419], "q_25": 0.36759795700000003, "q_75": 0.41070659200000004, "min": 0.3617883289999999, "max": 0.462170419, "mean": 0.3902992205, "std": 0.0318505244833996, "repeat": 10, "number": 1}]}, "arrayset_sample_reads.HDF5_00.peakmem_read_float32_20000_samples": 77991936, "arrayset_sample_reads.HDF5_00.peakmem_read_uint16_20000_samples": 78696448, "arrayset_sample_reads.HDF5_00.time_read_float32_20000_samples": {"result": [7.089507935], "stats": [{"ci_99": [-Infinity, Infinity], "q_25": 7.089507935, "q_75": 7.089507935, "min": 7.089507935, "max": 7.089507935, "mean": 7.089507935, "std": 0.0, "repeat": 1, "number": 1}]}, "arrayset_sample_reads.HDF5_00.time_read_uint16_20000_samples": {"result": [5.585364854], "stats": [{"ci_99": [-Infinity, Infinity], "q_25": 5.585364854, "q_75": 5.585364854, "min": 5.585364854, "max": 5.585364854, "mean": 5.585364854, "std": 0.0, "repeat": 1, "number": 1}]}, "arrayset_sample_reads.NUMPY_10.peakmem_read_float32_20000_samples": 877846528, "arrayset_sample_reads.NUMPY_10.peakmem_read_uint16_20000_samples": 477999104, "arrayset_sample_reads.NUMPY_10.time_read_float32_20000_samples": {"result": [0.951197387], "stats": [{"ci_99": [-Infinity, Infinity], "q_25": 0.951197387, "q_75": 0.951197387, "min": 0.951197387, "max": 0.951197387, "mean": 0.951197387, "std": 0.0, "repeat": 1, "number": 1}]}, "arrayset_sample_reads.NUMPY_10.time_read_uint16_20000_samples": {"result": [0.549230317], "stats": [{"ci_99": [-Infinity, Infinity], "q_25": 0.549230317, "q_75": 0.549230317, "min": 0.549230317, "max": 0.549230317, "mean": 0.549230317, "std": 0.0, "repeat": 1, "number": 1}]}, "arrayset_sample_writes.HDF5_00.time_add_float32_samples": {"result": [0.529989599, 9.522618115], "stats": [{"ci_99": [-Infinity, Infinity], "q_25": 0.529989599, "q_75": 0.529989599, "min": 0.529989599, "max": 0.529989599, "mean": 0.529989599, "std": 0.0, "repeat": 1, "number": 1}, {"ci_99": [-Infinity, Infinity], "q_25": 9.522618115, "q_75": 9.522618115, "min": 9.522618115, "max": 9.522618115, "mean": 9.522618115, "std": 0.0, "repeat": 1, "number": 1}], "params": [["1000", "20000"]]}, "arrayset_sample_writes.HDF5_00.time_add_uint16_samples": {"result": [0.44797951, 8.126853435], "stats": [{"ci_99": [-Infinity, Infinity], "q_25": 0.44797951, "q_75": 0.44797951, "min": 0.44797951, "max": 0.44797951, "mean": 0.44797951, "std": 0.0, "repeat": 1, "number": 1}, {"ci_99": [-Infinity, Infinity], "q_25": 8.126853435, "q_75": 8.126853435, "min": 8.126853435, "max": 8.126853435, "mean": 8.126853435, "std": 0.0, "repeat": 1, "number": 1}], "params": [["1000", "20000"]]}, "arrayset_sample_writes.HDF5_00.track_repo_size_float32_samples": {"result": [11181662, 157376883], "params": [["1000", "20000"]]}, "arrayset_sample_writes.HDF5_00.track_repo_size_uint16_samples": {"result": [7421519, 145498023], "params": [["1000", "20000"]]}, "arrayset_sample_writes.NUMPY_10.time_add_float32_samples": {"result": [0.18235656699999997, 3.648800486], "stats": [{"ci_99": [-Infinity, Infinity], "q_25": 0.18235656699999997, "q_75": 0.18235656699999997, "min": 0.18235656699999997, "max": 0.18235656699999997, "mean": 0.18235656699999997, "std": 0.0, "repeat": 1, "number": 1}, {"ci_99": [-Infinity, Infinity], "q_25": 3.648800486, "q_75": 3.648800486, "min": 3.648800486, "max": 3.648800486, "mean": 3.648800486, "std": 0.0, "repeat": 1, "number": 1}], "params": [["1000", "20000"]]}, "arrayset_sample_writes.NUMPY_10.time_add_uint16_samples": {"result": [0.11546106100000003, 2.2604732199999997], "stats": [{"ci_99": [-Infinity, Infinity], "q_25": 0.11546106100000003, "q_75": 0.11546106100000003, "min": 0.11546106100000003, "max": 0.11546106100000003, "mean": 0.11546106100000003, "std": 0.0, "repeat": 1, "number": 1}, {"ci_99": [-Infinity, Infinity], "q_25": 2.2604732199999997, "q_75": 2.2604732199999997, "min": 2.2604732199999997, "max": 2.2604732199999997, "mean": 2.2604732199999997, "std": 0.0, "repeat": 1, "number": 1}], "params": [["1000", "20000"]]}, "arrayset_sample_writes.NUMPY_10.track_repo_size_float32_samples": {"result": [40545920, 808478208], "params": [["1000", "20000"]]}, "arrayset_sample_writes.NUMPY_10.track_repo_size_uint16_samples": {"result": [20558208, 408347136], "params": [["1000", "20000"]]}}, "params": {"arch": "x86_64", "cpu": "Intel(R) Core(TM) i7-7820HQ CPU @ 2.90GHz", "machine": "rli-MPP17", "num_cpu": "8", "os": "OS-X 10.14", "ram": "17179869184", "python": "3.7"}, "requirements": {}, "commit_hash": "9d66727a46e67f2a2e18549e67606497c96c9be5", "date": 1571429472000, "env_name": "virtualenv-py3.7", "python": "3.7", "profiles": {}, "started_at": {"package.TimeImport.time_import": 1572089040613, "arrayset_sample_reads.HDF5_00.peakmem_read_float32_20000_samples": 1572088920619, "arrayset_sample_reads.HDF5_00.peakmem_read_uint16_20000_samples": 1572088948880, "arrayset_sample_reads.HDF5_00.time_read_float32_20000_samples": 1572088955750, "arrayset_sample_reads.HDF5_00.time_read_uint16_20000_samples": 1572088963691, "arrayset_sample_reads.NUMPY_10.peakmem_read_float32_20000_samples": 1572088970128, "arrayset_sample_reads.NUMPY_10.peakmem_read_uint16_20000_samples": 1572088978582, "arrayset_sample_reads.NUMPY_10.time_read_float32_20000_samples": 1572088979993, "arrayset_sample_reads.NUMPY_10.time_read_uint16_20000_samples": 1572088981801, "arrayset_sample_writes.HDF5_00.time_add_float32_samples": 1572088983297, "arrayset_sample_writes.HDF5_00.time_add_uint16_samples": 1572088994210, "arrayset_sample_writes.HDF5_00.track_repo_size_float32_samples": 1572089003643, "arrayset_sample_writes.HDF5_00.track_repo_size_uint16_samples": 1572089014946, "arrayset_sample_writes.NUMPY_10.time_add_float32_samples": 1572089024426, "arrayset_sample_writes.NUMPY_10.time_add_uint16_samples": 1572089029190, "arrayset_sample_writes.NUMPY_10.track_repo_size_float32_samples": 1572089032457, "arrayset_sample_writes.NUMPY_10.track_repo_size_uint16_samples": 1572089037277}, "ended_at": {"package.TimeImport.time_import": 1572089042929, "arrayset_sample_reads.HDF5_00.peakmem_read_float32_20000_samples": 1572088948879, "arrayset_sample_reads.HDF5_00.peakmem_read_uint16_20000_samples": 1572088955750, "arrayset_sample_reads.HDF5_00.time_read_float32_20000_samples": 1572088963691, "arrayset_sample_reads.HDF5_00.time_read_uint16_20000_samples": 1572088970103, "arrayset_sample_reads.NUMPY_10.peakmem_read_float32_20000_samples": 1572088978582, "arrayset_sample_reads.NUMPY_10.peakmem_read_uint16_20000_samples": 1572088979992, "arrayset_sample_reads.NUMPY_10.time_read_float32_20000_samples": 1572088981801, "arrayset_sample_reads.NUMPY_10.time_read_uint16_20000_samples": 1572088983198, "arrayset_sample_writes.HDF5_00.time_add_float32_samples": 1572088994209, "arrayset_sample_writes.HDF5_00.time_add_uint16_samples": 1572089003642, "arrayset_sample_writes.HDF5_00.track_repo_size_float32_samples": 1572089014946, "arrayset_sample_writes.HDF5_00.track_repo_size_uint16_samples": 1572089024425, "arrayset_sample_writes.NUMPY_10.time_add_float32_samples": 1572089029189, "arrayset_sample_writes.NUMPY_10.time_add_uint16_samples": 1572089032456, "arrayset_sample_writes.NUMPY_10.track_repo_size_float32_samples": 1572089037276, "arrayset_sample_writes.NUMPY_10.track_repo_size_uint16_samples": 1572089040613}, "benchmark_version": {"package.TimeImport.time_import": "90bda1fe84972e4410749764c4df623d8858bfa92ada6507e859fc13cb08f894", "arrayset_sample_reads.HDF5_00.peakmem_read_float32_20000_samples": "3ab057acc87273b47ae1eddd7196083eae9c0e01c676ab709c35bd34c8542b91", "arrayset_sample_reads.HDF5_00.peakmem_read_uint16_20000_samples": "d42882642becba5656277304071f0f0670da4373a564299038a77984a43e6749", "arrayset_sample_reads.HDF5_00.time_read_float32_20000_samples": "036f7d69dd3e15b4c8849f5904f68bdadadffc483f1a643b3c8a95421324772f",