{"results": {"package.TimeImport.time_import": {"result": [0.3730237464999999], "stats": [{"ci_99": [0.3685315040000001, 0.3772949240000001], "q_25": 0.37141832724999996, "q_75": 0.3742201165000001, "min": 0.3685315040000001, "max": 0.3772949240000001, "mean": 0.37292597130000005, "std": 0.0024625690053875675, "repeat": 10, "number": 1}]}, "arrayset_sample_reads.HDF5_00.peakmem_read_float32_2000_samples": 56954880, "arrayset_sample_reads.HDF5_00.peakmem_read_uint16_2000_samples": 55160832, "arrayset_sample_reads.HDF5_00.time_read_float32_2000_samples": {"result": [6.301591599999999], "stats": [{"ci_99": [-Infinity, Infinity], "q_25": 6.301591599999999, "q_75": 6.301591599999999, "min": 6.301591599999999, "max": 6.301591599999999, "mean": 6.301591599999999, "std": 0.0, "repeat": 1, "number": 1}]}, "arrayset_sample_reads.HDF5_00.time_read_uint16_2000_samples": {"result": [3.970028491], "stats": [{"ci_99": [-Infinity, Infinity], "q_25": 3.970028491, "q_75": 3.970028491, "min": 3.970028491, "max": 3.970028491, "mean": 3.970028491, "std": 0.0, "repeat": 1, "number": 1}]}, "arrayset_sample_reads.NUMPY_10.peakmem_read_float32_2000_samples": 1554763776, "arrayset_sample_reads.NUMPY_10.peakmem_read_uint16_2000_samples": 803344384, "arrayset_sample_reads.NUMPY_10.time_read_float32_2000_samples": {"result": [1.6370662230000002], "stats": [{"ci_99": [-Infinity, Infinity], "q_25": 1.6370662230000002, "q_75": 1.6370662230000002, "min": 1.6370662230000002, "max": 1.6370662230000002, "mean": 1.6370662230000002, "std": 0.0, "repeat": 1, "number": 1}]}, "arrayset_sample_reads.NUMPY_10.time_read_uint16_2000_samples": {"result": [0.710604239], "stats": [{"ci_99": [-Infinity, Infinity], "q_25": 0.710604239, "q_75": 0.710604239, "min": 0.710604239, "max": 0.710604239, "mean": 0.710604239, "std": 0.0, "repeat": 1, "number": 1}]}, "arrayset_sample_writes.HDF5_00.time_add_float32_samples": {"result": [9.618825987000001], "stats": [{"ci_99": [-Infinity, Infinity], "q_25": 9.618825987000001, "q_75": 9.618825987000001, "min": 9.618825987000001, "max": 9.618825987000001, "mean": 9.618825987000001, "std": 0.0, "repeat": 1, "number": 1}], "params": [["2000"]]}, "arrayset_sample_writes.HDF5_00.time_add_uint16_samples": {"result": [5.496630637999999], "stats": [{"ci_99": [-Infinity, Infinity], "q_25": 5.496630637999999, "q_75": 5.496630637999999, "min": 5.496630637999999, "max": 5.496630637999999, "mean": 5.496630637999999, "std": 0.0, "repeat": 1, "number": 1}], "params": [["2000"]]}, "arrayset_sample_writes.HDF5_00.track_repo_size_float32_samples": {"result": [304359860], "params": [["2000"]]}, "arrayset_sample_writes.HDF5_00.track_repo_size_uint16_samples": {"result": [246353820], "params": [["2000"]]}, "arrayset_sample_writes.NUMPY_10.time_add_float32_samples": {"result": [4.6738638230000005], "stats": [{"ci_99": [-Infinity, Infinity], "q_25": 4.6738638230000005, "q_75": 4.6738638230000005, "min": 4.6738638230000005, "max": 4.6738638230000005, "mean": 4.6738638230000005, "std": 0.0, "repeat": 1, "number": 1}], "params": [["2000"]]}, "arrayset_sample_writes.NUMPY_10.time_add_uint16_samples": {"result": [2.37560528], "stats": [{"ci_99": [-Infinity, Infinity], "q_25": 2.37560528, "q_75": 2.37560528, "min": 2.37560528, "max": 2.37560528, "mean": 2.37560528, "std": 0.0, "repeat": 1, "number": 1}], "params": [["2000"]]}, "arrayset_sample_writes.NUMPY_10.track_repo_size_float32_samples": {"result": [1500980224], "params": [["2000"]]}, "arrayset_sample_writes.NUMPY_10.track_repo_size_uint16_samples": {"result": [750955648], "params": [["2000"]]}}, "params": {"arch": "x86_64", "cpu": "Intel(R) Core(TM) i7-7820HQ CPU @ 2.90GHz", "machine": "rli-MPP17", "num_cpu": "8", "os": "OS-X 10.14", "ram": "17179869184", "python": "3.7"}, "requirements": {}, "commit_hash": "9d66727a46e67f2a2e18549e67606497c96c9be5", "date": 1571429472000, "env_name": "virtualenv-py3.7", "python": "3.7", "profiles": {}, "started_at": {"package.TimeImport.time_import": 1572136416168, "arrayset_sample_reads.HDF5_00.peakmem_read_float32_2000_samples": 1572136278292, "arrayset_sample_reads.HDF5_00.peakmem_read_uint16_2000_samples": 1572136301207, "arrayset_sample_reads.HDF5_00.time_read_float32_2000_samples": 1572136305601, "arrayset_sample_reads.HDF5_00.time_read_uint16_2000_samples": 1572136318926, "arrayset_sample_reads.NUMPY_10.peakmem_read_float32_2000_samples": 1572136327611, "arrayset_sample_reads.NUMPY_10.peakmem_read_uint16_2000_samples": 1572136337608, "arrayset_sample_reads.NUMPY_10.time_read_float32_2000_samples": 1572136338789, "arrayset_sample_reads.NUMPY_10.time_read_uint16_2000_samples": 1572136342759, "arrayset_sample_writes.HDF5_00.time_add_float32_samples": 1572136344919, "arrayset_sample_writes.HDF5_00.time_add_uint16_samples": 1572136365196, "arrayset_sample_writes.HDF5_00.track_repo_size_float32_samples": 1572136376824, "arrayset_sample_writes.HDF5_00.track_repo_size_uint16_samples": 1572136386149, "arrayset_sample_writes.NUMPY_10.time_add_float32_samples": 1572136392023, "arrayset_sample_writes.NUMPY_10.time_add_uint16_samples": 1572136402365, "arrayset_sample_writes.NUMPY_10.track_repo_size_float32_samples": 1572136407822, "arrayset_sample_writes.NUMPY_10.track_repo_size_uint16_samples": 1572136413205}, "ended_at": {"package.TimeImport.time_import": 1572136418502, "arrayset_sample_reads.HDF5_00.peakmem_read_float32_2000_samples": 1572136301207, "arrayset_sample_reads.HDF5_00.peakmem_read_uint16_2000_samples": 1572136305601, "arrayset_sample_reads.HDF5_00.time_read_float32_2000_samples": 1572136318926, "arrayset_sample_reads.HDF5_00.time_read_uint16_2000_samples": 1572136327573, "arrayset_sample_reads.NUMPY_10.peakmem_read_float32_2000_samples": 1572136337607, "arrayset_sample_reads.NUMPY_10.peakmem_read_uint16_2000_samples": 1572136338788, "arrayset_sample_reads.NUMPY_10.time_read_float32_2000_samples": 1572136342758, "arrayset_sample_reads.NUMPY_10.time_read_uint16_2000_samples": 1572136344771, "arrayset_sample_writes.HDF5_00.time_add_float32_samples": 1572136365196, "arrayset_sample_writes.HDF5_00.time_add_uint16_samples": 1572136376823, "arrayset_sample_writes.HDF5_00.track_repo_size_float32_samples": 1572136386148, "arrayset_sample_writes.HDF5_00.track_repo_size_uint16_samples": 1572136392023, "arrayset_sample_writes.NUMPY_10.time_add_float32_samples": 1572136402364, "arrayset_sample_writes.NUMPY_10.time_add_uint16_samples": 1572136407821, "arrayset_sample_writes.NUMPY_10.track_repo_size_float32_samples": 1572136413204, "arrayset_sample_writes.NUMPY_10.track_repo_size_uint16_samples": 1572136416167}, "benchmark_version": {"package.TimeImport.time_import": "90bda1fe84972e4410749764c4df623d8858bfa92ada6507e859fc13cb08f894", "arrayset_sample_reads.HDF5_00.peakmem_read_float32_2000_samples": "a0fa1510bb68c02d0688014aae5453cf60012ba9d3c63c049d637cc6fdcbe335", "arrayset_sample_reads.HDF5_00.peakmem_read_uint16_2000_samples": "ddb3ccdfbe128018f936cc2f2e52ca7cfe0265f21982d094a4baadca08dd39eb", "arrayset_sample_reads.HDF5_00.time_read_float32_2000_samples": "315bbcf9cf0e629f8d079df27617dc8dede0765058d2518ca32f479592b5817e", "arrayset_sample_reads.HDF5_00.time_read_uint16_2000_samples": "383fb05383ea65e1850e44396618ac23b027d989d6ae305779f85fdc9aa96988", "arrayset_sample_reads.NUMPY_10.peakmem_read_float32_2000_samples": "65bbfe2a3823c903fcec365a0d31420ce0241dfd1cb1732b333f2e9d6c07cb59", "arrayset_sample_reads.NUMPY_10.peakmem_read_uint16_2000_samples": "cf2482b0c27e1ccd3d194111a0827947a7af23b26e2bc3bc6bfdb7fffc38f7e4", "arrayset_sample_reads.NUMPY_10.time_read_float32_2000_samples": "9ee6dd06ce20dd3335a16a89f961e9692435786920920858bb2aa2f88028e435", "arrayset_sample_reads.NUMPY_10.time_read_uint16_2000_samples": "c9648fc6d54eb7d4fe8d0f40ff8019ae46b1ae7493d2ed7dc5477b577c975833", "arrayset_sample_writes.HDF5_00.time_add_float32_samples": "0129867de160f18e3f32817c805f819b0262cf26de791ce65132b571c5637910",