{"results": {"package.TimeImport.time_import": {"result": [0.42086426950000005], "stats": [{"ci_99": [0.38306321900000007, 0.48811136799999977], "q_25": 0.3842058457499999, "q_75": 0.4409686132499997, "min": 0.38306321900000007, "max": 0.48811136799999977, "mean": 0.4218811407999999, "std": 0.036592790567926275, "repeat": 10, "number": 1}]}, "arrayset_sample_reads.HDF5_00.peakmem_read_float32_2000_samples": 57237504, "arrayset_sample_reads.HDF5_00.peakmem_read_uint16_2000_samples": 55504896, "arrayset_sample_reads.HDF5_00.time_read_float32_2000_samples": {"result": [5.918727917], "stats": [{"ci_99": [-Infinity, Infinity], "q_25": 5.918727917, "q_75": 5.918727917, "min": 5.918727917, "max": 5.918727917, "mean": 5.918727917, "std": 0.0, "repeat": 1, "number": 1}]}, "arrayset_sample_reads.HDF5_00.time_read_uint16_2000_samples": {"result": [3.773095658], "stats": [{"ci_99": [-Infinity, Infinity], "q_25": 3.773095658, "q_75": 3.773095658, "min": 3.773095658, "max": 3.773095658, "mean": 3.773095658, "std": 0.0, "repeat": 1, "number": 1}]}, "arrayset_sample_reads.NUMPY_10.peakmem_read_float32_2000_samples": 1555226624, "arrayset_sample_reads.NUMPY_10.peakmem_read_uint16_2000_samples": 804200448, "arrayset_sample_reads.NUMPY_10.time_read_float32_2000_samples": {"result": [1.6560168430000002], "stats": [{"ci_99": [-Infinity, Infinity], "q_25": 1.6560168430000002, "q_75": 1.6560168430000002, "min": 1.6560168430000002, "max": 1.6560168430000002, "mean": 1.6560168430000002, "std": 0.0, "repeat": 1, "number": 1}]}, "arrayset_sample_reads.NUMPY_10.time_read_uint16_2000_samples": {"result": [0.737686069], "stats": [{"ci_99": [-Infinity, Infinity], "q_25": 0.737686069, "q_75": 0.737686069, "min": 0.737686069, "max": 0.737686069, "mean": 0.737686069, "std": 0.0, "repeat": 1, "number": 1}]}, "arrayset_sample_writes.HDF5_00.time_add_float32_samples": {"result": [10.338966177000001], "stats": [{"ci_99": [-Infinity, Infinity], "q_25": 10.338966177000001, "q_75": 10.338966177000001, "min": 10.338966177000001, "max": 10.338966177000001, "mean": 10.338966177000001, "std": 0.0, "repeat": 1, "number": 1}], "params": [["2000"]]}, "arrayset_sample_writes.HDF5_00.time_add_uint16_samples": {"result": [6.235069866], "stats": [{"ci_99": [-Infinity, Infinity], "q_25": 6.235069866, "q_75": 6.235069866, "min": 6.235069866, "max": 6.235069866, "mean": 6.235069866, "std": 0.0, "repeat": 1, "number": 1}], "params": [["2000"]]}, "arrayset_sample_writes.HDF5_00.track_repo_size_float32_samples": {"result": [304347562], "params": [["2000"]]}, "arrayset_sample_writes.HDF5_00.track_repo_size_uint16_samples": {"result": [246349714], "params": [["2000"]]}, "arrayset_sample_writes.NUMPY_10.time_add_float32_samples": {"result": [4.528685082], "stats": [{"ci_99": [-Infinity, Infinity], "q_25": 4.528685082, "q_75": 4.528685082, "min": 4.528685082, "max": 4.528685082, "mean": 4.528685082, "std": 0.0, "repeat": 1, "number": 1}], "params": [["2000"]]}, "arrayset_sample_writes.NUMPY_10.time_add_uint16_samples": {"result": [2.3227706759999998], "stats": [{"ci_99": [-Infinity, Infinity], "q_25": 2.3227706759999998, "q_75": 2.3227706759999998, "min": 2.3227706759999998, "max": 2.3227706759999998, "mean": 2.3227706759999998, "std": 0.0, "repeat": 1, "number": 1}], "params": [["2000"]]}, "arrayset_sample_writes.NUMPY_10.track_repo_size_float32_samples": {"result": [1500980214], "params": [["2000"]]}, "arrayset_sample_writes.NUMPY_10.track_repo_size_uint16_samples": {"result": [750951542], "params": [["2000"]]}}, "params": {"arch": "x86_64", "cpu": "Intel(R) Core(TM) i7-7820HQ CPU @ 2.90GHz", "machine": "rli-MPP17", "num_cpu": "8", "os": "OS-X 10.14", "ram": "17179869184", "python": "3.7"}, "requirements": {}, "commit_hash": "abf431e03ae1483248f19873667e204890ae0786", "date": 1570067082000, "env_name": "virtualenv-py3.7", "python": "3.7", "profiles": {}, "started_at": {"package.TimeImport.time_import": 1572135538038, "arrayset_sample_reads.HDF5_00.peakmem_read_float32_2000_samples": 1572135398285, "arrayset_sample_reads.HDF5_00.peakmem_read_uint16_2000_samples": 1572135422128, "arrayset_sample_reads.HDF5_00.time_read_float32_2000_samples": 1572135426433, "arrayset_sample_reads.HDF5_00.time_read_uint16_2000_samples": 1572135438759, "arrayset_sample_reads.NUMPY_10.peakmem_read_float32_2000_samples": 1572135446914, "arrayset_sample_reads.NUMPY_10.peakmem_read_uint16_2000_samples": 1572135457595, "arrayset_sample_reads.NUMPY_10.time_read_float32_2000_samples": 1572135458926, "arrayset_sample_reads.NUMPY_10.time_read_uint16_2000_samples": 1572135462835, "arrayset_sample_writes.HDF5_00.time_add_float32_samples": 1572135465258, "arrayset_sample_writes.HDF5_00.time_add_uint16_samples": 1572135486580, "arrayset_sample_writes.HDF5_00.track_repo_size_float32_samples": 1572135499600, "arrayset_sample_writes.HDF5_00.track_repo_size_uint16_samples": 1572135508775, "arrayset_sample_writes.NUMPY_10.time_add_float32_samples": 1572135514590, "arrayset_sample_writes.NUMPY_10.time_add_uint16_samples": 1572135524594, "arrayset_sample_writes.NUMPY_10.track_repo_size_float32_samples": 1572135529908, "arrayset_sample_writes.NUMPY_10.track_repo_size_uint16_samples": 1572135535126}, "ended_at": {"package.TimeImport.time_import": 1572135540524, "arrayset_sample_reads.HDF5_00.peakmem_read_float32_2000_samples": 1572135422127, "arrayset_sample_reads.HDF5_00.peakmem_read_uint16_2000_samples": 1572135426433, "arrayset_sample_reads.HDF5_00.time_read_float32_2000_samples": 1572135438759, "arrayset_sample_reads.HDF5_00.time_read_uint16_2000_samples": 1572135446883, "arrayset_sample_reads.NUMPY_10.peakmem_read_float32_2000_samples": 1572135457595, "arrayset_sample_reads.NUMPY_10.peakmem_read_uint16_2000_samples": 1572135458926, "arrayset_sample_reads.NUMPY_10.time_read_float32_2000_samples": 1572135462835, "arrayset_sample_reads.NUMPY_10.time_read_uint16_2000_samples": 1572135465097, "arrayset_sample_writes.HDF5_00.time_add_float32_samples": 1572135486580, "arrayset_sample_writes.HDF5_00.time_add_uint16_samples": 1572135499599, "arrayset_sample_writes.HDF5_00.track_repo_size_float32_samples": 1572135508775, "arrayset_sample_writes.HDF5_00.track_repo_size_uint16_samples": 1572135514590, "arrayset_sample_writes.NUMPY_10.time_add_float32_samples": 1572135524594, "arrayset_sample_writes.NUMPY_10.time_add_uint16_samples": 1572135529907, "arrayset_sample_writes.NUMPY_10.track_repo_size_float32_samples": 1572135535125, "arrayset_sample_writes.NUMPY_10.track_repo_size_uint16_samples": 1572135538037}, "benchmark_version": {"package.TimeImport.time_import": "90bda1fe84972e4410749764c4df623d8858bfa92ada6507e859fc13cb08f894", "arrayset_sample_reads.HDF5_00.peakmem_read_float32_2000_samples": "a0fa1510bb68c02d0688014aae5453cf60012ba9d3c63c049d637cc6fdcbe335", "arrayset_sample_reads.HDF5_00.peakmem_read_uint16_2000_samples": "ddb3ccdfbe128018f936cc2f2e52ca7cfe0265f21982d094a4baadca08dd39eb", "arrayset_sample_reads.HDF5_00.time_read_float32_2000_samples": "315bbcf9cf0e629f8d079df27617dc8dede0765058d2518ca32f479592b5817e", "arrayset_sample_reads.HDF5_00.time_read_uint16_2000_samples": "383fb05383ea65e1850e44396618ac23b027d989d6ae305779f85fdc9aa96988", "arrayset_sample_reads.NUMPY_10.peakmem_read_float32_2000_samples": "65bbfe2a3823c903fcec365a0d31420ce0241dfd1cb1732b333f2e9d6c07cb59", "arrayset_sample_reads.NUMPY_10.peakmem_read_uint16_2000_samples": "cf2482b0c27e1ccd3d194111a0827947a7af23b26e2bc3bc6bfdb7fffc38f7e4", "arrayset_sample_reads.NUMPY_10.time_read_float32_2000_samples": "9ee6dd06ce20dd3335a16a89f961e9692435786920920858bb2aa2f88028e435", "arrayset_sample_reads.NUMPY_10.time_read_uint16_2000_samples": "c9648fc6d54eb7d4fe8d0f40ff8019ae46b1ae7493d2ed7dc5477b577c975833", "arrayset_sample_writes.HDF5_00.time_add_float32_samples": "0129867de160f18e3f32817c805f819b0262cf26de791ce65132b571c5637910",