{"results": {"package.TimeImport.time_import": {"result": [0.3867877529999998], "stats": [{"ci_99": [0.38243512999999996, 0.430874599], "q_25": 0.3848918297500001, "q_75": 0.3908153857499999, "min": 0.38243512999999996, "max": 0.430874599, "mean": 0.39232995230000006, "std": 0.013940433345080354, "repeat": 10, "number": 1}]}, "arrayset_sample_reads.HDF5_00.peakmem_read_float32_2000_samples": 57704448, "arrayset_sample_reads.HDF5_00.peakmem_read_uint16_2000_samples": 55463936, "arrayset_sample_reads.HDF5_00.time_read_float32_2000_samples": {"result": [6.671070613], "stats": [{"ci_99": [-Infinity, Infinity], "q_25": 6.671070613, "q_75": 6.671070613, "min": 6.671070613, "max": 6.671070613, "mean": 6.671070613, "std": 0.0, "repeat": 1, "number": 1}]}, "arrayset_sample_reads.HDF5_00.time_read_uint16_2000_samples": {"result": [3.785325301000001], "stats": [{"ci_99": [-Infinity, Infinity], "q_25": 3.785325301000001, "q_75": 3.785325301000001, "min": 3.785325301000001, "max": 3.785325301000001, "mean": 3.785325301000001, "std": 0.0, "repeat": 1, "number": 1}]}, "arrayset_sample_reads.NUMPY_10.peakmem_read_float32_2000_samples": 1555849216, "arrayset_sample_reads.NUMPY_10.peakmem_read_uint16_2000_samples": 804429824, "arrayset_sample_reads.NUMPY_10.time_read_float32_2000_samples": {"result": [1.5981740629999996], "stats": [{"ci_99": [-Infinity, Infinity], "q_25": 1.5981740629999996, "q_75": 1.5981740629999996, "min": 1.5981740629999996, "max": 1.5981740629999996, "mean": 1.5981740629999996, "std": 0.0, "repeat": 1, "number": 1}]}, "arrayset_sample_reads.NUMPY_10.time_read_uint16_2000_samples": {"result": [0.8226387229999998], "stats": [{"ci_99": [-Infinity, Infinity], "q_25": 0.8226387229999998, "q_75": 0.8226387229999998, "min": 0.8226387229999998, "max": 0.8226387229999998, "mean": 0.8226387229999998, "std": 0.0, "repeat": 1, "number": 1}]}, "arrayset_sample_writes.HDF5_00.time_add_float32_samples": {"result": [10.254739012999998], "stats": [{"ci_99": [-Infinity, Infinity], "q_25": 10.254739012999998, "q_75": 10.254739012999998, "min": 10.254739012999998, "max": 10.254739012999998, "mean": 10.254739012999998, "std": 0.0, "repeat": 1, "number": 1}], "params": [["2000"]]}, "arrayset_sample_writes.HDF5_00.time_add_uint16_samples": {"result": [5.436329150000001], "stats": [{"ci_99": [-Infinity, Infinity], "q_25": 5.436329150000001, "q_75": 5.436329150000001, "min": 5.436329150000001, "max": 5.436329150000001, "mean": 5.436329150000001, "std": 0.0, "repeat": 1, "number": 1}], "params": [["2000"]]}, "arrayset_sample_writes.HDF5_00.track_repo_size_float32_samples": {"result": [280750723], "params": [["2000"]]}, "arrayset_sample_writes.HDF5_00.track_repo_size_uint16_samples": {"result": [244819531], "params": [["2000"]]}, "arrayset_sample_writes.NUMPY_10.time_add_float32_samples": {"result": [4.5641194490000006], "stats": [{"ci_99": [-Infinity, Infinity], "q_25": 4.5641194490000006, "q_75": 4.5641194490000006, "min": 4.5641194490000006, "max": 4.5641194490000006, "mean": 4.5641194490000006, "std": 0.0, "repeat": 1, "number": 1}], "params": [["2000"]]}, "arrayset_sample_writes.NUMPY_10.time_add_uint16_samples": {"result": [2.335322036], "stats": [{"ci_99": [-Infinity, Infinity], "q_25": 2.335322036, "q_75": 2.335322036, "min": 2.335322036, "max": 2.335322036, "mean": 2.335322036, "std": 0.0, "repeat": 1, "number": 1}], "params": [["2000"]]}, "arrayset_sample_writes.NUMPY_10.track_repo_size_float32_samples": {"result": [1501017078], "params": [["2000"]]}, "arrayset_sample_writes.NUMPY_10.track_repo_size_uint16_samples": {"result": [750988406], "params": [["2000"]]}}, "params": {"arch": "x86_64", "cpu": "Intel(R) Core(TM) i7-7820HQ CPU @ 2.90GHz", "machine": "rli-MPP17", "num_cpu": "8", "os": "OS-X 10.14", "ram": "17179869184", "python": "3.7"}, "requirements": {}, "commit_hash": "b13a73c0c281488b6bd5333660b9ddc1f7f697ba", "date": 1567588184000, "env_name": "virtualenv-py3.7", "python": "3.7", "profiles": {}, "started_at": {"package.TimeImport.time_import": 1572137186229, "arrayset_sample_reads.HDF5_00.peakmem_read_float32_2000_samples": 1572137047714, "arrayset_sample_reads.HDF5_00.peakmem_read_uint16_2000_samples": 1572137068613, "arrayset_sample_reads.HDF5_00.time_read_float32_2000_samples": 1572137073798, "arrayset_sample_reads.HDF5_00.time_read_uint16_2000_samples": 1572137088033, "arrayset_sample_reads.NUMPY_10.peakmem_read_float32_2000_samples": 1572137096424, "arrayset_sample_reads.NUMPY_10.peakmem_read_uint16_2000_samples": 1572137106395, "arrayset_sample_reads.NUMPY_10.time_read_float32_2000_samples": 1572137107743, "arrayset_sample_reads.NUMPY_10.time_read_uint16_2000_samples": 1572137111901, "arrayset_sample_writes.HDF5_00.time_add_float32_samples": 1572137114438, "arrayset_sample_writes.HDF5_00.time_add_uint16_samples": 1572137136547, "arrayset_sample_writes.HDF5_00.track_repo_size_float32_samples": 1572137147915, "arrayset_sample_writes.HDF5_00.track_repo_size_uint16_samples": 1572137157144, "arrayset_sample_writes.NUMPY_10.time_add_float32_samples": 1572137162366, "arrayset_sample_writes.NUMPY_10.time_add_uint16_samples": 1572137172556, "arrayset_sample_writes.NUMPY_10.track_repo_size_float32_samples": 1572137177921, "arrayset_sample_writes.NUMPY_10.track_repo_size_uint16_samples": 1572137183240}, "ended_at": {"package.TimeImport.time_import": 1572137188634, "arrayset_sample_reads.HDF5_00.peakmem_read_float32_2000_samples": 1572137068613, "arrayset_sample_reads.HDF5_00.peakmem_read_uint16_2000_samples": 1572137073798, "arrayset_sample_reads.HDF5_00.time_read_float32_2000_samples": 1572137088033, "arrayset_sample_reads.HDF5_00.time_read_uint16_2000_samples": 1572137096371, "arrayset_sample_reads.NUMPY_10.peakmem_read_float32_2000_samples": 1572137106395, "arrayset_sample_reads.NUMPY_10.peakmem_read_uint16_2000_samples": 1572137107743, "arrayset_sample_reads.NUMPY_10.time_read_float32_2000_samples": 1572137111901, "arrayset_sample_reads.NUMPY_10.time_read_uint16_2000_samples": 1572137114273, "arrayset_sample_writes.HDF5_00.time_add_float32_samples": 1572137136546, "arrayset_sample_writes.HDF5_00.time_add_uint16_samples": 1572137147915, "arrayset_sample_writes.HDF5_00.track_repo_size_float32_samples": 1572137157143, "arrayset_sample_writes.HDF5_00.track_repo_size_uint16_samples": 1572137162364, "arrayset_sample_writes.NUMPY_10.time_add_float32_samples": 1572137172555, "arrayset_sample_writes.NUMPY_10.time_add_uint16_samples": 1572137177920, "arrayset_sample_writes.NUMPY_10.track_repo_size_float32_samples": 1572137183239, "arrayset_sample_writes.NUMPY_10.track_repo_size_uint16_samples": 1572137186228}, "benchmark_version": {"package.TimeImport.time_import": "90bda1fe84972e4410749764c4df623d8858bfa92ada6507e859fc13cb08f894", "arrayset_sample_reads.HDF5_00.peakmem_read_float32_2000_samples": "a0fa1510bb68c02d0688014aae5453cf60012ba9d3c63c049d637cc6fdcbe335", "arrayset_sample_reads.HDF5_00.peakmem_read_uint16_2000_samples": "ddb3ccdfbe128018f936cc2f2e52ca7cfe0265f21982d094a4baadca08dd39eb", "arrayset_sample_reads.HDF5_00.time_read_float32_2000_samples": "315bbcf9cf0e629f8d079df27617dc8dede0765058d2518ca32f479592b5817e", "arrayset_sample_reads.HDF5_00.time_read_uint16_2000_samples": "383fb05383ea65e1850e44396618ac23b027d989d6ae305779f85fdc9aa96988", "arrayset_sample_reads.NUMPY_10.peakmem_read_float32_2000_samples": "65bbfe2a3823c903fcec365a0d31420ce0241dfd1cb1732b333f2e9d6c07cb59", "arrayset_sample_reads.NUMPY_10.peakmem_read_uint16_2000_samples": "cf2482b0c27e1ccd3d194111a0827947a7af23b26e2bc3bc6bfdb7fffc38f7e4", "arrayset_sample_reads.NUMPY_10.time_read_float32_2000_samples": "9ee6dd06ce20dd3335a16a89f961e9692435786920920858bb2aa2f88028e435", "arrayset_sample_reads.NUMPY_10.time_read_uint16_2000_samples": "c9648fc6d54eb7d4fe8d0f40ff8019ae46b1ae7493d2ed7dc5477b577c975833", "arrayset_sample_writes.HDF5_00.time_add_float32_samples": "0129867de160f18e3f32817c805f819b0262cf26de791ce65132b571c5637910",