{"results": {"package.TimeImport.time_import": {"result": [0.4032857455], "stats": [{"ci_99": [0.3686763380000002, 0.45304224899999995], "q_25": 0.38292137024999995, "q_75": 0.42871445875, "min": 0.3686763380000002, "max": 0.45304224899999995, "mean": 0.4078763798000001, "std": 0.02842036035838385, "repeat": 10, "number": 1}]}, "arrayset_sample_reads.HDF5_00.peakmem_read_float32_20000_samples": 78114816, "arrayset_sample_reads.HDF5_00.peakmem_read_uint16_20000_samples": 78688256, "arrayset_sample_reads.HDF5_00.time_read_float32_20000_samples": {"result": [7.3953630939999995], "stats": [{"ci_99": [-Infinity, Infinity], "q_25": 7.3953630939999995, "q_75": 7.3953630939999995, "min": 7.3953630939999995, "max": 7.3953630939999995, "mean": 7.3953630939999995, "std": 0.0, "repeat": 1, "number": 1}]}, "arrayset_sample_reads.HDF5_00.time_read_uint16_20000_samples": {"result": [5.78225513], "stats": [{"ci_99": [-Infinity, Infinity], "q_25": 5.78225513, "q_75": 5.78225513, "min": 5.78225513, "max": 5.78225513, "mean": 5.78225513, "std": 0.0, "repeat": 1, "number": 1}]}, "arrayset_sample_reads.NUMPY_10.peakmem_read_float32_20000_samples": 877744128, "arrayset_sample_reads.NUMPY_10.peakmem_read_uint16_20000_samples": 477892608, "arrayset_sample_reads.NUMPY_10.time_read_float32_20000_samples": {"result": [0.9650645219999999], "stats": [{"ci_99": [-Infinity, Infinity], "q_25": 0.9650645219999999, "q_75": 0.9650645219999999, "min": 0.9650645219999999, "max": 0.9650645219999999, "mean": 0.9650645219999999, "std": 0.0, "repeat": 1, "number": 1}]}, "arrayset_sample_reads.NUMPY_10.time_read_uint16_20000_samples": {"result": [0.558764642], "stats": [{"ci_99": [-Infinity, Infinity], "q_25": 0.558764642, "q_75": 0.558764642, "min": 0.558764642, "max": 0.558764642, "mean": 0.558764642, "std": 0.0, "repeat": 1, "number": 1}]}, "arrayset_sample_writes.HDF5_00.time_add_float32_samples": {"result": [0.538036847, 9.956510889], "stats": [{"ci_99": [-Infinity, Infinity], "q_25": 0.538036847, "q_75": 0.538036847, "min": 0.538036847, "max": 0.538036847, "mean": 0.538036847, "std": 0.0, "repeat": 1, "number": 1}, {"ci_99": [-Infinity, Infinity], "q_25": 9.956510889, "q_75": 9.956510889, "min": 9.956510889, "max": 9.956510889, "mean": 9.956510889, "std": 0.0, "repeat": 1, "number": 1}], "params": [["1000", "20000"]]}, "arrayset_sample_writes.HDF5_00.time_add_uint16_samples": {"result": [0.44813449899999996, 8.37803504], "stats": [{"ci_99": [-Infinity, Infinity], "q_25": 0.44813449899999996, "q_75": 0.44813449899999996, "min": 0.44813449899999996, "max": 0.44813449899999996, "mean": 0.44813449899999996, "std": 0.0, "repeat": 1, "number": 1}, {"ci_99": [-Infinity, Infinity], "q_25": 8.37803504, "q_75": 8.37803504, "min": 8.37803504, "max": 8.37803504, "mean": 8.37803504, "std": 0.0, "repeat": 1, "number": 1}], "params": [["1000", "20000"]]}, "arrayset_sample_writes.HDF5_00.track_repo_size_float32_samples": {"result": [11181662, 157380979], "params": [["1000", "20000"]]}, "arrayset_sample_writes.HDF5_00.track_repo_size_uint16_samples": {"result": [7421516, 145502308], "params": [["1000", "20000"]]}, "arrayset_sample_writes.NUMPY_10.time_add_float32_samples": {"result": [0.19994853899999998, 4.022081224], "stats": [{"ci_99": [-Infinity, Infinity], "q_25": 0.19994853899999998, "q_75": 0.19994853899999998, "min": 0.19994853899999998, "max": 0.19994853899999998, "mean": 0.19994853899999998, "std": 0.0, "repeat": 1, "number": 1}, {"ci_99": [-Infinity, Infinity], "q_25": 4.022081224, "q_75": 4.022081224, "min": 4.022081224, "max": 4.022081224, "mean": 4.022081224, "std": 0.0, "repeat": 1, "number": 1}], "params": [["1000", "20000"]]}, "arrayset_sample_writes.NUMPY_10.time_add_uint16_samples": {"result": [0.14125198400000005, 2.592545316], "stats": [{"ci_99": [-Infinity, Infinity], "q_25": 0.14125198400000005, "q_75": 0.14125198400000005, "min": 0.14125198400000005, "max": 0.14125198400000005, "mean": 0.14125198400000005, "std": 0.0, "repeat": 1, "number": 1}, {"ci_99": [-Infinity, Infinity], "q_25": 2.592545316, "q_75": 2.592545316, "min": 2.592545316, "max": 2.592545316, "mean": 2.592545316, "std": 0.0, "repeat": 1, "number": 1}], "params": [["1000", "20000"]]}, "arrayset_sample_writes.NUMPY_10.track_repo_size_float32_samples": {"result": [40545920, 808457728], "params": [["1000", "20000"]]}, "arrayset_sample_writes.NUMPY_10.track_repo_size_uint16_samples": {"result": [20554112, 408334848], "params": [["1000", "20000"]]}}, "params": {"arch": "x86_64", "cpu": "Intel(R) Core(TM) i7-7820HQ CPU @ 2.90GHz", "machine": "rli-MPP17", "num_cpu": "8", "os": "OS-X 10.14", "ram": "17179869184", "python": "3.7"}, "requirements": {}, "commit_hash": "b399241512a7329ed5d25d27f1f9787f01052cd3", "date": 1571113121000, "env_name": "virtualenv-py3.7", "python": "3.7", "profiles": {}, "started_at": {"package.TimeImport.time_import": 1572089516834, "arrayset_sample_reads.HDF5_00.peakmem_read_float32_20000_samples": 1572089391118, "arrayset_sample_reads.HDF5_00.peakmem_read_uint16_20000_samples": 1572089419190, "arrayset_sample_reads.HDF5_00.time_read_float32_20000_samples": 1572089426443, "arrayset_sample_reads.HDF5_00.time_read_uint16_20000_samples": 1572089434755, "arrayset_sample_reads.NUMPY_10.peakmem_read_float32_20000_samples": 1572089441389, "arrayset_sample_reads.NUMPY_10.peakmem_read_uint16_20000_samples": 1572089449740, "arrayset_sample_reads.NUMPY_10.time_read_float32_20000_samples": 1572089451104, "arrayset_sample_reads.NUMPY_10.time_read_uint16_20000_samples": 1572089452957, "arrayset_sample_writes.HDF5_00.time_add_float32_samples": 1572089454547, "arrayset_sample_writes.HDF5_00.time_add_uint16_samples": 1572089465870, "arrayset_sample_writes.HDF5_00.track_repo_size_float32_samples": 1572089475559, "arrayset_sample_writes.HDF5_00.track_repo_size_uint16_samples": 1572089487541, "arrayset_sample_writes.NUMPY_10.time_add_float32_samples": 1572089498506, "arrayset_sample_writes.NUMPY_10.time_add_uint16_samples": 1572089503765, "arrayset_sample_writes.NUMPY_10.track_repo_size_float32_samples": 1572089507599, "arrayset_sample_writes.NUMPY_10.track_repo_size_uint16_samples": 1572089513201}, "ended_at": {"package.TimeImport.time_import": 1572089519356, "arrayset_sample_reads.HDF5_00.peakmem_read_float32_20000_samples": 1572089419190, "arrayset_sample_reads.HDF5_00.peakmem_read_uint16_20000_samples": 1572089426443, "arrayset_sample_reads.HDF5_00.time_read_float32_20000_samples": 1572089434755, "arrayset_sample_reads.HDF5_00.time_read_uint16_20000_samples": 1572089441367, "arrayset_sample_reads.NUMPY_10.peakmem_read_float32_20000_samples": 1572089449740, "arrayset_sample_reads.NUMPY_10.peakmem_read_uint16_20000_samples": 1572089451104, "arrayset_sample_reads.NUMPY_10.time_read_float32_20000_samples": 1572089452956, "arrayset_sample_reads.NUMPY_10.time_read_uint16_20000_samples": 1572089454455, "arrayset_sample_writes.HDF5_00.time_add_float32_samples": 1572089465869, "arrayset_sample_writes.HDF5_00.time_add_uint16_samples": 1572089475558, "arrayset_sample_writes.HDF5_00.track_repo_size_float32_samples": 1572089487541, "arrayset_sample_writes.HDF5_00.track_repo_size_uint16_samples": 1572089498505, "arrayset_sample_writes.NUMPY_10.time_add_float32_samples": 1572089503765, "arrayset_sample_writes.NUMPY_10.time_add_uint16_samples": 1572089507599, "arrayset_sample_writes.NUMPY_10.track_repo_size_float32_samples": 1572089513200, "arrayset_sample_writes.NUMPY_10.track_repo_size_uint16_samples": 1572089516833},