{"results": {"package.TimeImport.time_import": {"result": [0.3933949845], "stats": [{"ci_99": [0.381673866, 0.44432066100000006], "q_25": 0.38552274225, "q_75": 0.3996162507499999, "min": 0.381673866, "max": 0.44432066100000006, "mean": 0.3980644769, "std": 0.018062150454171737, "repeat": 10, "number": 1}]}, "arrayset_sample_reads.HDF5_00.peakmem_read_float32_20000_samples": 78868480, "arrayset_sample_reads.HDF5_00.peakmem_read_uint16_20000_samples": 79216640, "arrayset_sample_reads.HDF5_00.time_read_float32_20000_samples": {"result": [7.801360897], "stats": [{"ci_99": [-Infinity, Infinity], "q_25": 7.801360897, "q_75": 7.801360897, "min": 7.801360897, "max": 7.801360897, "mean": 7.801360897, "std": 0.0, "repeat": 1, "number": 1}]}, "arrayset_sample_reads.HDF5_00.time_read_uint16_20000_samples": {"result": [6.364657066], "stats": [{"ci_99": [-Infinity, Infinity], "q_25": 6.364657066, "q_75": 6.364657066, "min": 6.364657066, "max": 6.364657066, "mean": 6.364657066, "std": 0.0, "repeat": 1, "number": 1}]}, "arrayset_sample_reads.NUMPY_10.peakmem_read_float32_20000_samples": 878567424, "arrayset_sample_reads.NUMPY_10.peakmem_read_uint16_20000_samples": 478793728, "arrayset_sample_reads.NUMPY_10.time_read_float32_20000_samples": {"result": [0.991842578], "stats": [{"ci_99": [-Infinity, Infinity], "q_25": 0.991842578, "q_75": 0.991842578, "min": 0.991842578, "max": 0.991842578, "mean": 0.991842578, "std": 0.0, "repeat": 1, "number": 1}]}, "arrayset_sample_reads.NUMPY_10.time_read_uint16_20000_samples": {"result": [0.5602935860000001], "stats": [{"ci_99": [-Infinity, Infinity], "q_25": 0.5602935860000001, "q_75": 0.5602935860000001, "min": 0.5602935860000001, "max": 0.5602935860000001, "mean": 0.5602935860000001, "std": 0.0, "repeat": 1, "number": 1}]}, "arrayset_sample_writes.HDF5_00.time_add_float32_samples": {"result": [0.6087838780000001, 10.627636918], "stats": [{"ci_99": [-Infinity, Infinity], "q_25": 0.6087838780000001, "q_75": 0.6087838780000001, "min": 0.6087838780000001, "max": 0.6087838780000001, "mean": 0.6087838780000001, "std": 0.0, "repeat": 1, "number": 1}, {"ci_99": [-Infinity, Infinity], "q_25": 10.627636918, "q_75": 10.627636918, "min": 10.627636918, "max": 10.627636918, "mean": 10.627636918, "std": 0.0, "repeat": 1, "number": 1}], "params": [["1000", "20000"]]}, "arrayset_sample_writes.HDF5_00.time_add_uint16_samples": {"result": [0.48104400399999997, 8.904807565], "stats": [{"ci_99": [-Infinity, Infinity], "q_25": 0.48104400399999997, "q_75": 0.48104400399999997, "min": 0.48104400399999997, "max": 0.48104400399999997, "mean": 0.48104400399999997, "std": 0.0, "repeat": 1, "number": 1}, {"ci_99": [-Infinity, Infinity], "q_25": 8.904807565, "q_75": 8.904807565, "min": 8.904807565, "max": 8.904807565, "mean": 8.904807565, "std": 0.0, "repeat": 1, "number": 1}], "params": [["1000", "20000"]]}, "arrayset_sample_writes.HDF5_00.track_repo_size_float32_samples": {"result": [11181652, 157380969], "params": [["1000", "20000"]]}, "arrayset_sample_writes.HDF5_00.track_repo_size_uint16_samples": {"result": [7421509, 145502239], "params": [["1000", "20000"]]}, "arrayset_sample_writes.NUMPY_10.time_add_float32_samples": {"result": [0.20757417000000006, 4.0692276750000005], "stats": [{"ci_99": [-Infinity, Infinity], "q_25": 0.20757417000000006, "q_75": 0.20757417000000006, "min": 0.20757417000000006, "max": 0.20757417000000006, "mean": 0.20757417000000006, "std": 0.0, "repeat": 1, "number": 1}, {"ci_99": [-Infinity, Infinity], "q_25": 4.0692276750000005, "q_75": 4.0692276750000005, "min": 4.0692276750000005, "max": 4.0692276750000005, "mean": 4.0692276750000005, "std": 0.0, "repeat": 1, "number": 1}], "params": [["1000", "20000"]]}, "arrayset_sample_writes.NUMPY_10.time_add_uint16_samples": {"result": [0.12732932100000005, 2.49122961], "stats": [{"ci_99": [-Infinity, Infinity], "q_25": 0.12732932100000005, "q_75": 0.12732932100000005, "min": 0.12732932100000005, "max": 0.12732932100000005, "mean": 0.12732932100000005, "std": 0.0, "repeat": 1, "number": 1}, {"ci_99": [-Infinity, Infinity], "q_25": 2.49122961, "q_75": 2.49122961, "min": 2.49122961, "max": 2.49122961, "mean": 2.49122961, "std": 0.0, "repeat": 1, "number": 1}], "params": [["1000", "20000"]]}, "arrayset_sample_writes.NUMPY_10.track_repo_size_float32_samples": {"result": [40545910, 808457718], "params": [["1000", "20000"]]}, "arrayset_sample_writes.NUMPY_10.track_repo_size_uint16_samples": {"result": [20554102, 408334838], "params": [["1000", "20000"]]}}, "params": {"arch": "x86_64", "cpu": "Intel(R) Core(TM) i7-7820HQ CPU @ 2.90GHz", "machine": "rli-MPP17", "num_cpu": "8", "os": "OS-X 10.14", "ram": "17179869184", "python": "3.7"}, "requirements": {}, "commit_hash": "c64f32fb1ac7825ba82588fb87de51a29e581fdd", "date": 1568099763000, "env_name": "virtualenv-py3.7", "python": "3.7", "profiles": {}, "started_at": {"package.TimeImport.time_import": 1572091433749, "arrayset_sample_reads.HDF5_00.peakmem_read_float32_20000_samples": 1572091303574, "arrayset_sample_reads.HDF5_00.peakmem_read_uint16_20000_samples": 1572091333992, "arrayset_sample_reads.HDF5_00.time_read_float32_20000_samples": 1572091340722, "arrayset_sample_reads.HDF5_00.time_read_uint16_20000_samples": 1572091349496, "arrayset_sample_reads.NUMPY_10.peakmem_read_float32_20000_samples": 1572091356742, "arrayset_sample_reads.NUMPY_10.peakmem_read_uint16_20000_samples": 1572091365746, "arrayset_sample_reads.NUMPY_10.time_read_float32_20000_samples": 1572091367361, "arrayset_sample_reads.NUMPY_10.time_read_uint16_20000_samples": 1572091369291, "arrayset_sample_writes.HDF5_00.time_add_float32_samples": 1572091370862, "arrayset_sample_writes.HDF5_00.time_add_uint16_samples": 1572091383058, "arrayset_sample_writes.HDF5_00.track_repo_size_float32_samples": 1572091393406, "arrayset_sample_writes.HDF5_00.track_repo_size_uint16_samples": 1572091406018, "arrayset_sample_writes.NUMPY_10.time_add_float32_samples": 1572091416412, "arrayset_sample_writes.NUMPY_10.time_add_uint16_samples": 1572091421636, "arrayset_sample_writes.NUMPY_10.track_repo_size_float32_samples": 1572091425250, "arrayset_sample_writes.NUMPY_10.track_repo_size_uint16_samples": 1572091430305}, "ended_at": {"package.TimeImport.time_import": 1572091436180, "arrayset_sample_reads.HDF5_00.peakmem_read_float32_20000_samples": 1572091333992, "arrayset_sample_reads.HDF5_00.peakmem_read_uint16_20000_samples": 1572091340722, "arrayset_sample_reads.HDF5_00.time_read_float32_20000_samples": 1572091349496, "arrayset_sample_reads.HDF5_00.time_read_uint16_20000_samples": 1572091356721, "arrayset_sample_reads.NUMPY_10.peakmem_read_float32_20000_samples": 1572091365746, "arrayset_sample_reads.NUMPY_10.peakmem_read_uint16_20000_samples": 1572091367361, "arrayset_sample_reads.NUMPY_10.time_read_float32_20000_samples": 1572091369290, "arrayset_sample_reads.NUMPY_10.time_read_uint16_20000_samples": 1572091370773, "arrayset_sample_writes.HDF5_00.time_add_float32_samples": 1572091383057, "arrayset_sample_writes.HDF5_00.time_add_uint16_samples": 1572091393405, "arrayset_sample_writes.HDF5_00.track_repo_size_float32_samples": 1572091406017, "arrayset_sample_writes.HDF5_00.track_repo_size_uint16_samples": 1572091416411, "arrayset_sample_writes.NUMPY_10.time_add_float32_samples": 1572091421635, "arrayset_sample_writes.NUMPY_10.time_add_uint16_samples": 1572091425250, "arrayset_sample_writes.NUMPY_10.track_repo_size_float32_samples": 1572091430305, "arrayset_sample_writes.NUMPY_10.track_repo_size_uint16_samples": 1572091433749},