{"results": {"package.TimeImport.time_import": {"result": [0.381943932], "stats": [{"ci_99": [0.37754217200000006, 0.41319209300000004], "q_25": 0.38010127400000016, "q_75": 0.3851156365, "min": 0.37754217200000006, "max": 0.41319209300000004, "mean": 0.3857287544000001, "std": 0.010261018296563878, "repeat": 10, "number": 1}]}, "arrayset_sample_reads.HDF5_00.peakmem_read_float32_2000_samples": 57348096, "arrayset_sample_reads.HDF5_00.peakmem_read_uint16_2000_samples": 55652352, "arrayset_sample_reads.HDF5_00.time_read_float32_2000_samples": {"result": [5.829812606999999], "stats": [{"ci_99": [-Infinity, Infinity], "q_25": 5.829812606999999, "q_75": 5.829812606999999, "min": 5.829812606999999, "max": 5.829812606999999, "mean": 5.829812606999999, "std": 0.0, "repeat": 1, "number": 1}]}, "arrayset_sample_reads.HDF5_00.time_read_uint16_2000_samples": {"result": [3.9079262980000005], "stats": [{"ci_99": [-Infinity, Infinity], "q_25": 3.9079262980000005, "q_75": 3.9079262980000005, "min": 3.9079262980000005, "max": 3.9079262980000005, "mean": 3.9079262980000005, "std": 0.0, "repeat": 1, "number": 1}]}, "arrayset_sample_reads.NUMPY_10.peakmem_read_float32_2000_samples": 1555353600, "arrayset_sample_reads.NUMPY_10.peakmem_read_uint16_2000_samples": 803790848, "arrayset_sample_reads.NUMPY_10.time_read_float32_2000_samples": {"result": [1.987557068], "stats": [{"ci_99": [-Infinity, Infinity], "q_25": 1.987557068, "q_75": 1.987557068, "min": 1.987557068, "max": 1.987557068, "mean": 1.987557068, "std": 0.0, "repeat": 1, "number": 1}]}, "arrayset_sample_reads.NUMPY_10.time_read_uint16_2000_samples": {"result": [0.753430227], "stats": [{"ci_99": [-Infinity, Infinity], "q_25": 0.753430227, "q_75": 0.753430227, "min": 0.753430227, "max": 0.753430227, "mean": 0.753430227, "std": 0.0, "repeat": 1, "number": 1}]}, "arrayset_sample_writes.HDF5_00.time_add_float32_samples": {"result": [8.720015466], "stats": [{"ci_99": [-Infinity, Infinity], "q_25": 8.720015466, "q_75": 8.720015466, "min": 8.720015466, "max": 8.720015466, "mean": 8.720015466, "std": 0.0, "repeat": 1, "number": 1}], "params": [["2000"]]}, "arrayset_sample_writes.HDF5_00.time_add_uint16_samples": {"result": [5.404852979000001], "stats": [{"ci_99": [-Infinity, Infinity], "q_25": 5.404852979000001, "q_75": 5.404852979000001, "min": 5.404852979000001, "max": 5.404852979000001, "mean": 5.404852979000001, "std": 0.0, "repeat": 1, "number": 1}], "params": [["2000"]]}, "arrayset_sample_writes.HDF5_00.track_repo_size_float32_samples": {"result": [304347562], "params": [["2000"]]}, "arrayset_sample_writes.HDF5_00.track_repo_size_uint16_samples": {"result": [246349714], "params": [["2000"]]}, "arrayset_sample_writes.NUMPY_10.time_add_float32_samples": {"result": [4.562531946], "stats": [{"ci_99": [-Infinity, Infinity], "q_25": 4.562531946, "q_75": 4.562531946, "min": 4.562531946, "max": 4.562531946, "mean": 4.562531946, "std": 0.0, "repeat": 1, "number": 1}], "params": [["2000"]]}, "arrayset_sample_writes.NUMPY_10.time_add_uint16_samples": {"result": [2.3584367609999997], "stats": [{"ci_99": [-Infinity, Infinity], "q_25": 2.3584367609999997, "q_75": 2.3584367609999997, "min": 2.3584367609999997, "max": 2.3584367609999997, "mean": 2.3584367609999997, "std": 0.0, "repeat": 1, "number": 1}], "params": [["2000"]]}, "arrayset_sample_writes.NUMPY_10.track_repo_size_float32_samples": {"result": [1500980214], "params": [["2000"]]}, "arrayset_sample_writes.NUMPY_10.track_repo_size_uint16_samples": {"result": [750951542], "params": [["2000"]]}}, "params": {"arch": "x86_64", "cpu": "Intel(R) Core(TM) i7-7820HQ CPU @ 2.90GHz", "machine": "rli-MPP17", "num_cpu": "8", "os": "OS-X 10.14", "ram": "17179869184", "python": "3.7"}, "requirements": {}, "commit_hash": "c64f32fb1ac7825ba82588fb87de51a29e581fdd", "date": 1568099763000, "env_name": "virtualenv-py3.7", "python": "3.7", "profiles": {}, "started_at": {"package.TimeImport.time_import": 1572135679354, "arrayset_sample_reads.HDF5_00.peakmem_read_float32_2000_samples": 1572135545385, "arrayset_sample_reads.HDF5_00.peakmem_read_uint16_2000_samples": 1572135566271, "arrayset_sample_reads.HDF5_00.time_read_float32_2000_samples": 1572135570606, "arrayset_sample_reads.HDF5_00.time_read_uint16_2000_samples": 1572135582832, "arrayset_sample_reads.NUMPY_10.peakmem_read_float32_2000_samples": 1572135591135, "arrayset_sample_reads.NUMPY_10.peakmem_read_uint16_2000_samples": 1572135603103, "arrayset_sample_reads.NUMPY_10.time_read_float32_2000_samples": 1572135604317, "arrayset_sample_reads.NUMPY_10.time_read_uint16_2000_samples": 1572135608441, "arrayset_sample_writes.HDF5_00.time_add_float32_samples": 1572135610711, "arrayset_sample_writes.HDF5_00.time_add_uint16_samples": 1572135629326, "arrayset_sample_writes.HDF5_00.track_repo_size_float32_samples": 1572135640584, "arrayset_sample_writes.HDF5_00.track_repo_size_uint16_samples": 1572135649659, "arrayset_sample_writes.NUMPY_10.time_add_float32_samples": 1572135655498, "arrayset_sample_writes.NUMPY_10.time_add_uint16_samples": 1572135665606, "arrayset_sample_writes.NUMPY_10.track_repo_size_float32_samples": 1572135671040, "arrayset_sample_writes.NUMPY_10.track_repo_size_uint16_samples": 1572135676431}, "ended_at": {"package.TimeImport.time_import": 1572135681758, "arrayset_sample_reads.HDF5_00.peakmem_read_float32_2000_samples": 1572135566271, "arrayset_sample_reads.HDF5_00.peakmem_read_uint16_2000_samples": 1572135570606, "arrayset_sample_reads.HDF5_00.time_read_float32_2000_samples": 1572135582832, "arrayset_sample_reads.HDF5_00.time_read_uint16_2000_samples": 1572135591094, "arrayset_sample_reads.NUMPY_10.peakmem_read_float32_2000_samples": 1572135603102, "arrayset_sample_reads.NUMPY_10.peakmem_read_uint16_2000_samples": 1572135604316, "arrayset_sample_reads.NUMPY_10.time_read_float32_2000_samples": 1572135608440, "arrayset_sample_reads.NUMPY_10.time_read_uint16_2000_samples": 1572135610554, "arrayset_sample_writes.HDF5_00.time_add_float32_samples": 1572135629326, "arrayset_sample_writes.HDF5_00.time_add_uint16_samples": 1572135640583, "arrayset_sample_writes.HDF5_00.track_repo_size_float32_samples": 1572135649658, "arrayset_sample_writes.HDF5_00.track_repo_size_uint16_samples": 1572135655496, "arrayset_sample_writes.NUMPY_10.time_add_float32_samples": 1572135665605, "arrayset_sample_writes.NUMPY_10.time_add_uint16_samples": 1572135671040, "arrayset_sample_writes.NUMPY_10.track_repo_size_float32_samples": 1572135676431, "arrayset_sample_writes.NUMPY_10.track_repo_size_uint16_samples": 1572135679354}, "benchmark_version": {"package.TimeImport.time_import": "90bda1fe84972e4410749764c4df623d8858bfa92ada6507e859fc13cb08f894", "arrayset_sample_reads.HDF5_00.peakmem_read_float32_2000_samples": "a0fa1510bb68c02d0688014aae5453cf60012ba9d3c63c049d637cc6fdcbe335", "arrayset_sample_reads.HDF5_00.peakmem_read_uint16_2000_samples": "ddb3ccdfbe128018f936cc2f2e52ca7cfe0265f21982d094a4baadca08dd39eb", "arrayset_sample_reads.HDF5_00.time_read_float32_2000_samples": "315bbcf9cf0e629f8d079df27617dc8dede0765058d2518ca32f479592b5817e", "arrayset_sample_reads.HDF5_00.time_read_uint16_2000_samples": "383fb05383ea65e1850e44396618ac23b027d989d6ae305779f85fdc9aa96988", "arrayset_sample_reads.NUMPY_10.peakmem_read_float32_2000_samples": "65bbfe2a3823c903fcec365a0d31420ce0241dfd1cb1732b333f2e9d6c07cb59", "arrayset_sample_reads.NUMPY_10.peakmem_read_uint16_2000_samples": "cf2482b0c27e1ccd3d194111a0827947a7af23b26e2bc3bc6bfdb7fffc38f7e4", "arrayset_sample_reads.NUMPY_10.time_read_float32_2000_samples": "9ee6dd06ce20dd3335a16a89f961e9692435786920920858bb2aa2f88028e435", "arrayset_sample_reads.NUMPY_10.time_read_uint16_2000_samples": "c9648fc6d54eb7d4fe8d0f40ff8019ae46b1ae7493d2ed7dc5477b577c975833", "arrayset_sample_writes.HDF5_00.time_add_float32_samples": "0129867de160f18e3f32817c805f819b0262cf26de791ce65132b571c5637910",