{"results": {"package.TimeImport.time_import": {"result": [0.40952894900000014], "stats": [{"ci_99": [0.37793939200000004, 0.4682408309999999], "q_25": 0.3953296707499999, "q_75": 0.4305413255, "min": 0.37793939200000004, "max": 0.4682408309999999, "mean": 0.4131409125000001, "std": 0.025930112510241275, "repeat": 10, "number": 1}]}, "arrayset_sample_reads.HDF5_00.peakmem_read_float32_20000_samples": 78061568, "arrayset_sample_reads.HDF5_00.peakmem_read_uint16_20000_samples": 78696448, "arrayset_sample_reads.HDF5_00.time_read_float32_20000_samples": {"result": [8.222800655999999], "stats": [{"ci_99": [-Infinity, Infinity], "q_25": 8.222800655999999, "q_75": 8.222800655999999, "min": 8.222800655999999, "max": 8.222800655999999, "mean": 8.222800655999999, "std": 0.0, "repeat": 1, "number": 1}]}, "arrayset_sample_reads.HDF5_00.time_read_uint16_20000_samples": {"result": [6.232042527], "stats": [{"ci_99": [-Infinity, Infinity], "q_25": 6.232042527, "q_75": 6.232042527, "min": 6.232042527, "max": 6.232042527, "mean": 6.232042527, "std": 0.0, "repeat": 1, "number": 1}]}, "arrayset_sample_reads.NUMPY_10.peakmem_read_float32_20000_samples": 877744128, "arrayset_sample_reads.NUMPY_10.peakmem_read_uint16_20000_samples": 478003200, "arrayset_sample_reads.NUMPY_10.time_read_float32_20000_samples": {"result": [0.950615082], "stats": [{"ci_99": [-Infinity, Infinity], "q_25": 0.950615082, "q_75": 0.950615082, "min": 0.950615082, "max": 0.950615082, "mean": 0.950615082, "std": 0.0, "repeat": 1, "number": 1}]}, "arrayset_sample_reads.NUMPY_10.time_read_uint16_20000_samples": {"result": [0.5866608349999999], "stats": [{"ci_99": [-Infinity, Infinity], "q_25": 0.5866608349999999, "q_75": 0.5866608349999999, "min": 0.5866608349999999, "max": 0.5866608349999999, "mean": 0.5866608349999999, "std": 0.0, "repeat": 1, "number": 1}]}, "arrayset_sample_writes.HDF5_00.time_add_float32_samples": {"result": [0.58419669, 10.953199674], "stats": [{"ci_99": [-Infinity, Infinity], "q_25": 0.58419669, "q_75": 0.58419669, "min": 0.58419669, "max": 0.58419669, "mean": 0.58419669, "std": 0.0, "repeat": 1, "number": 1}, {"ci_99": [-Infinity, Infinity], "q_25": 10.953199674, "q_75": 10.953199674, "min": 10.953199674, "max": 10.953199674, "mean": 10.953199674, "std": 0.0, "repeat": 1, "number": 1}], "params": [["1000", "20000"]]}, "arrayset_sample_writes.HDF5_00.time_add_uint16_samples": {"result": [0.498343453, 9.173834682999999], "stats": [{"ci_99": [-Infinity, Infinity], "q_25": 0.498343453, "q_75": 0.498343453, "min": 0.498343453, "max": 0.498343453, "mean": 0.498343453, "std": 0.0, "repeat": 1, "number": 1}, {"ci_99": [-Infinity, Infinity], "q_25": 9.173834682999999, "q_75": 9.173834682999999, "min": 9.173834682999999, "max": 9.173834682999999, "mean": 9.173834682999999, "std": 0.0, "repeat": 1, "number": 1}], "params": [["1000", "20000"]]}, "arrayset_sample_writes.HDF5_00.track_repo_size_float32_samples": {"result": [11181662, 157380979], "params": [["1000", "20000"]]}, "arrayset_sample_writes.HDF5_00.track_repo_size_uint16_samples": {"result": [7421520, 145502215], "params": [["1000", "20000"]]}, "arrayset_sample_writes.NUMPY_10.time_add_float32_samples": {"result": [0.186695762, 3.8891085100000002], "stats": [{"ci_99": [-Infinity, Infinity], "q_25": 0.186695762, "q_75": 0.186695762, "min": 0.186695762, "max": 0.186695762, "mean": 0.186695762, "std": 0.0, "repeat": 1, "number": 1}, {"ci_99": [-Infinity, Infinity], "q_25": 3.8891085100000002, "q_75": 3.8891085100000002, "min": 3.8891085100000002, "max": 3.8891085100000002, "mean": 3.8891085100000002, "std": 0.0, "repeat": 1, "number": 1}], "params": [["1000", "20000"]]}, "arrayset_sample_writes.NUMPY_10.time_add_uint16_samples": {"result": [0.12425261899999995, 2.436708647], "stats": [{"ci_99": [-Infinity, Infinity], "q_25": 0.12425261899999995, "q_75": 0.12425261899999995, "min": 0.12425261899999995, "max": 0.12425261899999995, "mean": 0.12425261899999995, "std": 0.0, "repeat": 1, "number": 1}, {"ci_99": [-Infinity, Infinity], "q_25": 2.436708647, "q_75": 2.436708647, "min": 2.436708647, "max": 2.436708647, "mean": 2.436708647, "std": 0.0, "repeat": 1, "number": 1}], "params": [["1000", "20000"]]}, "arrayset_sample_writes.NUMPY_10.track_repo_size_float32_samples": {"result": [40545920, 808457728], "params": [["1000", "20000"]]}, "arrayset_sample_writes.NUMPY_10.track_repo_size_uint16_samples": {"result": [20554112, 408334848], "params": [["1000", "20000"]]}}, "params": {"arch": "x86_64", "cpu": "Intel(R) Core(TM) i7-7820HQ CPU @ 2.90GHz", "machine": "rli-MPP17", "num_cpu": "8", "os": "OS-X 10.14", "ram": "17179869184", "python": "3.7"}, "requirements": {}, "commit_hash": "e1b05834b624da030cc91ea0253d72afb65ee73b", "date": 1571123217000, "env_name": "virtualenv-py3.7", "python": "3.7", "profiles": {}, "started_at": {"package.TimeImport.time_import": 1572089802811, "arrayset_sample_reads.HDF5_00.peakmem_read_float32_20000_samples": 1572089671685, "arrayset_sample_reads.HDF5_00.peakmem_read_uint16_20000_samples": 1572089701887, "arrayset_sample_reads.HDF5_00.time_read_float32_20000_samples": 1572089709312, "arrayset_sample_reads.HDF5_00.time_read_uint16_20000_samples": 1572089718453, "arrayset_sample_reads.NUMPY_10.peakmem_read_float32_20000_samples": 1572089725602, "arrayset_sample_reads.NUMPY_10.peakmem_read_uint16_20000_samples": 1572089734359, "arrayset_sample_reads.NUMPY_10.time_read_float32_20000_samples": 1572089735838, "arrayset_sample_reads.NUMPY_10.time_read_uint16_20000_samples": 1572089737671, "arrayset_sample_writes.HDF5_00.time_add_float32_samples": 1572089739224, "arrayset_sample_writes.HDF5_00.time_add_uint16_samples": 1572089751681, "arrayset_sample_writes.HDF5_00.track_repo_size_float32_samples": 1572089762298, "arrayset_sample_writes.HDF5_00.track_repo_size_uint16_samples": 1572089774689, "arrayset_sample_writes.NUMPY_10.time_add_float32_samples": 1572089785624, "arrayset_sample_writes.NUMPY_10.time_add_uint16_samples": 1572089790768, "arrayset_sample_writes.NUMPY_10.track_repo_size_float32_samples": 1572089794216, "arrayset_sample_writes.NUMPY_10.track_repo_size_uint16_samples": 1572089799230}, "ended_at": {"package.TimeImport.time_import": 1572089805397, "arrayset_sample_reads.HDF5_00.peakmem_read_float32_20000_samples": 1572089701887, "arrayset_sample_reads.HDF5_00.peakmem_read_uint16_20000_samples": 1572089709311, "arrayset_sample_reads.HDF5_00.time_read_float32_20000_samples": 1572089718453, "arrayset_sample_reads.HDF5_00.time_read_uint16_20000_samples": 1572089725580, "arrayset_sample_reads.NUMPY_10.peakmem_read_float32_20000_samples": 1572089734358, "arrayset_sample_reads.NUMPY_10.peakmem_read_uint16_20000_samples": 1572089735838, "arrayset_sample_reads.NUMPY_10.time_read_float32_20000_samples": 1572089737671, "arrayset_sample_reads.NUMPY_10.time_read_uint16_20000_samples": 1572089739156, "arrayset_sample_writes.HDF5_00.time_add_float32_samples": 1572089751680, "arrayset_sample_writes.HDF5_00.time_add_uint16_samples": 1572089762297, "arrayset_sample_writes.HDF5_00.track_repo_size_float32_samples": 1572089774688, "arrayset_sample_writes.HDF5_00.track_repo_size_uint16_samples": 1572089785623, "arrayset_sample_writes.NUMPY_10.time_add_float32_samples": 1572089790767, "arrayset_sample_writes.NUMPY_10.time_add_uint16_samples": 1572089794216, "arrayset_sample_writes.NUMPY_10.track_repo_size_float32_samples": 1572089799229, "arrayset_sample_writes.NUMPY_10.track_repo_size_uint16_samples": 1572089802810},