{"results": {"package.TimeImport.time_import": {"result": [0.44025434500000005], "stats": [{"ci_99": [0.38791095100000006, 0.5038902649999999], "q_25": 0.40950846699999993, "q_75": 0.46338983899999986, "min": 0.38791095100000006, "max": 0.5038902649999999, "mean": 0.44172027889999993, "std": 0.03954084215740443, "repeat": 10, "number": 1}]}, "arrayset_sample_reads.HDF5_00.peakmem_read_float32_2000_samples": 57507840, "arrayset_sample_reads.HDF5_00.peakmem_read_uint16_2000_samples": 55799808, "arrayset_sample_reads.HDF5_00.time_read_float32_2000_samples": {"result": [6.533032424], "stats": [{"ci_99": [-Infinity, Infinity], "q_25": 6.533032424, "q_75": 6.533032424, "min": 6.533032424, "max": 6.533032424, "mean": 6.533032424, "std": 0.0, "repeat": 1, "number": 1}]}, "arrayset_sample_reads.HDF5_00.time_read_uint16_2000_samples": {"result": [4.74063996], "stats": [{"ci_99": [-Infinity, Infinity], "q_25": 4.74063996, "q_75": 4.74063996, "min": 4.74063996, "max": 4.74063996, "mean": 4.74063996, "std": 0.0, "repeat": 1, "number": 1}]}, "arrayset_sample_reads.NUMPY_10.peakmem_read_float32_2000_samples": 1555558400, "arrayset_sample_reads.NUMPY_10.peakmem_read_uint16_2000_samples": 803864576, "arrayset_sample_reads.NUMPY_10.time_read_float32_2000_samples": {"result": [1.511747689], "stats": [{"ci_99": [-Infinity, Infinity], "q_25": 1.511747689, "q_75": 1.511747689, "min": 1.511747689, "max": 1.511747689, "mean": 1.511747689, "std": 0.0, "repeat": 1, "number": 1}]}, "arrayset_sample_reads.NUMPY_10.time_read_uint16_2000_samples": {"result": [0.789259752], "stats": [{"ci_99": [-Infinity, Infinity], "q_25": 0.789259752, "q_75": 0.789259752, "min": 0.789259752, "max": 0.789259752, "mean": 0.789259752, "std": 0.0, "repeat": 1, "number": 1}]}, "arrayset_sample_writes.HDF5_00.time_add_float32_samples": {"result": [11.260503055000001], "stats": [{"ci_99": [-Infinity, Infinity], "q_25": 11.260503055000001, "q_75": 11.260503055000001, "min": 11.260503055000001, "max": 11.260503055000001, "mean": 11.260503055000001, "std": 0.0, "repeat": 1, "number": 1}], "params": [["2000"]]}, "arrayset_sample_writes.HDF5_00.time_add_uint16_samples": {"result": [6.428035364], "stats": [{"ci_99": [-Infinity, Infinity], "q_25": 6.428035364, "q_75": 6.428035364, "min": 6.428035364, "max": 6.428035364, "mean": 6.428035364, "std": 0.0, "repeat": 1, "number": 1}], "params": [["2000"]]}, "arrayset_sample_writes.HDF5_00.track_repo_size_float32_samples": {"result": [304347562], "params": [["2000"]]}, "arrayset_sample_writes.HDF5_00.track_repo_size_uint16_samples": {"result": [246349714], "params": [["2000"]]}, "arrayset_sample_writes.NUMPY_10.time_add_float32_samples": {"result": [5.890925017999999], "stats": [{"ci_99": [-Infinity, Infinity], "q_25": 5.890925017999999, "q_75": 5.890925017999999, "min": 5.890925017999999, "max": 5.890925017999999, "mean": 5.890925017999999, "std": 0.0, "repeat": 1, "number": 1}], "params": [["2000"]]}, "arrayset_sample_writes.NUMPY_10.time_add_uint16_samples": {"result": [2.411079358], "stats": [{"ci_99": [-Infinity, Infinity], "q_25": 2.411079358, "q_75": 2.411079358, "min": 2.411079358, "max": 2.411079358, "mean": 2.411079358, "std": 0.0, "repeat": 1, "number": 1}], "params": [["2000"]]}, "arrayset_sample_writes.NUMPY_10.track_repo_size_float32_samples": {"result": [1500980214], "params": [["2000"]]}, "arrayset_sample_writes.NUMPY_10.track_repo_size_uint16_samples": {"result": [750951542], "params": [["2000"]]}}, "params": {"arch": "x86_64", "cpu": "Intel(R) Core(TM) i7-7820HQ CPU @ 2.90GHz", "machine": "rli-MPP17", "num_cpu": "8", "os": "OS-X 10.14", "ram": "17179869184", "python": "3.7"}, "requirements": {}, "commit_hash": "e2c7a89ccb9ddb379e8a3fa8f20dae20fcfb6345", "date": 1570518622000, "env_name": "virtualenv-py3.7", "python": "3.7", "profiles": {}, "started_at": {"package.TimeImport.time_import": 1572136729177, "arrayset_sample_reads.HDF5_00.peakmem_read_float32_2000_samples": 1572136577352, "arrayset_sample_reads.HDF5_00.peakmem_read_uint16_2000_samples": 1572136602255, "arrayset_sample_reads.HDF5_00.time_read_float32_2000_samples": 1572136607287, "arrayset_sample_reads.HDF5_00.time_read_uint16_2000_samples": 1572136621192, "arrayset_sample_reads.NUMPY_10.peakmem_read_float32_2000_samples": 1572136630694, "arrayset_sample_reads.NUMPY_10.peakmem_read_uint16_2000_samples": 1572136641477, "arrayset_sample_reads.NUMPY_10.time_read_float32_2000_samples": 1572136642646, "arrayset_sample_reads.NUMPY_10.time_read_uint16_2000_samples": 1572136646097, "arrayset_sample_writes.HDF5_00.time_add_float32_samples": 1572136648715, "arrayset_sample_writes.HDF5_00.time_add_uint16_samples": 1572136670422, "arrayset_sample_writes.HDF5_00.track_repo_size_float32_samples": 1572136683457, "arrayset_sample_writes.HDF5_00.track_repo_size_uint16_samples": 1572136695023, "arrayset_sample_writes.NUMPY_10.time_add_float32_samples": 1572136702133, "arrayset_sample_writes.NUMPY_10.time_add_uint16_samples": 1572136714543, "arrayset_sample_writes.NUMPY_10.track_repo_size_float32_samples": 1572136720340, "arrayset_sample_writes.NUMPY_10.track_repo_size_uint16_samples": 1572136726110}, "ended_at": {"package.TimeImport.time_import": 1572136731794, "arrayset_sample_reads.HDF5_00.peakmem_read_float32_2000_samples": 1572136602255, "arrayset_sample_reads.HDF5_00.peakmem_read_uint16_2000_samples": 1572136607287, "arrayset_sample_reads.HDF5_00.time_read_float32_2000_samples": 1572136621191, "arrayset_sample_reads.HDF5_00.time_read_uint16_2000_samples": 1572136630651, "arrayset_sample_reads.NUMPY_10.peakmem_read_float32_2000_samples": 1572136641477, "arrayset_sample_reads.NUMPY_10.peakmem_read_uint16_2000_samples": 1572136642646, "arrayset_sample_reads.NUMPY_10.time_read_float32_2000_samples": 1572136646096, "arrayset_sample_reads.NUMPY_10.time_read_uint16_2000_samples": 1572136648511, "arrayset_sample_writes.HDF5_00.time_add_float32_samples": 1572136670421, "arrayset_sample_writes.HDF5_00.time_add_uint16_samples": 1572136683457, "arrayset_sample_writes.HDF5_00.track_repo_size_float32_samples": 1572136695022, "arrayset_sample_writes.HDF5_00.track_repo_size_uint16_samples": 1572136702133, "arrayset_sample_writes.NUMPY_10.time_add_float32_samples": 1572136714542, "arrayset_sample_writes.NUMPY_10.time_add_uint16_samples": 1572136720339, "arrayset_sample_writes.NUMPY_10.track_repo_size_float32_samples": 1572136726109, "arrayset_sample_writes.NUMPY_10.track_repo_size_uint16_samples": 1572136729176}, "benchmark_version": {"package.TimeImport.time_import": "90bda1fe84972e4410749764c4df623d8858bfa92ada6507e859fc13cb08f894", "arrayset_sample_reads.HDF5_00.peakmem_read_float32_2000_samples": "a0fa1510bb68c02d0688014aae5453cf60012ba9d3c63c049d637cc6fdcbe335", "arrayset_sample_reads.HDF5_00.peakmem_read_uint16_2000_samples": "ddb3ccdfbe128018f936cc2f2e52ca7cfe0265f21982d094a4baadca08dd39eb", "arrayset_sample_reads.HDF5_00.time_read_float32_2000_samples": "315bbcf9cf0e629f8d079df27617dc8dede0765058d2518ca32f479592b5817e", "arrayset_sample_reads.HDF5_00.time_read_uint16_2000_samples": "383fb05383ea65e1850e44396618ac23b027d989d6ae305779f85fdc9aa96988", "arrayset_sample_reads.NUMPY_10.peakmem_read_float32_2000_samples": "65bbfe2a3823c903fcec365a0d31420ce0241dfd1cb1732b333f2e9d6c07cb59", "arrayset_sample_reads.NUMPY_10.peakmem_read_uint16_2000_samples": "cf2482b0c27e1ccd3d194111a0827947a7af23b26e2bc3bc6bfdb7fffc38f7e4", "arrayset_sample_reads.NUMPY_10.time_read_float32_2000_samples": "9ee6dd06ce20dd3335a16a89f961e9692435786920920858bb2aa2f88028e435", "arrayset_sample_reads.NUMPY_10.time_read_uint16_2000_samples": "c9648fc6d54eb7d4fe8d0f40ff8019ae46b1ae7493d2ed7dc5477b577c975833", "arrayset_sample_writes.HDF5_00.time_add_float32_samples": "0129867de160f18e3f32817c805f819b0262cf26de791ce65132b571c5637910",