{"results": {"package.TimeImport.time_import": {"result": [0.37385361850000004], "stats": [{"ci_99": [0.36030380500000003, 0.39879817800000006], "q_25": 0.36818352600000004, "q_75": 0.37617157875, "min": 0.36030380500000003, "max": 0.39879817800000006, "mean": 0.3741735772, "std": 0.009695113873227381, "repeat": 10, "number": 1}]}, "arrayset_sample_reads.HDF5_00.peakmem_read_float32_20000_samples": 78032896, "arrayset_sample_reads.HDF5_00.peakmem_read_uint16_20000_samples": 78659584, "arrayset_sample_reads.HDF5_00.time_read_float32_20000_samples": {"result": [7.734844955], "stats": [{"ci_99": [-Infinity, Infinity], "q_25": 7.734844955, "q_75": 7.734844955, "min": 7.734844955, "max": 7.734844955, "mean": 7.734844955, "std": 0.0, "repeat": 1, "number": 1}]}, "arrayset_sample_reads.HDF5_00.time_read_uint16_20000_samples": {"result": [6.268062956], "stats": [{"ci_99": [-Infinity, Infinity], "q_25": 6.268062956, "q_75": 6.268062956, "min": 6.268062956, "max": 6.268062956, "mean": 6.268062956, "std": 0.0, "repeat": 1, "number": 1}]}, "arrayset_sample_reads.NUMPY_10.peakmem_read_float32_20000_samples": 877764608, "arrayset_sample_reads.NUMPY_10.peakmem_read_uint16_20000_samples": 477900800, "arrayset_sample_reads.NUMPY_10.time_read_float32_20000_samples": {"result": [0.9435360299999997], "stats": [{"ci_99": [-Infinity, Infinity], "q_25": 0.9435360299999997, "q_75": 0.9435360299999997, "min": 0.9435360299999997, "max": 0.9435360299999997, "mean": 0.9435360299999997, "std": 0.0, "repeat": 1, "number": 1}]}, "arrayset_sample_reads.NUMPY_10.time_read_uint16_20000_samples": {"result": [0.5590854280000002], "stats": [{"ci_99": [-Infinity, Infinity], "q_25": 0.5590854280000002, "q_75": 0.5590854280000002, "min": 0.5590854280000002, "max": 0.5590854280000002, "mean": 0.5590854280000002, "std": 0.0, "repeat": 1, "number": 1}]}, "arrayset_sample_writes.HDF5_00.time_add_float32_samples": {"result": [8.815865678000002], "stats": [{"ci_99": [-Infinity, Infinity], "q_25": 8.815865678000002, "q_75": 8.815865678000002, "min": 8.815865678000002, "max": 8.815865678000002, "mean": 8.815865678000002, "std": 0.0, "repeat": 1, "number": 1}], "params": [["2000"]]}, "arrayset_sample_writes.HDF5_00.time_add_uint16_samples": {"result": [5.415437167000001], "stats": [{"ci_99": [-Infinity, Infinity], "q_25": 5.415437167000001, "q_75": 5.415437167000001, "min": 5.415437167000001, "max": 5.415437167000001, "mean": 5.415437167000001, "std": 0.0, "repeat": 1, "number": 1}], "params": [["2000"]]}, "arrayset_sample_writes.HDF5_00.track_repo_size_float32_samples": {"result": [304359860], "params": [["2000"]]}, "arrayset_sample_writes.HDF5_00.track_repo_size_uint16_samples": {"result": [246353820], "params": [["2000"]]}, "arrayset_sample_writes.NUMPY_10.time_add_float32_samples": {"result": [5.425453533], "stats": [{"ci_99": [-Infinity, Infinity], "q_25": 5.425453533, "q_75": 5.425453533, "min": 5.425453533, "max": 5.425453533, "mean": 5.425453533, "std": 0.0, "repeat": 1, "number": 1}], "params": [["2000"]]}, "arrayset_sample_writes.NUMPY_10.time_add_uint16_samples": {"result": [2.76826551], "stats": [{"ci_99": [-Infinity, Infinity], "q_25": 2.76826551, "q_75": 2.76826551, "min": 2.76826551, "max": 2.76826551, "mean": 2.76826551, "std": 0.0, "repeat": 1, "number": 1}], "params": [["2000"]]}, "arrayset_sample_writes.NUMPY_10.track_repo_size_float32_samples": {"result": [1500980224], "params": [["2000"]]}, "arrayset_sample_writes.NUMPY_10.track_repo_size_uint16_samples": {"result": [750955648], "params": [["2000"]]}, "arrayset_sample_reads.HDF5_00.peakmem_read_float32_2000_samples": 56897536, "arrayset_sample_reads.HDF5_00.peakmem_read_uint16_2000_samples": 55193600, "arrayset_sample_reads.HDF5_00.time_read_float32_2000_samples": {"result": [6.011503147], "stats": [{"ci_99": [-Infinity, Infinity], "q_25": 6.011503147, "q_75": 6.011503147, "min": 6.011503147, "max": 6.011503147, "mean": 6.011503147, "std": 0.0, "repeat": 1, "number": 1}]}, "arrayset_sample_reads.HDF5_00.time_read_uint16_2000_samples": {"result": [3.849777757], "stats": [{"ci_99": [-Infinity, Infinity], "q_25": 3.849777757, "q_75": 3.849777757, "min": 3.849777757, "max": 3.849777757, "mean": 3.849777757, "std": 0.0, "repeat": 1, "number": 1}]}, "arrayset_sample_reads.NUMPY_10.peakmem_read_float32_2000_samples": 1554927616, "arrayset_sample_reads.NUMPY_10.peakmem_read_uint16_2000_samples": 803401728, "arrayset_sample_reads.NUMPY_10.time_read_float32_2000_samples": {"result": [1.6966575480000001], "stats": [{"ci_99": [-Infinity, Infinity], "q_25": 1.6966575480000001, "q_75": 1.6966575480000001, "min": 1.6966575480000001, "max": 1.6966575480000001, "mean": 1.6966575480000001, "std": 0.0, "repeat": 1, "number": 1}]}, "arrayset_sample_reads.NUMPY_10.time_read_uint16_2000_samples": {"result": [0.9060818319999999], "stats": [{"ci_99": [-Infinity, Infinity], "q_25": 0.9060818319999999, "q_75": 0.9060818319999999, "min": 0.9060818319999999, "max": 0.9060818319999999, "mean": 0.9060818319999999, "std": 0.0, "repeat": 1, "number": 1}]}}, "params": {"arch": "x86_64", "cpu": "Intel(R) Core(TM) i7-7820HQ CPU @ 2.90GHz", "machine": "rli-MPP17", "num_cpu": "8", "os": "OS-X 10.14", "ram": "17179869184", "python": "3.7"}, "requirements": {}, "commit_hash": "e7d2e120672786895c8b34f5dd14750f6388f714", "date": 1571241780000, "env_name": "virtualenv-py3.7", "python": "3.7", "profiles": {}, "started_at": {"package.TimeImport.time_import": 1572135073355, "arrayset_sample_reads.HDF5_00.peakmem_read_float32_20000_samples": 1572133853707, "arrayset_sample_reads.HDF5_00.peakmem_read_uint16_20000_samples": 1572133882733, "arrayset_sample_reads.HDF5_00.time_read_float32_20000_samples": 1572133889966, "arrayset_sample_reads.HDF5_00.time_read_uint16_20000_samples": 1572133906836, "arrayset_sample_reads.NUMPY_10.peakmem_read_float32_20000_samples": 1572133920432, "arrayset_sample_reads.NUMPY_10.peakmem_read_uint16_20000_samples": 1572133929125, "arrayset_sample_reads.NUMPY_10.time_read_float32_20000_samples": 1572133930550, "arrayset_sample_reads.NUMPY_10.time_read_uint16_20000_samples": 1572133933867, "arrayset_sample_writes.HDF5_00.time_add_float32_samples": 1572134997480, "arrayset_sample_writes.HDF5_00.time_add_uint16_samples": 1572135016400, "arrayset_sample_writes.HDF5_00.track_repo_size_float32_samples": 1572135027698, "arrayset_sample_writes.HDF5_00.track_repo_size_uint16_samples": 1572135038564, "arrayset_sample_writes.NUMPY_10.time_add_float32_samples": 1572135045596, "arrayset_sample_writes.NUMPY_10.time_add_uint16_samples": 1572135057453, "arrayset_sample_writes.NUMPY_10.track_repo_size_float32_samples": 1572135063757, "arrayset_sample_writes.NUMPY_10.track_repo_size_uint16_samples": 1572135070317, "arrayset_sample_reads.HDF5_00.peakmem_read_float32_2000_samples": 1572134933565, "arrayset_sample_reads.HDF5_00.peakmem_read_uint16_2000_samples": 1572134954856, "arrayset_sample_reads.HDF5_00.time_read_float32_2000_samples": 1572134959208, "arrayset_sample_reads.HDF5_00.time_read_uint16_2000_samples": 1572134971777, "arrayset_sample_reads.NUMPY_10.peakmem_read_float32_2000_samples": 1572134980086, "arrayset_sample_reads.NUMPY_10.peakmem_read_uint16_2000_samples": 1572134989841, "arrayset_sample_reads.NUMPY_10.time_read_float32_2000_samples": 1572134991074, "arrayset_sample_reads.NUMPY_10.time_read_uint16_2000_samples": 1572134994895}, "ended_at": {"package.TimeImport.time_import": 1572135075735, "arrayset_sample_reads.HDF5_00.peakmem_read_float32_20000_samples": 1572133882733, "arrayset_sample_reads.HDF5_00.peakmem_read_uint16_20000_samples": 1572133889965, "arrayset_sample_reads.HDF5_00.time_read_float32_20000_samples": 1572133906836,