{"results": {"package.TimeImport.time_import": {"result": [0.40247526599999994], "stats": [{"ci_99": [0.38321393400000003, 0.50912124], "q_25": 0.3907015554999999, "q_75": 0.4195372879999999, "min": 0.38321393400000003, "max": 0.50912124, "mean": 0.41702977739999997, "std": 0.0375853325905619, "repeat": 10, "number": 1}]}, "arrayset_sample_reads.HDF5_00.peakmem_read_float32_20000_samples": 80097280, "arrayset_sample_reads.HDF5_00.peakmem_read_uint16_20000_samples": 80805888, "arrayset_sample_reads.HDF5_00.time_read_float32_20000_samples": {"result": [6.953138661], "stats": [{"ci_99": [-Infinity, Infinity], "q_25": 6.953138661, "q_75": 6.953138661, "min": 6.953138661, "max": 6.953138661, "mean": 6.953138661, "std": 0.0, "repeat": 1, "number": 1}]}, "arrayset_sample_reads.HDF5_00.time_read_uint16_20000_samples": {"result": [6.193313419999999], "stats": [{"ci_99": [-Infinity, Infinity], "q_25": 6.193313419999999, "q_75": 6.193313419999999, "min": 6.193313419999999, "max": 6.193313419999999, "mean": 6.193313419999999, "std": 0.0, "repeat": 1, "number": 1}]}, "arrayset_sample_reads.NUMPY_10.peakmem_read_float32_20000_samples": 879845376, "arrayset_sample_reads.NUMPY_10.peakmem_read_uint16_20000_samples": 480157696, "arrayset_sample_reads.NUMPY_10.time_read_float32_20000_samples": {"result": [0.9963155339999998], "stats": [{"ci_99": [-Infinity, Infinity], "q_25": 0.9963155339999998, "q_75": 0.9963155339999998, "min": 0.9963155339999998, "max": 0.9963155339999998, "mean": 0.9963155339999998, "std": 0.0, "repeat": 1, "number": 1}]}, "arrayset_sample_reads.NUMPY_10.time_read_uint16_20000_samples": {"result": [0.6009621700000001], "stats": [{"ci_99": [-Infinity, Infinity], "q_25": 0.6009621700000001, "q_75": 0.6009621700000001, "min": 0.6009621700000001, "max": 0.6009621700000001, "mean": 0.6009621700000001, "std": 0.0, "repeat": 1, "number": 1}]}, "arrayset_sample_writes.HDF5_00.time_add_float32_samples": {"result": [0.623236828, 9.783034466], "stats": [{"ci_99": [-Infinity, Infinity], "q_25": 0.623236828, "q_75": 0.623236828, "min": 0.623236828, "max": 0.623236828, "mean": 0.623236828, "std": 0.0, "repeat": 1, "number": 1}, {"ci_99": [-Infinity, Infinity], "q_25": 9.783034466, "q_75": 9.783034466, "min": 9.783034466, "max": 9.783034466, "mean": 9.783034466, "std": 0.0, "repeat": 1, "number": 1}], "params": [["1000", "20000"]]}, "arrayset_sample_writes.HDF5_00.time_add_uint16_samples": {"result": [0.444421397, 8.430791819000001], "stats": [{"ci_99": [-Infinity, Infinity], "q_25": 0.444421397, "q_75": 0.444421397, "min": 0.444421397, "max": 0.444421397, "mean": 0.444421397, "std": 0.0, "repeat": 1, "number": 1}, {"ci_99": [-Infinity, Infinity], "q_25": 8.430791819000001, "q_75": 8.430791819000001, "min": 8.430791819000001, "max": 8.430791819000001, "mean": 8.430791819000001, "std": 0.0, "repeat": 1, "number": 1}], "params": [["1000", "20000"]]}, "arrayset_sample_writes.HDF5_00.track_repo_size_float32_samples": {"result": [11198036, 157798761], "params": [["1000", "20000"]]}, "arrayset_sample_writes.HDF5_00.track_repo_size_uint16_samples": {"result": [7437898, 145887253], "params": [["1000", "20000"]]}, "arrayset_sample_writes.NUMPY_10.time_add_float32_samples": {"result": [0.19841827699999998, 3.9767422810000004], "stats": [{"ci_99": [-Infinity, Infinity], "q_25": 0.19841827699999998, "q_75": 0.19841827699999998, "min": 0.19841827699999998, "max": 0.19841827699999998, "mean": 0.19841827699999998, "std": 0.0, "repeat": 1, "number": 1}, {"ci_99": [-Infinity, Infinity], "q_25": 3.9767422810000004, "q_75": 3.9767422810000004, "min": 3.9767422810000004, "max": 3.9767422810000004, "mean": 3.9767422810000004, "std": 0.0, "repeat": 1, "number": 1}], "params": [["1000", "20000"]]}, "arrayset_sample_writes.NUMPY_10.time_add_uint16_samples": {"result": [0.12907554300000001, 2.64415337], "stats": [{"ci_99": [-Infinity, Infinity], "q_25": 0.12907554300000001, "q_75": 0.12907554300000001, "min": 0.12907554300000001, "max": 0.12907554300000001, "mean": 0.12907554300000001, "std": 0.0, "repeat": 1, "number": 1}, {"ci_99": [-Infinity, Infinity], "q_25": 2.64415337, "q_75": 2.64415337, "min": 2.64415337, "max": 2.64415337, "mean": 2.64415337, "std": 0.0, "repeat": 1, "number": 1}], "params": [["1000", "20000"]]}, "arrayset_sample_writes.NUMPY_10.track_repo_size_float32_samples": {"result": [40562294, 808875510], "params": [["1000", "20000"]]}, "arrayset_sample_writes.NUMPY_10.track_repo_size_uint16_samples": {"result": [20570486, 408719862], "params": [["1000", "20000"]]}}, "params": {"arch": "x86_64", "cpu": "Intel(R) Core(TM) i7-7820HQ CPU @ 2.90GHz", "machine": "rli-MPP17", "num_cpu": "8", "os": "OS-X 10.14", "ram": "17179869184", "python": "3.7"}, "requirements": {}, "commit_hash": "ecc354a769946738cc7ab54d8e66927cde1fae25", "date": 1567768312000, "env_name": "virtualenv-py3.7", "python": "3.7", "profiles": {}, "started_at": {"package.TimeImport.time_import": 1572091156998, "arrayset_sample_reads.HDF5_00.peakmem_read_float32_20000_samples": 1572091030188, "arrayset_sample_reads.HDF5_00.peakmem_read_uint16_20000_samples": 1572091058036, "arrayset_sample_reads.HDF5_00.time_read_float32_20000_samples": 1572091064490, "arrayset_sample_reads.HDF5_00.time_read_uint16_20000_samples": 1572091072498, "arrayset_sample_reads.NUMPY_10.peakmem_read_float32_20000_samples": 1572091079875, "arrayset_sample_reads.NUMPY_10.peakmem_read_uint16_20000_samples": 1572091089223, "arrayset_sample_reads.NUMPY_10.time_read_float32_20000_samples": 1572091090987, "arrayset_sample_reads.NUMPY_10.time_read_uint16_20000_samples": 1572091093148, "arrayset_sample_writes.HDF5_00.time_add_float32_samples": 1572091095018, "arrayset_sample_writes.HDF5_00.time_add_uint16_samples": 1572091106467, "arrayset_sample_writes.HDF5_00.track_repo_size_float32_samples": 1572091116196, "arrayset_sample_writes.HDF5_00.track_repo_size_uint16_samples": 1572091128258, "arrayset_sample_writes.NUMPY_10.time_add_float32_samples": 1572091138856, "arrayset_sample_writes.NUMPY_10.time_add_uint16_samples": 1572091144046, "arrayset_sample_writes.NUMPY_10.track_repo_size_float32_samples": 1572091147892, "arrayset_sample_writes.NUMPY_10.track_repo_size_uint16_samples": 1572091153356}, "ended_at": {"package.TimeImport.time_import": 1572091159571, "arrayset_sample_reads.HDF5_00.peakmem_read_float32_20000_samples": 1572091058036, "arrayset_sample_reads.HDF5_00.peakmem_read_uint16_20000_samples": 1572091064490, "arrayset_sample_reads.HDF5_00.time_read_float32_20000_samples": 1572091072497, "arrayset_sample_reads.HDF5_00.time_read_uint16_20000_samples": 1572091079856, "arrayset_sample_reads.NUMPY_10.peakmem_read_float32_20000_samples": 1572091089223, "arrayset_sample_reads.NUMPY_10.peakmem_read_uint16_20000_samples": 1572091090986, "arrayset_sample_reads.NUMPY_10.time_read_float32_20000_samples": 1572091093147, "arrayset_sample_reads.NUMPY_10.time_read_uint16_20000_samples": 1572091094935, "arrayset_sample_writes.HDF5_00.time_add_float32_samples": 1572091106465, "arrayset_sample_writes.HDF5_00.time_add_uint16_samples": 1572091116195, "arrayset_sample_writes.HDF5_00.track_repo_size_float32_samples": 1572091128257, "arrayset_sample_writes.HDF5_00.track_repo_size_uint16_samples": 1572091138856, "arrayset_sample_writes.NUMPY_10.time_add_float32_samples": 1572091144045, "arrayset_sample_writes.NUMPY_10.time_add_uint16_samples": 1572091147891, "arrayset_sample_writes.NUMPY_10.track_repo_size_float32_samples": 1572091153355, "arrayset_sample_writes.NUMPY_10.track_repo_size_uint16_samples": 1572091156997},