{"results": {"package.TimeImport.time_import": {"result": [0.3823601369999999], "stats": [{"ci_99": [0.37105200500000013, 0.40406807199999994], "q_25": 0.37962083199999996, "q_75": 0.38587586224999987, "min": 0.37105200500000013, "max": 0.40406807199999994, "mean": 0.38358389439999996, "std": 0.008496221649858757, "repeat": 10, "number": 1}]}, "arrayset_sample_reads.HDF5_00.peakmem_read_float32_2000_samples": 57786368, "arrayset_sample_reads.HDF5_00.peakmem_read_uint16_2000_samples": 55533568, "arrayset_sample_reads.HDF5_00.time_read_float32_2000_samples": {"result": [5.795636463], "stats": [{"ci_99": [-Infinity, Infinity], "q_25": 5.795636463, "q_75": 5.795636463, "min": 5.795636463, "max": 5.795636463, "mean": 5.795636463, "std": 0.0, "repeat": 1, "number": 1}]}, "arrayset_sample_reads.HDF5_00.time_read_uint16_2000_samples": {"result": [2.9190901109999996], "stats": [{"ci_99": [-Infinity, Infinity], "q_25": 2.9190901109999996, "q_75": 2.9190901109999996, "min": 2.9190901109999996, "max": 2.9190901109999996, "mean": 2.9190901109999996, "std": 0.0, "repeat": 1, "number": 1}]}, "arrayset_sample_reads.NUMPY_10.peakmem_read_float32_2000_samples": 1555927040, "arrayset_sample_reads.NUMPY_10.peakmem_read_uint16_2000_samples": 804511744, "arrayset_sample_reads.NUMPY_10.time_read_float32_2000_samples": {"result": [1.360500045], "stats": [{"ci_99": [-Infinity, Infinity], "q_25": 1.360500045, "q_75": 1.360500045, "min": 1.360500045, "max": 1.360500045, "mean": 1.360500045, "std": 0.0, "repeat": 1, "number": 1}]}, "arrayset_sample_reads.NUMPY_10.time_read_uint16_2000_samples": {"result": [0.6851992560000002], "stats": [{"ci_99": [-Infinity, Infinity], "q_25": 0.6851992560000002, "q_75": 0.6851992560000002, "min": 0.6851992560000002, "max": 0.6851992560000002, "mean": 0.6851992560000002, "std": 0.0, "repeat": 1, "number": 1}]}, "arrayset_sample_writes.HDF5_00.time_add_float32_samples": {"result": [8.643751330999999], "stats": [{"ci_99": [-Infinity, Infinity], "q_25": 8.643751330999999, "q_75": 8.643751330999999, "min": 8.643751330999999, "max": 8.643751330999999, "mean": 8.643751330999999, "std": 0.0, "repeat": 1, "number": 1}], "params": [["2000"]]}, "arrayset_sample_writes.HDF5_00.time_add_uint16_samples": {"result": [5.662875253], "stats": [{"ci_99": [-Infinity, Infinity], "q_25": 5.662875253, "q_75": 5.662875253, "min": 5.662875253, "max": 5.662875253, "mean": 5.662875253, "std": 0.0, "repeat": 1, "number": 1}], "params": [["2000"]]}, "arrayset_sample_writes.HDF5_00.track_repo_size_float32_samples": {"result": [280750723], "params": [["2000"]]}, "arrayset_sample_writes.HDF5_00.track_repo_size_uint16_samples": {"result": [244819531], "params": [["2000"]]}, "arrayset_sample_writes.NUMPY_10.time_add_float32_samples": {"result": [4.591079863000001], "stats": [{"ci_99": [-Infinity, Infinity], "q_25": 4.591079863000001, "q_75": 4.591079863000001, "min": 4.591079863000001, "max": 4.591079863000001, "mean": 4.591079863000001, "std": 0.0, "repeat": 1, "number": 1}], "params": [["2000"]]}, "arrayset_sample_writes.NUMPY_10.time_add_uint16_samples": {"result": [2.3901980789999997], "stats": [{"ci_99": [-Infinity, Infinity], "q_25": 2.3901980789999997, "q_75": 2.3901980789999997, "min": 2.3901980789999997, "max": 2.3901980789999997, "mean": 2.3901980789999997, "std": 0.0, "repeat": 1, "number": 1}], "params": [["2000"]]}, "arrayset_sample_writes.NUMPY_10.track_repo_size_float32_samples": {"result": [1501017078], "params": [["2000"]]}, "arrayset_sample_writes.NUMPY_10.track_repo_size_uint16_samples": {"result": [750988406], "params": [["2000"]]}}, "params": {"arch": "x86_64", "cpu": "Intel(R) Core(TM) i7-7820HQ CPU @ 2.90GHz", "machine": "rli-MPP17", "num_cpu": "8", "os": "OS-X 10.14", "ram": "17179869184", "python": "3.7"}, "requirements": {}, "commit_hash": "ecc354a769946738cc7ab54d8e66927cde1fae25", "date": 1567768312000, "env_name": "virtualenv-py3.7", "python": "3.7", "profiles": {}, "started_at": {"package.TimeImport.time_import": 1572135815483, "arrayset_sample_reads.HDF5_00.peakmem_read_float32_2000_samples": 1572135686595, "arrayset_sample_reads.HDF5_00.peakmem_read_uint16_2000_samples": 1572135706751, "arrayset_sample_reads.HDF5_00.time_read_float32_2000_samples": 1572135710200, "arrayset_sample_reads.HDF5_00.time_read_uint16_2000_samples": 1572135722315, "arrayset_sample_reads.NUMPY_10.peakmem_read_float32_2000_samples": 1572135728811, "arrayset_sample_reads.NUMPY_10.peakmem_read_uint16_2000_samples": 1572135738482, "arrayset_sample_reads.NUMPY_10.time_read_float32_2000_samples": 1572135739706, "arrayset_sample_reads.NUMPY_10.time_read_uint16_2000_samples": 1572135743144, "arrayset_sample_writes.HDF5_00.time_add_float32_samples": 1572135745325, "arrayset_sample_writes.HDF5_00.time_add_uint16_samples": 1572135763484, "arrayset_sample_writes.HDF5_00.track_repo_size_float32_samples": 1572135775319, "arrayset_sample_writes.HDF5_00.track_repo_size_uint16_samples": 1572135785812, "arrayset_sample_writes.NUMPY_10.time_add_float32_samples": 1572135791508, "arrayset_sample_writes.NUMPY_10.time_add_uint16_samples": 1572135801767, "arrayset_sample_writes.NUMPY_10.track_repo_size_float32_samples": 1572135807189, "arrayset_sample_writes.NUMPY_10.track_repo_size_uint16_samples": 1572135812554}, "ended_at": {"package.TimeImport.time_import": 1572135817872, "arrayset_sample_reads.HDF5_00.peakmem_read_float32_2000_samples": 1572135706751, "arrayset_sample_reads.HDF5_00.peakmem_read_uint16_2000_samples": 1572135710200, "arrayset_sample_reads.HDF5_00.time_read_float32_2000_samples": 1572135722314, "arrayset_sample_reads.HDF5_00.time_read_uint16_2000_samples": 1572135728779, "arrayset_sample_reads.NUMPY_10.peakmem_read_float32_2000_samples": 1572135738482, "arrayset_sample_reads.NUMPY_10.peakmem_read_uint16_2000_samples": 1572135739706, "arrayset_sample_reads.NUMPY_10.time_read_float32_2000_samples": 1572135743144, "arrayset_sample_reads.NUMPY_10.time_read_uint16_2000_samples": 1572135745160, "arrayset_sample_writes.HDF5_00.time_add_float32_samples": 1572135763484, "arrayset_sample_writes.HDF5_00.time_add_uint16_samples": 1572135775319, "arrayset_sample_writes.HDF5_00.track_repo_size_float32_samples": 1572135785812, "arrayset_sample_writes.HDF5_00.track_repo_size_uint16_samples": 1572135791508, "arrayset_sample_writes.NUMPY_10.time_add_float32_samples": 1572135801767, "arrayset_sample_writes.NUMPY_10.time_add_uint16_samples": 1572135807189, "arrayset_sample_writes.NUMPY_10.track_repo_size_float32_samples": 1572135812553, "arrayset_sample_writes.NUMPY_10.track_repo_size_uint16_samples": 1572135815482}, "benchmark_version": {"package.TimeImport.time_import": "90bda1fe84972e4410749764c4df623d8858bfa92ada6507e859fc13cb08f894", "arrayset_sample_reads.HDF5_00.peakmem_read_float32_2000_samples": "a0fa1510bb68c02d0688014aae5453cf60012ba9d3c63c049d637cc6fdcbe335", "arrayset_sample_reads.HDF5_00.peakmem_read_uint16_2000_samples": "ddb3ccdfbe128018f936cc2f2e52ca7cfe0265f21982d094a4baadca08dd39eb", "arrayset_sample_reads.HDF5_00.time_read_float32_2000_samples": "315bbcf9cf0e629f8d079df27617dc8dede0765058d2518ca32f479592b5817e", "arrayset_sample_reads.HDF5_00.time_read_uint16_2000_samples": "383fb05383ea65e1850e44396618ac23b027d989d6ae305779f85fdc9aa96988", "arrayset_sample_reads.NUMPY_10.peakmem_read_float32_2000_samples": "65bbfe2a3823c903fcec365a0d31420ce0241dfd1cb1732b333f2e9d6c07cb59", "arrayset_sample_reads.NUMPY_10.peakmem_read_uint16_2000_samples": "cf2482b0c27e1ccd3d194111a0827947a7af23b26e2bc3bc6bfdb7fffc38f7e4", "arrayset_sample_reads.NUMPY_10.time_read_float32_2000_samples": "9ee6dd06ce20dd3335a16a89f961e9692435786920920858bb2aa2f88028e435", "arrayset_sample_reads.NUMPY_10.time_read_uint16_2000_samples": "c9648fc6d54eb7d4fe8d0f40ff8019ae46b1ae7493d2ed7dc5477b577c975833", "arrayset_sample_writes.HDF5_00.time_add_float32_samples": "0129867de160f18e3f32817c805f819b0262cf26de791ce65132b571c5637910",