{"results": {"package.TimeImport.time_import": {"result": [0.3726164854999999], "stats": [{"ci_99": [0.35772071400000005, 0.3847750379999999], "q_25": 0.3689141512499999, "q_75": 0.3749434105, "min": 0.35772071400000005, "max": 0.3847750379999999, "mean": 0.37132069289999997, "std": 0.007478926661059918, "repeat": 10, "number": 1}]}, "arrayset_sample_reads.HDF5_00.peakmem_read_float32_20000_samples": 78024704, "arrayset_sample_reads.HDF5_00.peakmem_read_uint16_20000_samples": 78659584, "arrayset_sample_reads.HDF5_00.time_read_float32_20000_samples": {"result": [7.538204793], "stats": [{"ci_99": [-Infinity, Infinity], "q_25": 7.538204793, "q_75": 7.538204793, "min": 7.538204793, "max": 7.538204793, "mean": 7.538204793, "std": 0.0, "repeat": 1, "number": 1}]}, "arrayset_sample_reads.HDF5_00.time_read_uint16_20000_samples": {"result": [5.749380272], "stats": [{"ci_99": [-Infinity, Infinity], "q_25": 5.749380272, "q_75": 5.749380272, "min": 5.749380272, "max": 5.749380272, "mean": 5.749380272, "std": 0.0, "repeat": 1, "number": 1}]}, "arrayset_sample_reads.NUMPY_10.peakmem_read_float32_20000_samples": 877801472, "arrayset_sample_reads.NUMPY_10.peakmem_read_uint16_20000_samples": 478007296, "arrayset_sample_reads.NUMPY_10.time_read_float32_20000_samples": {"result": [0.918939162], "stats": [{"ci_99": [-Infinity, Infinity], "q_25": 0.918939162, "q_75": 0.918939162, "min": 0.918939162, "max": 0.918939162, "mean": 0.918939162, "std": 0.0, "repeat": 1, "number": 1}]}, "arrayset_sample_reads.NUMPY_10.time_read_uint16_20000_samples": {"result": [0.5970393710000002], "stats": [{"ci_99": [-Infinity, Infinity], "q_25": 0.5970393710000002, "q_75": 0.5970393710000002, "min": 0.5970393710000002, "max": 0.5970393710000002, "mean": 0.5970393710000002, "std": 0.0, "repeat": 1, "number": 1}]}, "arrayset_sample_writes.HDF5_00.time_add_float32_samples": {"result": [8.841832847000001], "stats": [{"ci_99": [-Infinity, Infinity], "q_25": 8.841832847000001, "q_75": 8.841832847000001, "min": 8.841832847000001, "max": 8.841832847000001, "mean": 8.841832847000001, "std": 0.0, "repeat": 1, "number": 1}], "params": [["2000"]]}, "arrayset_sample_writes.HDF5_00.time_add_uint16_samples": {"result": [5.441850818], "stats": [{"ci_99": [-Infinity, Infinity], "q_25": 5.441850818, "q_75": 5.441850818, "min": 5.441850818, "max": 5.441850818, "mean": 5.441850818, "std": 0.0, "repeat": 1, "number": 1}], "params": [["2000"]]}, "arrayset_sample_writes.HDF5_00.track_repo_size_float32_samples": {"result": [304359862], "params": [["2000"]]}, "arrayset_sample_writes.HDF5_00.track_repo_size_uint16_samples": {"result": [246353822], "params": [["2000"]]}, "arrayset_sample_writes.NUMPY_10.time_add_float32_samples": {"result": [4.628665772], "stats": [{"ci_99": [-Infinity, Infinity], "q_25": 4.628665772, "q_75": 4.628665772, "min": 4.628665772, "max": 4.628665772, "mean": 4.628665772, "std": 0.0, "repeat": 1, "number": 1}], "params": [["2000"]]}, "arrayset_sample_writes.NUMPY_10.time_add_uint16_samples": {"result": [2.3910003849999995], "stats": [{"ci_99": [-Infinity, Infinity], "q_25": 2.3910003849999995, "q_75": 2.3910003849999995, "min": 2.3910003849999995, "max": 2.3910003849999995, "mean": 2.3910003849999995, "std": 0.0, "repeat": 1, "number": 1}], "params": [["2000"]]}, "arrayset_sample_writes.NUMPY_10.track_repo_size_float32_samples": {"result": [1500980226], "params": [["2000"]]}, "arrayset_sample_writes.NUMPY_10.track_repo_size_uint16_samples": {"result": [750955650], "params": [["2000"]]}, "arrayset_sample_reads.HDF5_00.peakmem_read_float32_2000_samples": 56979456, "arrayset_sample_reads.HDF5_00.peakmem_read_uint16_2000_samples": 55205888, "arrayset_sample_reads.HDF5_00.time_read_float32_2000_samples": {"result": [6.044358101], "stats": [{"ci_99": [-Infinity, Infinity], "q_25": 6.044358101, "q_75": 6.044358101, "min": 6.044358101, "max": 6.044358101, "mean": 6.044358101, "std": 0.0, "repeat": 1, "number": 1}]}, "arrayset_sample_reads.HDF5_00.time_read_uint16_2000_samples": {"result": [3.864538788000001], "stats": [{"ci_99": [-Infinity, Infinity], "q_25": 3.864538788000001, "q_75": 3.864538788000001, "min": 3.864538788000001, "max": 3.864538788000001, "mean": 3.864538788000001, "std": 0.0, "repeat": 1, "number": 1}]}, "arrayset_sample_reads.NUMPY_10.peakmem_read_float32_2000_samples": 1554944000, "arrayset_sample_reads.NUMPY_10.peakmem_read_uint16_2000_samples": 803557376, "arrayset_sample_reads.NUMPY_10.time_read_float32_2000_samples": {"result": [1.3996625710000001], "stats": [{"ci_99": [-Infinity, Infinity], "q_25": 1.3996625710000001, "q_75": 1.3996625710000001, "min": 1.3996625710000001, "max": 1.3996625710000001, "mean": 1.3996625710000001, "std": 0.0, "repeat": 1, "number": 1}]}, "arrayset_sample_reads.NUMPY_10.time_read_uint16_2000_samples": {"result": [0.7078528259999999], "stats": [{"ci_99": [-Infinity, Infinity], "q_25": 0.7078528259999999, "q_75": 0.7078528259999999, "min": 0.7078528259999999, "max": 0.7078528259999999, "mean": 0.7078528259999999, "std": 0.0, "repeat": 1, "number": 1}]}}, "params": {"arch": "x86_64", "cpu": "Intel(R) Core(TM) i7-7820HQ CPU @ 2.90GHz", "machine": "rli-MPP17", "num_cpu": "8", "os": "OS-X 10.14", "ram": "17179869184", "python": "3.7"}, "requirements": {}, "commit_hash": "f1c5d050671fc79371cc6bc31c70303a155e627c", "date": 1571449813000, "env_name": "virtualenv-py3.7", "python": "3.7", "profiles": {}, "started_at": {"package.TimeImport.time_import": 1572134926421, "arrayset_sample_reads.HDF5_00.peakmem_read_float32_20000_samples": 1572133672325, "arrayset_sample_reads.HDF5_00.peakmem_read_uint16_20000_samples": 1572133704160, "arrayset_sample_reads.HDF5_00.time_read_float32_20000_samples": 1572133710789, "arrayset_sample_reads.HDF5_00.time_read_uint16_20000_samples": 1572133726695, "arrayset_sample_reads.NUMPY_10.peakmem_read_float32_20000_samples": 1572133739906, "arrayset_sample_reads.NUMPY_10.peakmem_read_uint16_20000_samples": 1572133748352, "arrayset_sample_reads.NUMPY_10.time_read_float32_20000_samples": 1572133749812, "arrayset_sample_reads.NUMPY_10.time_read_uint16_20000_samples": 1572133753008, "arrayset_sample_writes.HDF5_00.time_add_float32_samples": 1572134857585, "arrayset_sample_writes.HDF5_00.time_add_uint16_samples": 1572134875676, "arrayset_sample_writes.HDF5_00.track_repo_size_float32_samples": 1572134887116, "arrayset_sample_writes.HDF5_00.track_repo_size_uint16_samples": 1572134896347, "arrayset_sample_writes.NUMPY_10.time_add_float32_samples": 1572134902267, "arrayset_sample_writes.NUMPY_10.time_add_uint16_samples": 1572134912579, "arrayset_sample_writes.NUMPY_10.track_repo_size_float32_samples": 1572134918041, "arrayset_sample_writes.NUMPY_10.track_repo_size_uint16_samples": 1572134923419, "arrayset_sample_reads.HDF5_00.peakmem_read_float32_2000_samples": 1572134794553, "arrayset_sample_reads.HDF5_00.peakmem_read_uint16_2000_samples": 1572134815786, "arrayset_sample_reads.HDF5_00.time_read_float32_2000_samples": 1572134820142, "arrayset_sample_reads.HDF5_00.time_read_uint16_2000_samples": 1572134832720, "arrayset_sample_reads.NUMPY_10.peakmem_read_float32_2000_samples": 1572134841035, "arrayset_sample_reads.NUMPY_10.peakmem_read_uint16_2000_samples": 1572134850856, "arrayset_sample_reads.NUMPY_10.time_read_float32_2000_samples": 1572134852049, "arrayset_sample_reads.NUMPY_10.time_read_uint16_2000_samples": 1572134855424}, "ended_at": {"package.TimeImport.time_import": 1572134928757, "arrayset_sample_reads.HDF5_00.peakmem_read_float32_20000_samples": 1572133704160, "arrayset_sample_reads.HDF5_00.peakmem_read_uint16_20000_samples": 1572133710789, "arrayset_sample_reads.HDF5_00.time_read_float32_20000_samples": 1572133726695,