{"results": {"package.TimeImport.time_import": {"result": [0.3696839465], "stats": [{"ci_99": [0.36440546699999987, 0.41838091499999996], "q_25": 0.3661354934999999, "q_75": 0.37906439100000006, "min": 0.36440546699999987, "max": 0.41838091499999996, "mean": 0.37788753010000004, "std": 0.017446215588510054, "repeat": 10, "number": 1}]}, "arrayset_sample_reads.HDF5_00.peakmem_read_float32_20000_samples": 77938688, "arrayset_sample_reads.HDF5_00.peakmem_read_uint16_20000_samples": 78610432, "arrayset_sample_reads.HDF5_00.time_read_float32_20000_samples": {"result": [7.234539323], "stats": [{"ci_99": [-Infinity, Infinity], "q_25": 7.234539323, "q_75": 7.234539323, "min": 7.234539323, "max": 7.234539323, "mean": 7.234539323, "std": 0.0, "repeat": 1, "number": 1}]}, "arrayset_sample_reads.HDF5_00.time_read_uint16_20000_samples": {"result": [5.690487082000001], "stats": [{"ci_99": [-Infinity, Infinity], "q_25": 5.690487082000001, "q_75": 5.690487082000001, "min": 5.690487082000001, "max": 5.690487082000001, "mean": 5.690487082000001, "std": 0.0, "repeat": 1, "number": 1}]}, "arrayset_sample_reads.NUMPY_10.peakmem_read_float32_20000_samples": 877740032, "arrayset_sample_reads.NUMPY_10.peakmem_read_uint16_20000_samples": 477995008, "arrayset_sample_reads.NUMPY_10.time_read_float32_20000_samples": {"result": [0.9755954689999999], "stats": [{"ci_99": [-Infinity, Infinity], "q_25": 0.9755954689999999, "q_75": 0.9755954689999999, "min": 0.9755954689999999, "max": 0.9755954689999999, "mean": 0.9755954689999999, "std": 0.0, "repeat": 1, "number": 1}]}, "arrayset_sample_reads.NUMPY_10.time_read_uint16_20000_samples": {"result": [0.597937531], "stats": [{"ci_99": [-Infinity, Infinity], "q_25": 0.597937531, "q_75": 0.597937531, "min": 0.597937531, "max": 0.597937531, "mean": 0.597937531, "std": 0.0, "repeat": 1, "number": 1}]}, "arrayset_sample_writes.HDF5_00.time_add_float32_samples": {"result": [0.6849406040000001, 10.404037711], "stats": [{"ci_99": [-Infinity, Infinity], "q_25": 0.6849406040000001, "q_75": 0.6849406040000001, "min": 0.6849406040000001, "max": 0.6849406040000001, "mean": 0.6849406040000001, "std": 0.0, "repeat": 1, "number": 1}, {"ci_99": [-Infinity, Infinity], "q_25": 10.404037711, "q_75": 10.404037711, "min": 10.404037711, "max": 10.404037711, "mean": 10.404037711, "std": 0.0, "repeat": 1, "number": 1}], "params": [["1000", "20000"]]}, "arrayset_sample_writes.HDF5_00.time_add_uint16_samples": {"result": [0.510201401, 9.383768562], "stats": [{"ci_99": [-Infinity, Infinity], "q_25": 0.510201401, "q_75": 0.510201401, "min": 0.510201401, "max": 0.510201401, "mean": 0.510201401, "std": 0.0, "repeat": 1, "number": 1}, {"ci_99": [-Infinity, Infinity], "q_25": 9.383768562, "q_75": 9.383768562, "min": 9.383768562, "max": 9.383768562, "mean": 9.383768562, "std": 0.0, "repeat": 1, "number": 1}], "params": [["1000", "20000"]]}, "arrayset_sample_writes.HDF5_00.track_repo_size_float32_samples": {"result": [11181664, 157376885], "params": [["1000", "20000"]]}, "arrayset_sample_writes.HDF5_00.track_repo_size_uint16_samples": {"result": [7421523, 145498033], "params": [["1000", "20000"]]}, "arrayset_sample_writes.NUMPY_10.time_add_float32_samples": {"result": [0.18753334199999994, 3.558239134], "stats": [{"ci_99": [-Infinity, Infinity], "q_25": 0.18753334199999994, "q_75": 0.18753334199999994, "min": 0.18753334199999994, "max": 0.18753334199999994, "mean": 0.18753334199999994, "std": 0.0, "repeat": 1, "number": 1}, {"ci_99": [-Infinity, Infinity], "q_25": 3.558239134, "q_75": 3.558239134, "min": 3.558239134, "max": 3.558239134, "mean": 3.558239134, "std": 0.0, "repeat": 1, "number": 1}], "params": [["1000", "20000"]]}, "arrayset_sample_writes.NUMPY_10.time_add_uint16_samples": {"result": [0.11405040300000002, 2.213083958], "stats": [{"ci_99": [-Infinity, Infinity], "q_25": 0.11405040300000002, "q_75": 0.11405040300000002, "min": 0.11405040300000002, "max": 0.11405040300000002, "mean": 0.11405040300000002, "std": 0.0, "repeat": 1, "number": 1}, {"ci_99": [-Infinity, Infinity], "q_25": 2.213083958, "q_75": 2.213083958, "min": 2.213083958, "max": 2.213083958, "mean": 2.213083958, "std": 0.0, "repeat": 1, "number": 1}], "params": [["1000", "20000"]]}, "arrayset_sample_writes.NUMPY_10.track_repo_size_float32_samples": {"result": [40545922, 808478210], "params": [["1000", "20000"]]}, "arrayset_sample_writes.NUMPY_10.track_repo_size_uint16_samples": {"result": [20558210, 408347138], "params": [["1000", "20000"]]}}, "params": {"arch": "x86_64", "cpu": "Intel(R) Core(TM) i7-7820HQ CPU @ 2.90GHz", "machine": "rli-MPP17", "num_cpu": "8", "os": "OS-X 10.14", "ram": "17179869184", "python": "3.7"}, "requirements": {}, "commit_hash": "f1c5d050671fc79371cc6bc31c70303a155e627c", "date": 1571449813000, "env_name": "virtualenv-py3.7", "python": "3.7", "profiles": {}, "started_at": {"package.TimeImport.time_import": 1572089664458, "arrayset_sample_reads.HDF5_00.peakmem_read_float32_20000_samples": 1572089539844, "arrayset_sample_reads.HDF5_00.peakmem_read_uint16_20000_samples": 1572089567015, "arrayset_sample_reads.HDF5_00.time_read_float32_20000_samples": 1572089573487, "arrayset_sample_reads.HDF5_00.time_read_uint16_20000_samples": 1572089581529, "arrayset_sample_reads.NUMPY_10.peakmem_read_float32_20000_samples": 1572089588067, "arrayset_sample_reads.NUMPY_10.peakmem_read_uint16_20000_samples": 1572089596998, "arrayset_sample_reads.NUMPY_10.time_read_float32_20000_samples": 1572089598527, "arrayset_sample_reads.NUMPY_10.time_read_uint16_20000_samples": 1572089600396, "arrayset_sample_writes.HDF5_00.time_add_float32_samples": 1572089602041, "arrayset_sample_writes.HDF5_00.time_add_uint16_samples": 1572089614083, "arrayset_sample_writes.HDF5_00.track_repo_size_float32_samples": 1572089624911, "arrayset_sample_writes.HDF5_00.track_repo_size_uint16_samples": 1572089637950, "arrayset_sample_writes.NUMPY_10.time_add_float32_samples": 1572089648551, "arrayset_sample_writes.NUMPY_10.time_add_uint16_samples": 1572089653212, "arrayset_sample_writes.NUMPY_10.track_repo_size_float32_samples": 1572089656395, "arrayset_sample_writes.NUMPY_10.track_repo_size_uint16_samples": 1572089661137}, "ended_at": {"package.TimeImport.time_import": 1572089666754, "arrayset_sample_reads.HDF5_00.peakmem_read_float32_20000_samples": 1572089567015, "arrayset_sample_reads.HDF5_00.peakmem_read_uint16_20000_samples": 1572089573487, "arrayset_sample_reads.HDF5_00.time_read_float32_20000_samples": 1572089581529, "arrayset_sample_reads.HDF5_00.time_read_uint16_20000_samples": 1572089588045, "arrayset_sample_reads.NUMPY_10.peakmem_read_float32_20000_samples": 1572089596998, "arrayset_sample_reads.NUMPY_10.peakmem_read_uint16_20000_samples": 1572089598527, "arrayset_sample_reads.NUMPY_10.time_read_float32_20000_samples": 1572089600396, "arrayset_sample_reads.NUMPY_10.time_read_uint16_20000_samples": 1572089601960, "arrayset_sample_writes.HDF5_00.time_add_float32_samples": 1572089614082, "arrayset_sample_writes.HDF5_00.time_add_uint16_samples": 1572089624911, "arrayset_sample_writes.HDF5_00.track_repo_size_float32_samples": 1572089637950, "arrayset_sample_writes.HDF5_00.track_repo_size_uint16_samples": 1572089648550, "arrayset_sample_writes.NUMPY_10.time_add_float32_samples": 1572089653211, "arrayset_sample_writes.NUMPY_10.time_add_uint16_samples": 1572089656394, "arrayset_sample_writes.NUMPY_10.track_repo_size_float32_samples": 1572089661137, "arrayset_sample_writes.NUMPY_10.track_repo_size_uint16_samples": 1572089664457},