{"results": {"arrayset_sample_reads.HDF5_00.time_read_float32_20000_samples": {"result": [8.411898946250176], "stats": [{"ci_99": [6.107115583748737, 10.716682308751613], "q_25": 8.388851112625161, "q_75": 8.43494677987519, "min": 8.365803279000147, "max": 8.457994613500205, "mean": 8.411898946250176, "std": 0.04609566725002878, "repeat": 2, "number": 2}]}, "arrayset_sample_reads.HDF5_00.time_read_uint16_20000_samples": {"result": [7.310141742249925], "stats": [{"ci_99": [3.7655314797525534, 10.854752004747294], "q_25": 7.274695639624952, "q_75": 7.345587844874899, "min": 7.239249536999978, "max": 7.381033947499873, "mean": 7.310141742249925, "std": 0.07089220524994744, "repeat": 2, "number": 2}]}, "arrayset_sample_reads.NUMPY_10.time_read_float32_20000_samples": {"result": [0.7741102462498475], "stats": [{"ci_99": [0.7549947837512718, 0.7932257087484231], "q_25": 0.7739190916248617, "q_75": 0.7743014008748332, "min": 0.773727936999876, "max": 0.774492555499819, "mean": 0.7741102462498475, "std": 0.00038230924997151305, "repeat": 2, "number": 2}]}, "arrayset_sample_reads.NUMPY_10.time_read_uint16_20000_samples": {"result": [0.504085749000069], "stats": [{"ci_99": [0.25570639899956404, 0.7524650990005737], "q_25": 0.5016019555000639, "q_75": 0.506569542500074, "min": 0.4991181620000589, "max": 0.5090533360000791, "mean": 0.504085749000069, "std": 0.0049675870000100986, "repeat": 2, "number": 2}]}, "arrayset_sample_writes.HDF5_00.time_add_float32_samples": {"result": [0.4015508007499875, 7.398031673249989], "stats": [{"ci_99": [0.21398808824972093, 0.5891135132502539], "q_25": 0.39967517362498484, "q_75": 0.40342642787499017, "min": 0.39779954649998217, "max": 0.40530205499999283, "mean": 0.4015508007499875, "std": 0.0037512542500053314, "repeat": 2, "number": 2}, {"ci_99": [5.448943560753378, 9.347119785746598], "q_25": 7.378540792125023, "q_75": 7.417522554374955, "min": 7.3590499110000565, "max": 7.437013435499921, "mean": 7.398031673249989, "std": 0.03898176224993222, "repeat": 2, "number": 2}], "params": [["1000", "20000"]]}, "arrayset_sample_writes.HDF5_00.time_add_uint16_samples": {"result": [0.33690078025006187, 6.4250024760000315], "stats": [{"ci_99": [0.28927564274385986, 0.3845259177562638], "q_25": 0.33642452887499985, "q_75": 0.3373770316251239, "min": 0.33594827749993783, "max": 0.3378532830001859, "mean": 0.33690078025006187, "std": 0.0009525027501240402, "repeat": 2, "number": 2}, {"ci_99": [5.320098275997566, 7.529906676002496], "q_25": 6.413953434000007, "q_75": 6.436051518000056, "min": 6.402904391999982, "max": 6.447100560000081, "mean": 6.4250024760000315, "std": 0.02209808400004931, "repeat": 2, "number": 2}], "params": [["1000", "20000"]]}, "arrayset_sample_writes.NUMPY_10.time_add_float32_samples": {"result": [0.21491050575014015, 4.112536764499964], "stats": [{"ci_99": [0.11046524324774509, 0.3193557682525351], "q_25": 0.2138660531251162, "q_75": 0.2159549583751641, "min": 0.21282160050009225, "max": 0.21699941100018805, "mean": 0.21491050575014015, "std": 0.002088905250047901, "repeat": 2, "number": 2}, {"ci_99": [1.4109321395030747, 6.814141389496852], "q_25": 4.085520718249995, "q_75": 4.139552810749933, "min": 4.058504672000026, "max": 4.166568856999902, "mean": 4.112536764499964, "std": 0.05403209249993779, "repeat": 2, "number": 2}], "params": [["1000", "20000"]]}, "arrayset_sample_writes.NUMPY_10.time_add_uint16_samples": {"result": [0.1286983774999726, 2.449759237249964], "stats": [{"ci_99": [0.11838432749834737, 0.1390124275015978], "q_25": 0.12859523699995634, "q_75": 0.12880151799998885, "min": 0.1284920964999401, "max": 0.1289046585000051, "mean": 0.1286983774999726, "std": 0.00020628100003250438, "repeat": 2, "number": 2}, {"ci_99": [1.789612224747998, 3.1099062497519294], "q_25": 2.4431577671249443, "q_75": 2.4563607073749836, "min": 2.4365562969999246, "max": 2.4629621775000032, "mean": 2.449759237249964, "std": 0.013202940250039319, "repeat": 2, "number": 2}], "params": [["1000", "20000"]]}, "package.TimeImport.time_import": {"result": [0.47855451799978255], "stats": [{"ci_99": [0.46908839799971247, 0.49892162600008305], "q_25": 0.47366404674983187, "q_75": 0.4848971354999776, "min": 0.46908839799971247, "max": 0.49892162600008305, "mean": 0.4810559435999039, "std": 0.00957046725234592, "repeat": 10, "number": 1}]}, "arrayset_sample_reads.HDF5_00.peakmem_read_float32_20000_samples": 77660160, "arrayset_sample_reads.HDF5_00.peakmem_read_uint16_20000_samples": 77598720, "arrayset_sample_reads.NUMPY_10.peakmem_read_float32_20000_samples": 876527616, "arrayset_sample_reads.NUMPY_10.peakmem_read_uint16_20000_samples": 474185728, "arrayset_sample_writes.HDF5_00.track_repo_size_float32_samples": {"result": [11181662, 157380875], "params": [["1000", "20000"]]}, "arrayset_sample_writes.HDF5_00.track_repo_size_uint16_samples": {"result": [7421515, 145502195], "params": [["1000", "20000"]]}, "arrayset_sample_writes.NUMPY_10.track_repo_size_float32_samples": {"result": [40545920, 808457728], "params": [["1000", "20000"]]}, "arrayset_sample_writes.NUMPY_10.track_repo_size_uint16_samples": {"result": [20554112, 408334848], "params": [["1000", "20000"]]}}, "params": {"arch": "x86_64", "cpu": "Intel(R) Xeon(R) CPU @ 2.30GHz (8 cores)", "machine": "hangar-benchmarks", "num_cpu": "8", "os": "Linux 5.0.0-1021-gcp", "ram": "30873004", "python": "3.7"}, "requirements": {}, "commit_hash": "03b872fee2596c3dfd5fbeea3407b9ca3774b784", "date": 1571198043000, "env_name": "virtualenv-py3.7", "python": "3.7", "profiles": {}, "started_at": {"arrayset_sample_reads.HDF5_00.time_read_float32_20000_samples": 1572126889680, "arrayset_sample_reads.HDF5_00.time_read_uint16_20000_samples": 1572126907029, "arrayset_sample_reads.NUMPY_10.time_read_float32_20000_samples": 1572126924722, "arrayset_sample_reads.NUMPY_10.time_read_uint16_20000_samples": 1572126926881, "arrayset_sample_writes.HDF5_00.time_add_float32_samples": 1572126928630, "arrayset_sample_writes.HDF5_00.time_add_uint16_samples": 1572126944328, "arrayset_sample_writes.NUMPY_10.time_add_float32_samples": 1572126984150, "arrayset_sample_writes.NUMPY_10.time_add_uint16_samples": 1572126992980, "package.TimeImport.time_import": 1572127009492, "arrayset_sample_reads.HDF5_00.peakmem_read_float32_20000_samples": 1572126872828, "arrayset_sample_reads.HDF5_00.peakmem_read_uint16_20000_samples": 1572126881805, "arrayset_sample_reads.NUMPY_10.peakmem_read_float32_20000_samples": 1572126922160, "arrayset_sample_reads.NUMPY_10.peakmem_read_uint16_20000_samples": 1572126923566, "arrayset_sample_writes.HDF5_00.track_repo_size_float32_samples": 1572126957970, "arrayset_sample_writes.HDF5_00.track_repo_size_uint16_samples": 1572126971661, "arrayset_sample_writes.NUMPY_10.track_repo_size_float32_samples": 1572126998351, "arrayset_sample_writes.NUMPY_10.track_repo_size_uint16_samples": 1572127005174}, "ended_at": {"arrayset_sample_reads.HDF5_00.time_read_float32_20000_samples": 1572126907029, "arrayset_sample_reads.HDF5_00.time_read_uint16_20000_samples": 1572126922121, "arrayset_sample_reads.NUMPY_10.time_read_float32_20000_samples": 1572126926881, "arrayset_sample_reads.NUMPY_10.time_read_uint16_20000_samples": 1572126928488, "arrayset_sample_writes.HDF5_00.time_add_float32_samples": 1572126944327, "arrayset_sample_writes.HDF5_00.time_add_uint16_samples": 1572126957969, "arrayset_sample_writes.NUMPY_10.time_add_float32_samples": 1572126992979, "arrayset_sample_writes.NUMPY_10.time_add_uint16_samples": 1572126998350,