{"results": {"arrayset_sample_reads.HDF5_00.time_read_float32_20000_samples": {"result": [8.489096534999987], "stats": [{"ci_99": [6.569227735001107, 10.408965334998866], "q_25": 8.469897846999999, "q_75": 8.508295222999976, "min": 8.45069915900001, "max": 8.527493910999965, "mean": 8.489096534999987, "std": 0.03839737599997761, "repeat": 2, "number": 2}]}, "arrayset_sample_reads.HDF5_00.time_read_uint16_20000_samples": {"result": [7.527638976749984], "stats": [{"ci_99": [6.100081464247353, 8.955196489252613], "q_25": 7.513363401624957, "q_75": 7.54191455187501, "min": 7.499087826499931, "max": 7.556190127000036, "mean": 7.527638976749984, "std": 0.028551150250052615, "repeat": 2, "number": 2}]}, "arrayset_sample_reads.NUMPY_10.time_read_float32_20000_samples": {"result": [0.48195286799995074], "stats": [{"ci_99": [0.45368189300035056, 0.5102238429995509], "q_25": 0.48167015824995474, "q_75": 0.48223557774994674, "min": 0.48138744849995874, "max": 0.48251828749994274, "mean": 0.48195286799995074, "std": 0.0005654194999920037, "repeat": 2, "number": 2}]}, "arrayset_sample_reads.NUMPY_10.time_read_uint16_20000_samples": {"result": [0.34876239974994405], "stats": [{"ci_99": [0.30079758724912153, 0.3967272122507665], "q_25": 0.3482827516249358, "q_75": 0.3492420478749523, "min": 0.3478031034999276, "max": 0.3497216959999605, "mean": 0.34876239974994405, "std": 0.0009592962500164504, "repeat": 2, "number": 2}]}, "arrayset_sample_writes.HDF5_00.time_add_float32_samples": {"result": [0.5567390809999893, 10.660787434749977], "stats": [{"ci_99": [0.4598730060023968, 0.6536051559975816], "q_25": 0.5557704202500133, "q_75": 0.5577077417499652, "min": 0.5548017595000374, "max": 0.5586764024999411, "mean": 0.5567390809999893, "std": 0.0019373214999518495, "repeat": 2, "number": 2}, {"ci_99": [10.160327222251567, 11.161247647248388], "q_25": 10.655782832624993, "q_75": 10.665792036874961, "min": 10.65077823050001, "max": 10.670796638999946, "mean": 10.660787434749977, "std": 0.010009204249968207, "repeat": 2, "number": 2}], "params": [["1000", "20000"]]}, "arrayset_sample_writes.HDF5_00.time_add_uint16_samples": {"result": [0.41431903824997107, 7.907472062249951], "stats": [{"ci_99": [0.2930324757464291, 0.5356056007535129], "q_25": 0.41310617262493565, "q_75": 0.4155319038750065, "min": 0.41189330699990023, "max": 0.4167447695000419, "mean": 0.41431903824997107, "std": 0.0024257312500708395, "repeat": 2, "number": 2}, {"ci_99": [5.134263599749886, 10.680680524750015], "q_25": 7.879739977624951, "q_75": 7.935204146874952, "min": 7.85200789299995, "max": 7.9629362314999526, "mean": 7.907472062249951, "std": 0.055464169250001305, "repeat": 2, "number": 2}], "params": [["1000", "20000"]]}, "arrayset_sample_writes.NUMPY_10.time_add_float32_samples": {"result": [0.20680658225001025, 4.027457650499969], "stats": [{"ci_99": [0.09379406974699123, 0.31981909475302917], "q_25": 0.20567645712498006, "q_75": 0.20793670737504044, "min": 0.20454633199994987, "max": 0.20906683250007063, "mean": 0.20680658225001025, "std": 0.0022602502500603805, "repeat": 2, "number": 2}, {"ci_99": [3.9235394005005446, 4.131375900499393], "q_25": 4.026418467999974, "q_75": 4.028496832999963, "min": 4.02537928549998, "max": 4.029536015499957, "mean": 4.027457650499969, "std": 0.00207836499998848, "repeat": 2, "number": 2}], "params": [["1000", "20000"]]}, "arrayset_sample_writes.NUMPY_10.time_add_uint16_samples": {"result": [0.12368088050004644, 2.415602876750029], "stats": [{"ci_99": [0.05789003050119845, 0.18947173049889438], "q_25": 0.12302297200005796, "q_75": 0.12433878900003492, "min": 0.12236506350006948, "max": 0.1249966975000234, "mean": 0.12368088050004644, "std": 0.0013158169999769598, "repeat": 2, "number": 2}, {"ci_99": [2.0668548142488703, 2.764350939251187], "q_25": 2.4121153961250172, "q_75": 2.4190903573750404, "min": 2.4086279155000057, "max": 2.422577838000052, "mean": 2.415602876750029, "std": 0.006974961250023171, "repeat": 2, "number": 2}], "params": [["1000", "20000"]]}, "package.TimeImport.time_import": {"result": [0.4819802729998628], "stats": [{"ci_99": [0.47044033299994226, 0.5068883789999745], "q_25": 0.47766318850005973, "q_75": 0.4879973167499543, "min": 0.47044033299994226, "max": 0.5068883789999745, "mean": 0.48476618479994615, "std": 0.01095488753226762, "repeat": 10, "number": 1}]}, "arrayset_sample_reads.HDF5_00.peakmem_read_float32_20000_samples": 85164032, "arrayset_sample_reads.HDF5_00.peakmem_read_uint16_20000_samples": 84082688, "arrayset_sample_reads.NUMPY_10.peakmem_read_float32_20000_samples": 872611840, "arrayset_sample_reads.NUMPY_10.peakmem_read_uint16_20000_samples": 474611712, "arrayset_sample_writes.HDF5_00.track_repo_size_float32_samples": {"result": [9793276, 161193801], "params": [["1000", "20000"]]}, "arrayset_sample_writes.HDF5_00.track_repo_size_uint16_samples": {"result": [7201787, 140915453], "params": [["1000", "20000"]]}, "arrayset_sample_writes.NUMPY_10.track_repo_size_float32_samples": {"result": [40562306, 808744450], "params": [["1000", "20000"]]}, "arrayset_sample_writes.NUMPY_10.track_repo_size_uint16_samples": {"result": [20566402, 408719874], "params": [["1000", "20000"]]}}, "params": {"arch": "x86_64", "cpu": "Intel(R) Xeon(R) CPU @ 2.30GHz (8 cores)", "machine": "hangar-benchmarks", "num_cpu": "8", "os": "Linux 5.0.0-1021-gcp", "ram": "30873004", "python": "3.7"}, "requirements": {}, "commit_hash": "1442eea41f73fc1fbf983c6563d3c847467db316", "date": 1571944065000, "env_name": "virtualenv-py3.7", "python": "3.7", "profiles": {}, "started_at": {"arrayset_sample_reads.HDF5_00.time_read_float32_20000_samples": 1572124949095, "arrayset_sample_reads.HDF5_00.time_read_uint16_20000_samples": 1572124966746, "arrayset_sample_reads.NUMPY_10.time_read_float32_20000_samples": 1572124984492, "arrayset_sample_reads.NUMPY_10.time_read_uint16_20000_samples": 1572124986050, "arrayset_sample_writes.HDF5_00.time_add_float32_samples": 1572124987499, "arrayset_sample_writes.HDF5_00.time_add_uint16_samples": 1572125010168, "arrayset_sample_writes.NUMPY_10.time_add_float32_samples": 1572125063538, "arrayset_sample_writes.NUMPY_10.time_add_uint16_samples": 1572125072270, "package.TimeImport.time_import": 1572125088689, "arrayset_sample_reads.HDF5_00.peakmem_read_float32_20000_samples": 1572124931993, "arrayset_sample_reads.HDF5_00.peakmem_read_uint16_20000_samples": 1572124941070, "arrayset_sample_reads.NUMPY_10.peakmem_read_float32_20000_samples": 1572124982380, "arrayset_sample_reads.NUMPY_10.peakmem_read_uint16_20000_samples": 1572124983487, "arrayset_sample_writes.HDF5_00.track_repo_size_float32_samples": 1572125027126, "arrayset_sample_writes.HDF5_00.track_repo_size_uint16_samples": 1572125047739, "arrayset_sample_writes.NUMPY_10.track_repo_size_float32_samples": 1572125077542, "arrayset_sample_writes.NUMPY_10.track_repo_size_uint16_samples": 1572125084420}, "ended_at": {"arrayset_sample_reads.HDF5_00.time_read_float32_20000_samples": 1572124966746, "arrayset_sample_reads.HDF5_00.time_read_uint16_20000_samples": 1572124982342, "arrayset_sample_reads.NUMPY_10.time_read_float32_20000_samples": 1572124986050, "arrayset_sample_reads.NUMPY_10.time_read_uint16_20000_samples": 1572124987356, "arrayset_sample_writes.HDF5_00.time_add_float32_samples": 1572125010168, "arrayset_sample_writes.HDF5_00.time_add_uint16_samples": 1572125027125, "arrayset_sample_writes.NUMPY_10.time_add_float32_samples": 1572125072270, "arrayset_sample_writes.NUMPY_10.time_add_uint16_samples": 1572125077542,