{"results": {"arrayset_sample_reads.HDF5_00.time_read_float32_20000_samples": {"result": [7.847259448249929], "stats": [{"ci_99": [6.625895235749454, 9.068623660750402], "q_25": 7.835045806124924, "q_75": 7.859473090374934, "min": 7.822832163999919, "max": 7.871686732499938, "mean": 7.847259448249929, "std": 0.024427284250009507, "repeat": 2, "number": 2}]}, "arrayset_sample_reads.HDF5_00.time_read_uint16_20000_samples": {"result": [7.199285870500034], "stats": [{"ci_99": [7.094325520504981, 7.304246220495088], "q_25": 7.198236267000084, "q_75": 7.200335473999985, "min": 7.197186663500133, "max": 7.2013850774999355, "mean": 7.199285870500034, "std": 0.002099206999901071, "repeat": 2, "number": 2}]}, "arrayset_sample_reads.NUMPY_10.time_read_float32_20000_samples": {"result": [0.7744528642500654], "stats": [{"ci_99": [0.6588547017496467, 0.8900510267504841], "q_25": 0.7732968826250612, "q_75": 0.7756088458750696, "min": 0.7721409010000571, "max": 0.7767648275000738, "mean": 0.7744528642500654, "std": 0.0023119632500083753, "repeat": 2, "number": 2}]}, "arrayset_sample_reads.NUMPY_10.time_read_uint16_20000_samples": {"result": [0.5117910464998658], "stats": [{"ci_99": [0.4231849715035878, 0.6003971214961438], "q_25": 0.5109049857499031, "q_75": 0.5126771072498286, "min": 0.5100189249999403, "max": 0.5135631679997914, "mean": 0.5117910464998658, "std": 0.0017721214999255608, "repeat": 2, "number": 2}]}, "arrayset_sample_writes.HDF5_00.time_add_float32_samples": {"result": [0.3873856769999975, 7.302298659000144], "stats": [{"ci_99": [0.2727029019994234, 0.5020684520005715], "q_25": 0.38623884924999174, "q_75": 0.3885325047500032, "min": 0.385092021499986, "max": 0.38967933250000897, "mean": 0.3873856769999975, "std": 0.0022936555000114822, "repeat": 2, "number": 2}, {"ci_99": [6.462921708999829, 8.141675609000458], "q_25": 7.293904889500141, "q_75": 7.310692428500147, "min": 7.2855111200001375, "max": 7.31908619800015, "mean": 7.302298659000144, "std": 0.01678753900000629, "repeat": 2, "number": 2}], "params": [["1000", "20000"]]}, "arrayset_sample_writes.HDF5_00.time_add_uint16_samples": {"result": [0.3161891215000878, 6.074999072499963], "stats": [{"ci_99": [0.1990662214979011, 0.43331202150227444], "q_25": 0.31501789250006595, "q_75": 0.3173603505001097, "min": 0.3138466635000441, "max": 0.31853157950013156, "mean": 0.3161891215000878, "std": 0.0023424580000437345, "repeat": 2, "number": 2}, {"ci_99": [4.668889097500482, 7.4811090474994435], "q_25": 6.060937972749969, "q_75": 6.089060172249958, "min": 6.046876872999974, "max": 6.103121271999953, "mean": 6.074999072499963, "std": 0.02812219949998962, "repeat": 2, "number": 2}], "params": [["1000", "20000"]]}, "arrayset_sample_writes.NUMPY_10.time_add_float32_samples": {"result": [0.21576530799995908, 4.15526648874993], "stats": [{"ci_99": [0.18516910799723973, 0.2463615080026784], "q_25": 0.21545934599993188, "q_75": 0.21607126999998627, "min": 0.2151533839999047, "max": 0.21637723200001346, "mean": 0.21576530799995908, "std": 0.0006119240000543869, "repeat": 2, "number": 2}, {"ci_99": [3.3656306762518398, 4.94490230124802], "q_25": 4.1473701306249495, "q_75": 4.163162846874911, "min": 4.139473772499969, "max": 4.171059204999892, "mean": 4.15526648874993, "std": 0.015792716249961813, "repeat": 2, "number": 2}], "params": [["1000", "20000"]]}, "arrayset_sample_writes.NUMPY_10.time_add_uint16_samples": {"result": [0.12835644874996888, 2.49767544249994], "stats": [{"ci_99": [0.04703268625178225, 0.20968021124815545], "q_25": 0.127543211124987, "q_75": 0.12916968637495074, "min": 0.12672997350000514, "max": 0.1299829239999326, "mean": 0.12835644874996888, "std": 0.0016264752499637325, "repeat": 2, "number": 2}, {"ci_99": [2.3457440924987623, 2.6496067925011175], "q_25": 2.496156128999928, "q_75": 2.4991947559999517, "min": 2.4946368154999163, "max": 2.5007140694999634, "mean": 2.49767544249994, "std": 0.0030386270000235527, "repeat": 2, "number": 2}], "params": [["1000", "20000"]]}, "package.TimeImport.time_import": {"result": [0.48957457649999014], "stats": [{"ci_99": [0.47639310199974716, 0.508994451000035], "q_25": 0.48234507199993004, "q_75": 0.49587477699981264, "min": 0.47639310199974716, "max": 0.508994451000035, "mean": 0.4907956466999167, "std": 0.009960054462835126, "repeat": 10, "number": 1}]}, "arrayset_sample_reads.HDF5_00.peakmem_read_float32_20000_samples": 81690624, "arrayset_sample_reads.HDF5_00.peakmem_read_uint16_20000_samples": 79757312, "arrayset_sample_reads.NUMPY_10.peakmem_read_float32_20000_samples": 871960576, "arrayset_sample_reads.NUMPY_10.peakmem_read_uint16_20000_samples": 473935872, "arrayset_sample_writes.HDF5_00.track_repo_size_float32_samples": {"result": [20863191, 250243382], "params": [["1000", "20000"]]}, "arrayset_sample_writes.HDF5_00.track_repo_size_uint16_samples": {"result": [12027078, 237529820], "params": [["1000", "20000"]]}, "arrayset_sample_writes.NUMPY_10.track_repo_size_float32_samples": {"result": [40545922, 808478210], "params": [["1000", "20000"]]}, "arrayset_sample_writes.NUMPY_10.track_repo_size_uint16_samples": {"result": [20558210, 408347138], "params": [["1000", "20000"]]}}, "params": {"arch": "x86_64", "cpu": "Intel(R) Xeon(R) CPU @ 2.30GHz (8 cores)", "machine": "hangar-benchmarks", "num_cpu": "8", "os": "Linux 5.0.0-1021-gcp", "ram": "30873004", "python": "3.7"}, "requirements": {}, "commit_hash": "14d9d50e07e4a445a28311cb8bbd7cf303ce0fd5", "date": 1571662207000, "env_name": "virtualenv-py3.7", "python": "3.7", "profiles": {}, "started_at": {"arrayset_sample_reads.HDF5_00.time_read_float32_20000_samples": 1572125833221, "arrayset_sample_reads.HDF5_00.time_read_uint16_20000_samples": 1572125849570, "arrayset_sample_reads.NUMPY_10.time_read_float32_20000_samples": 1572125867289, "arrayset_sample_reads.NUMPY_10.time_read_uint16_20000_samples": 1572125869448, "arrayset_sample_writes.HDF5_00.time_add_float32_samples": 1572125871249, "arrayset_sample_writes.HDF5_00.time_add_uint16_samples": 1572125886849, "arrayset_sample_writes.NUMPY_10.time_add_float32_samples": 1572125924974, "arrayset_sample_writes.NUMPY_10.time_add_uint16_samples": 1572125933956, "package.TimeImport.time_import": 1572125950828, "arrayset_sample_reads.HDF5_00.peakmem_read_float32_20000_samples": 1572125816920, "arrayset_sample_reads.HDF5_00.peakmem_read_uint16_20000_samples": 1572125825397, "arrayset_sample_reads.NUMPY_10.peakmem_read_float32_20000_samples": 1572125864676, "arrayset_sample_reads.NUMPY_10.peakmem_read_uint16_20000_samples": 1572125866133, "arrayset_sample_writes.HDF5_00.track_repo_size_float32_samples": 1572125899741, "arrayset_sample_writes.HDF5_00.track_repo_size_uint16_samples": 1572125913134, "arrayset_sample_writes.NUMPY_10.track_repo_size_float32_samples": 1572125939428, "arrayset_sample_writes.NUMPY_10.track_repo_size_uint16_samples": 1572125946459}, "ended_at": {"arrayset_sample_reads.HDF5_00.time_read_float32_20000_samples": 1572125849570, "arrayset_sample_reads.HDF5_00.time_read_uint16_20000_samples": 1572125864616, "arrayset_sample_reads.NUMPY_10.time_read_float32_20000_samples": 1572125869448, "arrayset_sample_reads.NUMPY_10.time_read_uint16_20000_samples": 1572125871105, "arrayset_sample_writes.HDF5_00.time_add_float32_samples": 1572125886848, "arrayset_sample_writes.HDF5_00.time_add_uint16_samples": 1572125899741, "arrayset_sample_writes.NUMPY_10.time_add_float32_samples": 1572125933955, "arrayset_sample_writes.NUMPY_10.time_add_uint16_samples": 1572125939427,