{"results": {"arrayset_sample_reads.HDF5_00.time_read_float32_20000_samples": {"result": [7.929928727249944], "stats": [{"ci_99": [6.946146589742739, 8.91371086475715], "q_25": 7.920090905874872, "q_75": 7.939766548625016, "min": 7.9102530844998, "max": 7.949604370000088, "mean": 7.929928727249944, "std": 0.019675642750144107, "repeat": 2, "number": 2}]}, "arrayset_sample_reads.HDF5_00.time_read_uint16_20000_samples": {"result": [6.792904532999955], "stats": [{"ci_99": [5.85093748301756, 7.73487158298235], "q_25": 6.783484862500131, "q_75": 6.802324203499779, "min": 6.774065192000307, "max": 6.811743873999603, "mean": 6.792904532999955, "std": 0.018839340999647902, "repeat": 2, "number": 2}]}, "arrayset_sample_reads.NUMPY_10.time_read_float32_20000_samples": {"result": [0.7793891829999211], "stats": [{"ci_99": [0.7028992080074659, 0.8558791579923762], "q_25": 0.7786242832499966, "q_75": 0.7801540827498457, "min": 0.777859383500072, "max": 0.7809189824997702, "mean": 0.7793891829999211, "std": 0.001529799499849105, "repeat": 2, "number": 2}]}, "arrayset_sample_reads.NUMPY_10.time_read_uint16_20000_samples": {"result": [0.5109223372498946], "stats": [{"ci_99": [0.4711543997557328, 0.5506902747440563], "q_25": 0.5105246578749529, "q_75": 0.5113200166248362, "min": 0.5101269785000113, "max": 0.5117176959997778, "mean": 0.5109223372498946, "std": 0.0007953587498832349, "repeat": 2, "number": 2}]}, "arrayset_sample_writes.HDF5_00.time_add_float32_samples": {"result": [0.3999019232496721, 7.345006902000023], "stats": [{"ci_99": [0.24865018575201248, 0.5511536607473316], "q_25": 0.3983894058746955, "q_75": 0.4014144406246487, "min": 0.3968768884997189, "max": 0.4029269579996253, "mean": 0.3999019232496721, "std": 0.0030250347499531927, "repeat": 2, "number": 2}, {"ci_99": [5.934709801994359, 8.755304002005685], "q_25": 7.330903930999966, "q_75": 7.3591098730000795, "min": 7.3168009599999095, "max": 7.373212844000136, "mean": 7.345006902000023, "std": 0.028205942000113282, "repeat": 2, "number": 2}], "params": [["1000", "20000"]]}, "arrayset_sample_writes.HDF5_00.time_add_uint16_samples": {"result": [0.33676172874993426, 6.349237609749935], "stats": [{"ci_99": [0.049069116267219215, 0.6244543412326491], "q_25": 0.3338848026251071, "q_75": 0.3396386548747614, "min": 0.33100787650027996, "max": 0.34251558099958856, "mean": 0.33676172874993426, "std": 0.005753852249654301, "repeat": 2, "number": 2}, {"ci_99": [6.190087747241023, 6.508387472258846], "q_25": 6.3476461111248454, "q_75": 6.350829108375024, "min": 6.346054612499756, "max": 6.352420607000113, "mean": 6.349237609749935, "std": 0.003182997250178232, "repeat": 2, "number": 2}], "params": [["1000", "20000"]]}, "arrayset_sample_writes.NUMPY_10.time_add_float32_samples": {"result": [0.21151469300002645, 4.109483824500103], "stats": [{"ci_99": [0.20914579299551406, 0.21388359300453885], "q_25": 0.21149100399998133, "q_75": 0.21153838200007158, "min": 0.2114673149999362, "max": 0.2115620710001167, "mean": 0.21151469300002645, "std": 4.737800009024795e-05, "repeat": 2, "number": 2}, {"ci_99": [2.322572999499016, 5.896394649501188], "q_25": 4.091614716250092, "q_75": 4.127352932750114, "min": 4.073745608000081, "max": 4.145222041000125, "mean": 4.109483824500103, "std": 0.035738216500021736, "repeat": 2, "number": 2}], "params": [["1000", "20000"]]}, "arrayset_sample_writes.NUMPY_10.time_add_uint16_samples": {"result": [0.1249527977499838, 2.4322914332499295], "stats": [{"ci_99": [0.10678471024834835, 0.14312088525161926], "q_25": 0.12477111687496745, "q_75": 0.12513447862500016, "min": 0.12458943599995109, "max": 0.1253161595000165, "mean": 0.1249527977499838, "std": 0.0003633617500327091, "repeat": 2, "number": 2}, {"ci_99": [2.2628758207572446, 2.6017070457426144], "q_25": 2.4305972771250026, "q_75": 2.4339855893748563, "min": 2.4289031210000758, "max": 2.435679745499783, "mean": 2.4322914332499295, "std": 0.0033883122498536977, "repeat": 2, "number": 2}], "params": [["1000", "20000"]]}, "package.TimeImport.time_import": {"result": [0.49143370699994193], "stats": [{"ci_99": [0.4863435959996423, 0.49768449300063367], "q_25": 0.48782819100028973, "q_75": 0.49385875624943765, "min": 0.4863435959996423, "max": 0.49768449300063367, "mean": 0.4911896331999742, "std": 0.003559633789837984, "repeat": 10, "number": 1}]}, "arrayset_sample_reads.HDF5_00.peakmem_read_float32_20000_samples": 80134144, "arrayset_sample_reads.HDF5_00.peakmem_read_uint16_20000_samples": 80240640, "arrayset_sample_reads.NUMPY_10.peakmem_read_float32_20000_samples": 874557440, "arrayset_sample_reads.NUMPY_10.peakmem_read_uint16_20000_samples": 476655616, "arrayset_sample_writes.HDF5_00.track_repo_size_float32_samples": {"result": [11198036, 157798657], "params": [["1000", "20000"]]}, "arrayset_sample_writes.HDF5_00.track_repo_size_uint16_samples": {"result": [7437889, 145887211], "params": [["1000", "20000"]]}, "arrayset_sample_writes.NUMPY_10.track_repo_size_float32_samples": {"result": [40562294, 808875510], "params": [["1000", "20000"]]}, "arrayset_sample_writes.NUMPY_10.track_repo_size_uint16_samples": {"result": [20570486, 408719862], "params": [["1000", "20000"]]}}, "params": {"arch": "x86_64", "cpu": "Intel(R) Xeon(R) CPU @ 2.30GHz (8 cores)", "machine": "hangar-benchmarks", "num_cpu": "8", "os": "Linux 5.0.0-1021-gcp", "ram": "30873004", "python": "3.7"}, "requirements": {}, "commit_hash": "15884b42370ab8bef04e74db9cf087f7a3983dfd", "date": 1567770911000, "env_name": "virtualenv-py3.7", "python": "3.7", "profiles": {}, "started_at": {"arrayset_sample_reads.HDF5_00.time_read_float32_20000_samples": 1572129988996, "arrayset_sample_reads.HDF5_00.time_read_uint16_20000_samples": 1572130005343, "arrayset_sample_reads.NUMPY_10.time_read_float32_20000_samples": 1572130021886, "arrayset_sample_reads.NUMPY_10.time_read_uint16_20000_samples": 1572130023995, "arrayset_sample_writes.HDF5_00.time_add_float32_samples": 1572130025695, "arrayset_sample_writes.HDF5_00.time_add_uint16_samples": 1572130041293, "arrayset_sample_writes.NUMPY_10.time_add_float32_samples": 1572130080971, "arrayset_sample_writes.NUMPY_10.time_add_uint16_samples": 1572130089801, "package.TimeImport.time_import": 1572130106012, "arrayset_sample_reads.HDF5_00.peakmem_read_float32_20000_samples": 1572129973248, "arrayset_sample_reads.HDF5_00.peakmem_read_uint16_20000_samples": 1572129981674, "arrayset_sample_reads.NUMPY_10.peakmem_read_float32_20000_samples": 1572130019473, "arrayset_sample_reads.NUMPY_10.peakmem_read_uint16_20000_samples": 1572130020830, "arrayset_sample_writes.HDF5_00.track_repo_size_float32_samples": 1572130054836, "arrayset_sample_writes.HDF5_00.track_repo_size_uint16_samples": 1572130068528, "arrayset_sample_writes.NUMPY_10.track_repo_size_float32_samples": 1572130095071, "arrayset_sample_writes.NUMPY_10.track_repo_size_uint16_samples": 1572130101845}, "ended_at": {"arrayset_sample_reads.HDF5_00.time_read_float32_20000_samples": 1572130005343, "arrayset_sample_reads.HDF5_00.time_read_uint16_20000_samples": 1572130019433, "arrayset_sample_reads.NUMPY_10.time_read_float32_20000_samples": 1572130023994, "arrayset_sample_reads.NUMPY_10.time_read_uint16_20000_samples": 1572130025552, "arrayset_sample_writes.HDF5_00.time_add_float32_samples": 1572130041292, "arrayset_sample_writes.HDF5_00.time_add_uint16_samples": 1572130054835, "arrayset_sample_writes.NUMPY_10.time_add_float32_samples": 1572130089800, "arrayset_sample_writes.NUMPY_10.time_add_uint16_samples": 1572130095070,