{"results": {"arrayset_sample_reads.HDF5_00.time_read_float32_20000_samples": {"result": [8.366649376499936], "stats": [{"ci_99": [7.399110776497309, 9.334187976502562], "q_25": 8.35697399049991, "q_75": 8.376324762499962, "min": 8.347298604499883, "max": 8.386000148499988, "mean": 8.366649376499936, "std": 0.01935077200005253, "repeat": 2, "number": 2}]}, "arrayset_sample_reads.HDF5_00.time_read_uint16_20000_samples": {"result": [7.218315213250207], "stats": [{"ci_99": [6.066703250754472, 8.369927175745943], "q_25": 7.20679909362525, "q_75": 7.229831332875165, "min": 7.195282974000293, "max": 7.241347452500122, "mean": 7.218315213250207, "std": 0.02303223924991471, "repeat": 2, "number": 2}]}, "arrayset_sample_reads.NUMPY_10.time_read_float32_20000_samples": {"result": [0.7728725279998798], "stats": [{"ci_99": [0.6367772280095778, 0.9089678279901817], "q_25": 0.7715115749999768, "q_75": 0.7742334809997828, "min": 0.7701506220000738, "max": 0.7755944339996859, "mean": 0.7728725279998798, "std": 0.00272190599980604, "repeat": 2, "number": 2}]}, "arrayset_sample_reads.NUMPY_10.time_read_uint16_20000_samples": {"result": [0.4996828160001314], "stats": [{"ci_99": [0.377720366001995, 0.6216452659982677], "q_25": 0.49846319150015006, "q_75": 0.5009024405001128, "min": 0.4972435670001687, "max": 0.5021220650000942, "mean": 0.4996828160001314, "std": 0.0024392489999627287, "repeat": 2, "number": 2}]}, "arrayset_sample_writes.HDF5_00.time_add_float32_samples": {"result": [0.3996921807502076, 7.454089259749935], "stats": [{"ci_99": [0.34418026824914705, 0.45520409325126815], "q_25": 0.399137061625197, "q_75": 0.40024729987521823, "min": 0.3985819425001864, "max": 0.40080241900022884, "mean": 0.3996921807502076, "std": 0.0011102382500212116, "repeat": 2, "number": 2}, {"ci_99": [3.374029347253554, 11.534149172246313], "q_25": 7.413288660624971, "q_75": 7.494889858874899, "min": 7.3724880615000075, "max": 7.535690457999863, "mean": 7.454089259749935, "std": 0.08160119824992762, "repeat": 2, "number": 2}], "params": [["1000", "20000"]]}, "arrayset_sample_writes.HDF5_00.time_add_uint16_samples": {"result": [0.33930745325005773, 6.429266703999929], "stats": [{"ci_99": [0.04952531575281682, 0.6290895907472984], "q_25": 0.3364096318750853, "q_75": 0.34220527462503014, "min": 0.3335118105001129, "max": 0.34510309600000255, "mean": 0.33930745325005773, "std": 0.005795642749944818, "repeat": 2, "number": 2}, {"ci_99": [4.584645904011268, 8.273887503988588], "q_25": 6.410820496000042, "q_75": 6.447712911999815, "min": 6.3923742880001555, "max": 6.466159119999702, "mean": 6.429266703999929, "std": 0.03689241599977322, "repeat": 2, "number": 2}], "params": [["1000", "20000"]]}, "arrayset_sample_writes.NUMPY_10.time_add_float32_samples": {"result": [0.21464906500023062, 4.132556648249874], "stats": [{"ci_99": [0.20080701500228315, 0.2284911149981781], "q_25": 0.21451064450025115, "q_75": 0.2147874855002101, "min": 0.21437222400027167, "max": 0.21492590600018957, "mean": 0.21464906500023062, "std": 0.0002768409999589494, "repeat": 2, "number": 2}, {"ci_99": [3.0322659607520563, 5.2328473357476915], "q_25": 4.121553741374896, "q_75": 4.1435595551248525, "min": 4.110550834499918, "max": 4.154562461999831, "mean": 4.132556648249874, "std": 0.02200581374995636, "repeat": 2, "number": 2}], "params": [["1000", "20000"]]}, "arrayset_sample_writes.NUMPY_10.time_add_uint16_samples": {"result": [0.12744443749988932, 2.4608594982501018], "stats": [{"ci_99": [0.10619153749894394, 0.14869733750083466], "q_25": 0.12723190849987986, "q_75": 0.12765696649989877, "min": 0.1270193794998704, "max": 0.12786949549990823, "mean": 0.12744443749988932, "std": 0.0004250580000189075, "repeat": 2, "number": 2}, {"ci_99": [1.5562629607520648, 3.365456035748138], "q_25": 2.4518135328751214, "q_75": 2.469905463625082, "min": 2.442767567500141, "max": 2.4789514290000625, "mean": 2.4608594982501018, "std": 0.01809193074996074, "repeat": 2, "number": 2}], "params": [["1000", "20000"]]}, "package.TimeImport.time_import": {"result": [0.5016577025003244], "stats": [{"ci_99": [0.48934455099970364, 0.5102543760003755], "q_25": 0.4963969837494915, "q_75": 0.5025436662497214, "min": 0.48934455099970364, "max": 0.5102543760003755, "mean": 0.4998543496999446, "std": 0.005489762723476418, "repeat": 10, "number": 1}]}, "arrayset_sample_reads.HDF5_00.peakmem_read_float32_20000_samples": 77684736, "arrayset_sample_reads.HDF5_00.peakmem_read_uint16_20000_samples": 77488128, "arrayset_sample_reads.NUMPY_10.peakmem_read_float32_20000_samples": 872525824, "arrayset_sample_reads.NUMPY_10.peakmem_read_uint16_20000_samples": 474566656, "arrayset_sample_writes.HDF5_00.track_repo_size_float32_samples": {"result": [11181652, 157380865], "params": [["1000", "20000"]]}, "arrayset_sample_writes.HDF5_00.track_repo_size_uint16_samples": {"result": [7421505, 145502185], "params": [["1000", "20000"]]}, "arrayset_sample_writes.NUMPY_10.track_repo_size_float32_samples": {"result": [40545910, 808457718], "params": [["1000", "20000"]]}, "arrayset_sample_writes.NUMPY_10.track_repo_size_uint16_samples": {"result": [20554102, 408334838], "params": [["1000", "20000"]]}}, "params": {"arch": "x86_64", "cpu": "Intel(R) Xeon(R) CPU @ 2.30GHz (8 cores)", "machine": "hangar-benchmarks", "num_cpu": "8", "os": "Linux 5.0.0-1021-gcp", "ram": "30873004", "python": "3.7"}, "requirements": {}, "commit_hash": "1b84c87629f44bc9afb8613921ba5e700f436fae", "date": 1570029459000, "env_name": "virtualenv-py3.7", "python": "3.7", "profiles": {}, "started_at": {"arrayset_sample_reads.HDF5_00.time_read_float32_20000_samples": 1572128988708, "arrayset_sample_reads.HDF5_00.time_read_uint16_20000_samples": 1572129006115, "arrayset_sample_reads.NUMPY_10.time_read_float32_20000_samples": 1572129023763, "arrayset_sample_reads.NUMPY_10.time_read_uint16_20000_samples": 1572129025922, "arrayset_sample_writes.HDF5_00.time_add_float32_samples": 1572129027672, "arrayset_sample_writes.HDF5_00.time_add_uint16_samples": 1572129043723, "arrayset_sample_writes.NUMPY_10.time_add_float32_samples": 1572129083849, "arrayset_sample_writes.NUMPY_10.time_add_uint16_samples": 1572129092780, "package.TimeImport.time_import": 1572129109495, "arrayset_sample_reads.HDF5_00.peakmem_read_float32_20000_samples": 1572128972058, "arrayset_sample_reads.HDF5_00.peakmem_read_uint16_20000_samples": 1572128980935, "arrayset_sample_reads.NUMPY_10.peakmem_read_float32_20000_samples": 1572129021149, "arrayset_sample_reads.NUMPY_10.peakmem_read_uint16_20000_samples": 1572129022607, "arrayset_sample_writes.HDF5_00.track_repo_size_float32_samples": 1572129057517, "arrayset_sample_writes.HDF5_00.track_repo_size_uint16_samples": 1572129071309, "arrayset_sample_writes.NUMPY_10.track_repo_size_float32_samples": 1572129098202, "arrayset_sample_writes.NUMPY_10.track_repo_size_uint16_samples": 1572129105126}, "ended_at": {"arrayset_sample_reads.HDF5_00.time_read_float32_20000_samples": 1572129006115, "arrayset_sample_reads.HDF5_00.time_read_uint16_20000_samples": 1572129021109, "arrayset_sample_reads.NUMPY_10.time_read_float32_20000_samples": 1572129025921, "arrayset_sample_reads.NUMPY_10.time_read_uint16_20000_samples": 1572129027529, "arrayset_sample_writes.HDF5_00.time_add_float32_samples": 1572129043722, "arrayset_sample_writes.HDF5_00.time_add_uint16_samples": 1572129057516, "arrayset_sample_writes.NUMPY_10.time_add_float32_samples": 1572129092779, "arrayset_sample_writes.NUMPY_10.time_add_uint16_samples": 1572129098201,