{"results": {"arrayset_sample_reads.HDF5_00.time_read_float32_20000_samples": {"result": [8.568992284750038], "stats": [{"ci_99": [8.161153172249442, 8.976831397250635], "q_25": 8.564913893625032, "q_75": 8.573070675875044, "min": 8.560835502500026, "max": 8.57714906700005, "mean": 8.568992284750038, "std": 0.00815678225001193, "repeat": 2, "number": 2}]}, "arrayset_sample_reads.HDF5_00.time_read_uint16_20000_samples": {"result": [7.530815891000032], "stats": [{"ci_99": [7.080262565998908, 7.981369216001156], "q_25": 7.52631035775002, "q_75": 7.535321424250043, "min": 7.521804824500009, "max": 7.539826957500054, "mean": 7.530815891000032, "std": 0.00901106650002248, "repeat": 2, "number": 2}]}, "arrayset_sample_reads.NUMPY_10.time_read_float32_20000_samples": {"result": [0.4832884724999644], "stats": [{"ci_99": [-0.011345402498875501, 0.9779223474988039], "q_25": 0.47834213374997603, "q_75": 0.4882348112499528, "min": 0.47339579499998763, "max": 0.4931811499999412, "mean": 0.4832884724999644, "std": 0.009892677499976799, "repeat": 2, "number": 2}]}, "arrayset_sample_reads.NUMPY_10.time_read_uint16_20000_samples": {"result": [0.35417946800004074], "stats": [{"ci_99": [0.11853796800204464, 0.5898209679980366], "q_25": 0.3518230530000608, "q_75": 0.3565358830000207, "min": 0.3494666380000808, "max": 0.35889229800000066, "mean": 0.35417946800004074, "std": 0.004712829999959922, "repeat": 2, "number": 2}]}, "arrayset_sample_writes.HDF5_00.time_add_float32_samples": {"result": [0.5576749227499818, 10.695976117999976], "stats": [{"ci_99": [0.44308378524948466, 0.6722660602504787], "q_25": 0.5565290113749768, "q_75": 0.5588208341249867, "min": 0.5553830999999718, "max": 0.5599667454999917, "mean": 0.5576749227499818, "std": 0.002291822750009942, "repeat": 2, "number": 2}, {"ci_99": [10.373930142997438, 11.018022093002514], "q_25": 10.69275565824995, "q_75": 10.699196577750001, "min": 10.689535198499925, "max": 10.702417037500027, "mean": 10.695976117999976, "std": 0.006440919500050768, "repeat": 2, "number": 2}], "params": [["1000", "20000"]]}, "arrayset_sample_writes.HDF5_00.time_add_uint16_samples": {"result": [0.41866870849997895, 7.9426326134999385], "stats": [{"ci_99": [0.37642215849911054, 0.4609152585008473], "q_25": 0.41824624299997026, "q_75": 0.41909117399998763, "min": 0.4178237774999616, "max": 0.4195136394999963, "mean": 0.41866870849997895, "std": 0.0008449310000173682, "repeat": 2, "number": 2}, {"ci_99": [7.734527338498481, 8.150737888501396], "q_25": 7.940551560749924, "q_75": 7.944713666249953, "min": 7.938470507999909, "max": 7.946794718999968, "mean": 7.9426326134999385, "std": 0.004162105500029156, "repeat": 2, "number": 2}], "params": [["1000", "20000"]]}, "arrayset_sample_writes.NUMPY_10.time_add_float32_samples": {"result": [0.20974955149995367, 4.046582896999951], "stats": [{"ci_99": [0.1779970264988151, 0.2415020765010922], "q_25": 0.20943202624994228, "q_75": 0.21006707674996505, "min": 0.2091145009999309, "max": 0.21038460199997644, "mean": 0.20974955149995367, "std": 0.0006350505000227713, "repeat": 2, "number": 2}, {"ci_99": [3.7761974970024426, 4.316968296997459], "q_25": 4.043879042999976, "q_75": 4.049286750999926, "min": 4.0411751890000005, "max": 4.051990604999901, "mean": 4.046582896999951, "std": 0.005407707999950162, "repeat": 2, "number": 2}], "params": [["1000", "20000"]]}, "arrayset_sample_writes.NUMPY_10.time_add_uint16_samples": {"result": [0.12489329575004149, 2.443527632499979], "stats": [{"ci_99": [0.06634398325132906, 0.18344260824875386], "q_25": 0.12430780262505436, "q_75": 0.1254787888750286, "min": 0.12372230950006724, "max": 0.12606428200001574, "mean": 0.12489329575004149, "std": 0.0011709862499742485, "repeat": 2, "number": 2}, {"ci_99": [1.3536391325010868, 3.5334161324988704], "q_25": 2.43262874749999, "q_75": 2.454426517499968, "min": 2.421729862500001, "max": 2.465325402499957, "mean": 2.443527632499979, "std": 0.021797769999977845, "repeat": 2, "number": 2}], "params": [["1000", "20000"]]}, "package.TimeImport.time_import": {"result": [0.49361838400000124], "stats": [{"ci_99": [0.48332788699963203, 0.514425496000058], "q_25": 0.487059111749943, "q_75": 0.4963460242499309, "min": 0.48332788699963203, "max": 0.514425496000058, "mean": 0.4936227967999912, "std": 0.008571913886331071, "repeat": 10, "number": 1}]}, "arrayset_sample_reads.HDF5_00.peakmem_read_float32_20000_samples": 85192704, "arrayset_sample_reads.HDF5_00.peakmem_read_uint16_20000_samples": 83587072, "arrayset_sample_reads.NUMPY_10.peakmem_read_float32_20000_samples": 872984576, "arrayset_sample_reads.NUMPY_10.peakmem_read_uint16_20000_samples": 474685440, "arrayset_sample_writes.HDF5_00.track_repo_size_float32_samples": {"result": [9793276, 161193801], "params": [["1000", "20000"]]}, "arrayset_sample_writes.HDF5_00.track_repo_size_uint16_samples": {"result": [7201787, 140915453], "params": [["1000", "20000"]]}, "arrayset_sample_writes.NUMPY_10.track_repo_size_float32_samples": {"result": [40562306, 808744450], "params": [["1000", "20000"]]}, "arrayset_sample_writes.NUMPY_10.track_repo_size_uint16_samples": {"result": [20566402, 408719874], "params": [["1000", "20000"]]}}, "params": {"arch": "x86_64", "cpu": "Intel(R) Xeon(R) CPU @ 2.30GHz (8 cores)", "machine": "hangar-benchmarks", "num_cpu": "8", "os": "Linux 5.0.0-1021-gcp", "ram": "30873004", "python": "3.7"}, "requirements": {}, "commit_hash": "209fdef67923649a7f6233ffc600b98adfe96eb1", "date": 1571692878000, "env_name": "virtualenv-py3.7", "python": "3.7", "profiles": {}, "started_at": {"arrayset_sample_reads.HDF5_00.time_read_float32_20000_samples": 1572125250718, "arrayset_sample_reads.HDF5_00.time_read_uint16_20000_samples": 1572125268521, "arrayset_sample_reads.NUMPY_10.time_read_float32_20000_samples": 1572125286469, "arrayset_sample_reads.NUMPY_10.time_read_uint16_20000_samples": 1572125288027, "arrayset_sample_writes.HDF5_00.time_add_float32_samples": 1572125289476, "arrayset_sample_writes.HDF5_00.time_add_uint16_samples": 1572125312196, "arrayset_sample_writes.NUMPY_10.time_add_float32_samples": 1572125365872, "arrayset_sample_writes.NUMPY_10.time_add_uint16_samples": 1572125374655, "package.TimeImport.time_import": 1572125391022, "arrayset_sample_reads.HDF5_00.peakmem_read_float32_20000_samples": 1572125233414, "arrayset_sample_reads.HDF5_00.peakmem_read_uint16_20000_samples": 1572125242592, "arrayset_sample_reads.NUMPY_10.peakmem_read_float32_20000_samples": 1572125284307, "arrayset_sample_reads.NUMPY_10.peakmem_read_uint16_20000_samples": 1572125285463, "arrayset_sample_writes.HDF5_00.track_repo_size_float32_samples": 1572125329101, "arrayset_sample_writes.HDF5_00.track_repo_size_uint16_samples": 1572125349971, "arrayset_sample_writes.NUMPY_10.track_repo_size_float32_samples": 1572125380027, "arrayset_sample_writes.NUMPY_10.track_repo_size_uint16_samples": 1572125386754}, "ended_at": {"arrayset_sample_reads.HDF5_00.time_read_float32_20000_samples": 1572125268521, "arrayset_sample_reads.HDF5_00.time_read_uint16_20000_samples": 1572125284268, "arrayset_sample_reads.NUMPY_10.time_read_float32_20000_samples": 1572125288027, "arrayset_sample_reads.NUMPY_10.time_read_uint16_20000_samples": 1572125289333, "arrayset_sample_writes.HDF5_00.time_add_float32_samples": 1572125312195, "arrayset_sample_writes.HDF5_00.time_add_uint16_samples": 1572125329100, "arrayset_sample_writes.NUMPY_10.time_add_float32_samples": 1572125374654, "arrayset_sample_writes.NUMPY_10.time_add_uint16_samples": 1572125380027,