{"results": {"arrayset_sample_reads.HDF5_00.time_read_float32_20000_samples": {"result": [7.9266954005001935], "stats": [{"ci_99": [6.933660775497174, 8.919730025503213], "q_25": 7.916765054250163, "q_75": 7.936625746750224, "min": 7.906834708000133, "max": 7.946556093000254, "mean": 7.9266954005001935, "std": 0.019860692500060395, "repeat": 2, "number": 2}]}, "arrayset_sample_reads.HDF5_00.time_read_uint16_20000_samples": {"result": [6.799207279499797], "stats": [{"ci_99": [5.459285229500665, 8.139129329498926], "q_25": 6.785808058999805, "q_75": 6.812606499999788, "min": 6.772408838499814, "max": 6.826005720499779, "mean": 6.799207279499797, "std": 0.02679844099998263, "repeat": 2, "number": 2}]}, "arrayset_sample_reads.NUMPY_10.time_read_float32_20000_samples": {"result": [0.779593679249956], "stats": [{"ci_99": [0.672545966745929, 0.8866413917539829], "q_25": 0.7785232021249158, "q_75": 0.7806641563749963, "min": 0.7774527249998755, "max": 0.7817346335000366, "mean": 0.779593679249956, "std": 0.00214095425008054, "repeat": 2, "number": 2}]}, "arrayset_sample_reads.NUMPY_10.time_read_uint16_20000_samples": {"result": [0.5081594562500413], "stats": [{"ci_99": [0.3989483937618843, 0.6173705187381983], "q_25": 0.5070673456251598, "q_75": 0.5092515668749229, "min": 0.5059752350002782, "max": 0.5103436774998045, "mean": 0.5081594562500413, "std": 0.002184221249763141, "repeat": 2, "number": 2}]}, "arrayset_sample_writes.HDF5_00.time_add_float32_samples": {"result": [0.3971209909998379, 7.326921005249915], "stats": [{"ci_99": [0.38202876598984403, 0.41221321600983174], "q_25": 0.39697006874973795, "q_75": 0.3972719132499378, "min": 0.396819146499638, "max": 0.39742283550003776, "mean": 0.3971209909998379, "std": 0.0003018445001998771, "repeat": 2, "number": 2}, {"ci_99": [6.456548017757541, 8.197293992742289], "q_25": 7.318217275374991, "q_75": 7.3356247351248385, "min": 7.309513545500067, "max": 7.344328464999762, "mean": 7.326921005249915, "std": 0.017407459749847476, "repeat": 2, "number": 2}], "params": [["1000", "20000"]]}, "arrayset_sample_writes.HDF5_00.time_add_uint16_samples": {"result": [0.329322639999873, 6.304328400749682], "stats": [{"ci_99": [0.24288136499512802, 0.4157639150046179], "q_25": 0.32845822724982554, "q_75": 0.33018705274992044, "min": 0.3275938144997781, "max": 0.3310514654999679, "mean": 0.329322639999873, "std": 0.0017288255000948993, "repeat": 2, "number": 2}, {"ci_99": [5.6986433882505025, 6.910013413248861], "q_25": 6.2982715506246905, "q_75": 6.310385250874674, "min": 6.292214700499699, "max": 6.316442100999666, "mean": 6.304328400749682, "std": 0.012113700249983594, "repeat": 2, "number": 2}], "params": [["1000", "20000"]]}, "arrayset_sample_writes.NUMPY_10.time_add_float32_samples": {"result": [0.21236101199997393, 4.106335380500013], "stats": [{"ci_99": [0.16699596200646738, 0.2577260619934804], "q_25": 0.21190736150003886, "q_75": 0.212814662499909, "min": 0.2114537110001038, "max": 0.21326831299984406, "mean": 0.21236101199997393, "std": 0.0009073009998701309, "repeat": 2, "number": 2}, {"ci_99": [3.8974438805055343, 4.315226880494492], "q_25": 4.1042464655000686, "q_75": 4.108424295499958, "min": 4.102157550500124, "max": 4.110513210499903, "mean": 4.106335380500013, "std": 0.004177829999889582, "repeat": 2, "number": 2}], "params": [["1000", "20000"]]}, "arrayset_sample_writes.NUMPY_10.time_add_uint16_samples": {"result": [0.12442532349996327, 2.4266393092500493], "stats": [{"ci_99": [0.11443727348978427, 0.13441337351014226], "q_25": 0.12432544299986148, "q_75": 0.12452520400006506, "min": 0.12422556249975969, "max": 0.12462508450016685, "mean": 0.12442532349996327, "std": 0.0001997610002035799, "repeat": 2, "number": 2}, {"ci_99": [2.2591011467523003, 2.5941774717477983], "q_25": 2.424963927625072, "q_75": 2.428314690875027, "min": 2.4232885460000944, "max": 2.4299900725000043, "mean": 2.4266393092500493, "std": 0.00335076324995498, "repeat": 2, "number": 2}], "params": [["1000", "20000"]]}, "package.TimeImport.time_import": {"result": [0.5074622529996304], "stats": [{"ci_99": [0.4992343220001203, 0.5197875190006016], "q_25": 0.5035212367506574, "q_75": 0.5143650215002253, "min": 0.4992343220001203, "max": 0.5197875190006016, "mean": 0.5086491088001821, "std": 0.007235334753534551, "repeat": 10, "number": 1}]}, "arrayset_sample_reads.HDF5_00.peakmem_read_float32_20000_samples": 80326656, "arrayset_sample_reads.HDF5_00.peakmem_read_uint16_20000_samples": 80261120, "arrayset_sample_reads.NUMPY_10.peakmem_read_float32_20000_samples": 876519424, "arrayset_sample_reads.NUMPY_10.peakmem_read_uint16_20000_samples": 474234880, "arrayset_sample_writes.HDF5_00.track_repo_size_float32_samples": {"result": [11198036, 157798657], "params": [["1000", "20000"]]}, "arrayset_sample_writes.HDF5_00.track_repo_size_uint16_samples": {"result": [7437889, 145887211], "params": [["1000", "20000"]]}, "arrayset_sample_writes.NUMPY_10.track_repo_size_float32_samples": {"result": [40562294, 808875510], "params": [["1000", "20000"]]}, "arrayset_sample_writes.NUMPY_10.track_repo_size_uint16_samples": {"result": [20570486, 408719862], "params": [["1000", "20000"]]}}, "params": {"arch": "x86_64", "cpu": "Intel(R) Xeon(R) CPU @ 2.30GHz (8 cores)", "machine": "hangar-benchmarks", "num_cpu": "8", "os": "Linux 5.0.0-1021-gcp", "ram": "30873004", "python": "3.7"}, "requirements": {}, "commit_hash": "3604f1bda699256468c1037ae4649b6d7aab3cf4", "date": 1566245193000, "env_name": "virtualenv-py3.7", "python": "3.7", "profiles": {}, "started_at": {"arrayset_sample_reads.HDF5_00.time_read_float32_20000_samples": 1572131264337, "arrayset_sample_reads.HDF5_00.time_read_uint16_20000_samples": 1572131280684, "arrayset_sample_reads.NUMPY_10.time_read_float32_20000_samples": 1572131297229, "arrayset_sample_reads.NUMPY_10.time_read_uint16_20000_samples": 1572131299338, "arrayset_sample_writes.HDF5_00.time_add_float32_samples": 1572131301045, "arrayset_sample_writes.HDF5_00.time_add_uint16_samples": 1572131316644, "arrayset_sample_writes.NUMPY_10.time_add_float32_samples": 1572131356071, "arrayset_sample_writes.NUMPY_10.time_add_uint16_samples": 1572131365002, "package.TimeImport.time_import": 1572131381314, "arrayset_sample_reads.HDF5_00.peakmem_read_float32_20000_samples": 1572131248639, "arrayset_sample_reads.HDF5_00.peakmem_read_uint16_20000_samples": 1572131257014, "arrayset_sample_reads.NUMPY_10.peakmem_read_float32_20000_samples": 1572131294817, "arrayset_sample_reads.NUMPY_10.peakmem_read_uint16_20000_samples": 1572131296174, "arrayset_sample_writes.HDF5_00.track_repo_size_float32_samples": 1572131330086, "arrayset_sample_writes.HDF5_00.track_repo_size_uint16_samples": 1572131343678, "arrayset_sample_writes.NUMPY_10.track_repo_size_float32_samples": 1572131370273, "arrayset_sample_writes.NUMPY_10.track_repo_size_uint16_samples": 1572131377047}, "ended_at": {"arrayset_sample_reads.HDF5_00.time_read_float32_20000_samples": 1572131280684, "arrayset_sample_reads.HDF5_00.time_read_uint16_20000_samples": 1572131294775, "arrayset_sample_reads.NUMPY_10.time_read_float32_20000_samples": 1572131299337, "arrayset_sample_reads.NUMPY_10.time_read_uint16_20000_samples": 1572131300895, "arrayset_sample_writes.HDF5_00.time_add_float32_samples": 1572131316643, "arrayset_sample_writes.HDF5_00.time_add_uint16_samples": 1572131330085, "arrayset_sample_writes.NUMPY_10.time_add_float32_samples": 1572131365001, "arrayset_sample_writes.NUMPY_10.time_add_uint16_samples": 1572131370272,