{"results": {"arrayset_sample_reads.HDF5_00.time_read_float32_20000_samples": {"result": [8.316226466499984], "stats": [{"ci_99": [8.087919041506893, 8.544533891493074], "q_25": 8.313943392250053, "q_75": 8.318509540749915, "min": 8.311660318000122, "max": 8.320792614999846, "mean": 8.316226466499984, "std": 0.004566148499861811, "repeat": 2, "number": 2}]}, "arrayset_sample_reads.HDF5_00.time_read_uint16_20000_samples": {"result": [7.199773574249775], "stats": [{"ci_99": [6.89262246175258, 7.50692468674697], "q_25": 7.196702063124803, "q_75": 7.202845085374747, "min": 7.193630551999831, "max": 7.205916596499719, "mean": 7.199773574249775, "std": 0.006143022249943897, "repeat": 2, "number": 2}]}, "arrayset_sample_reads.NUMPY_10.time_read_float32_20000_samples": {"result": [0.764245387499841], "stats": [{"ci_99": [0.6750956624889568, 0.853395112510725], "q_25": 0.7633538902497321, "q_75": 0.7651368847499498, "min": 0.7624623929996233, "max": 0.7660283820000586, "mean": 0.764245387499841, "std": 0.0017829945002176828, "repeat": 2, "number": 2}]}, "arrayset_sample_reads.NUMPY_10.time_read_uint16_20000_samples": {"result": [0.48803749274998154], "stats": [{"ci_99": [0.4776960052429331, 0.49837898025703], "q_25": 0.48793407787491105, "q_75": 0.488140907625052, "min": 0.48783066299984057, "max": 0.4882443225001225, "mean": 0.48803749274998154, "std": 0.00020682975014096883, "repeat": 2, "number": 2}]}, "arrayset_sample_writes.HDF5_00.time_add_float32_samples": {"result": [0.4006275097501657, 7.358187194749917], "stats": [{"ci_99": [0.19728489725343934, 0.6039701222468918], "q_25": 0.39859408362519844, "q_75": 0.40266093587513296, "min": 0.3965606575002312, "max": 0.4046943620001002, "mean": 0.4006275097501657, "std": 0.004066852249934527, "repeat": 2, "number": 2}, {"ci_99": [7.101952607245039, 7.614421782254794], "q_25": 7.355624848874868, "q_75": 7.3607495406249654, "min": 7.353062502999819, "max": 7.363311886500014, "mean": 7.358187194749917, "std": 0.005124691750097554, "repeat": 2, "number": 2}], "params": [["1000", "20000"]]}, "arrayset_sample_writes.HDF5_00.time_add_uint16_samples": {"result": [0.33966643924986784, 6.367210431250214], "stats": [{"ci_99": [0.21967852676016264, 0.4596543517395729], "q_25": 0.3384665601249708, "q_75": 0.3408663183747649, "min": 0.33726668100007373, "max": 0.34206619749966194, "mean": 0.33966643924986784, "std": 0.002399758249794104, "repeat": 2, "number": 2}, {"ci_99": [5.039138593741654, 7.695282268758773], "q_25": 6.353929712875129, "q_75": 6.3804911496253, "min": 6.340648994500043, "max": 6.393771868000385, "mean": 6.367210431250214, "std": 0.026561436750171197, "repeat": 2, "number": 2}], "params": [["1000", "20000"]]}, "arrayset_sample_writes.NUMPY_10.time_add_float32_samples": {"result": [0.2126647607499308, 4.101906919499925], "stats": [{"ci_99": [0.1643907982499968, 0.2609387232498647], "q_25": 0.21218202112493145, "q_75": 0.21314750037493013, "min": 0.2116992814999321, "max": 0.21363023999992947, "mean": 0.2126647607499308, "std": 0.0009654792499986797, "repeat": 2, "number": 2}, {"ci_99": [3.2741963944954477, 4.929617444504401], "q_25": 4.09362981424988, "q_75": 4.1101840247499695, "min": 4.085352708999835, "max": 4.118461130000014, "mean": 4.101906919499925, "std": 0.01655421050008954, "repeat": 2, "number": 2}], "params": [["1000", "20000"]]}, "arrayset_sample_writes.NUMPY_10.time_add_uint16_samples": {"result": [0.12670677149981202, 2.456653582249828], "stats": [{"ci_99": [0.03953129649471521, 0.21388224650490878], "q_25": 0.12583501674976105, "q_75": 0.127578526249863, "min": 0.12496326199971008, "max": 0.12845028099991396, "mean": 0.12670677149981202, "std": 0.0017435095001019363, "repeat": 2, "number": 2}, {"ci_99": [1.9270445197560093, 2.9862626447436464], "q_25": 2.45135749162489, "q_75": 2.4619496728747663, "min": 2.4460614009999517, "max": 2.4672457634997045, "mean": 2.456653582249828, "std": 0.010592181249876376, "repeat": 2, "number": 2}], "params": [["1000", "20000"]]}, "package.TimeImport.time_import": {"result": [0.4979202135000378], "stats": [{"ci_99": [0.48808248800014553, 0.5268564889993286], "q_25": 0.494169155499776, "q_75": 0.5013465862500652, "min": 0.48808248800014553, "max": 0.5268564889993286, "mean": 0.5013952205998976, "std": 0.011806645964780264, "repeat": 10, "number": 1}]}, "arrayset_sample_reads.HDF5_00.peakmem_read_float32_20000_samples": 77926400, "arrayset_sample_reads.HDF5_00.peakmem_read_uint16_20000_samples": 77926400, "arrayset_sample_reads.NUMPY_10.peakmem_read_float32_20000_samples": 872681472, "arrayset_sample_reads.NUMPY_10.peakmem_read_uint16_20000_samples": 474529792, "arrayset_sample_writes.HDF5_00.track_repo_size_float32_samples": {"result": [11181652, 157380865], "params": [["1000", "20000"]]}, "arrayset_sample_writes.HDF5_00.track_repo_size_uint16_samples": {"result": [7421505, 145502185], "params": [["1000", "20000"]]}, "arrayset_sample_writes.NUMPY_10.track_repo_size_float32_samples": {"result": [40545910, 808457718], "params": [["1000", "20000"]]}, "arrayset_sample_writes.NUMPY_10.track_repo_size_uint16_samples": {"result": [20554102, 408334838], "params": [["1000", "20000"]]}}, "params": {"arch": "x86_64", "cpu": "Intel(R) Xeon(R) CPU @ 2.30GHz (8 cores)", "machine": "hangar-benchmarks", "num_cpu": "8", "os": "Linux 5.0.0-1021-gcp", "ram": "30873004", "python": "3.7"}, "requirements": {}, "commit_hash": "46b727183f15537e920c1420e3c37cd8827d8b03", "date": 1570513763000, "env_name": "virtualenv-py3.7", "python": "3.7", "profiles": {}, "started_at": {"arrayset_sample_reads.HDF5_00.time_read_float32_20000_samples": 1572128202936, "arrayset_sample_reads.HDF5_00.time_read_uint16_20000_samples": 1572128220135, "arrayset_sample_reads.NUMPY_10.time_read_float32_20000_samples": 1572128237730, "arrayset_sample_reads.NUMPY_10.time_read_uint16_20000_samples": 1572128239889, "arrayset_sample_writes.HDF5_00.time_add_float32_samples": 1572128241588, "arrayset_sample_writes.HDF5_00.time_add_uint16_samples": 1572128257335, "arrayset_sample_writes.NUMPY_10.time_add_float32_samples": 1572128297266, "arrayset_sample_writes.NUMPY_10.time_add_uint16_samples": 1572128306147, "package.TimeImport.time_import": 1572128322561, "arrayset_sample_reads.HDF5_00.peakmem_read_float32_20000_samples": 1572128186286, "arrayset_sample_reads.HDF5_00.peakmem_read_uint16_20000_samples": 1572128195162, "arrayset_sample_reads.NUMPY_10.peakmem_read_float32_20000_samples": 1572128235167, "arrayset_sample_reads.NUMPY_10.peakmem_read_uint16_20000_samples": 1572128236624, "arrayset_sample_writes.HDF5_00.track_repo_size_float32_samples": 1572128270978, "arrayset_sample_writes.HDF5_00.track_repo_size_uint16_samples": 1572128284777, "arrayset_sample_writes.NUMPY_10.track_repo_size_float32_samples": 1572128311470, "arrayset_sample_writes.NUMPY_10.track_repo_size_uint16_samples": 1572128318344}, "ended_at": {"arrayset_sample_reads.HDF5_00.time_read_float32_20000_samples": 1572128220134, "arrayset_sample_reads.HDF5_00.time_read_uint16_20000_samples": 1572128235127, "arrayset_sample_reads.NUMPY_10.time_read_float32_20000_samples": 1572128239889, "arrayset_sample_reads.NUMPY_10.time_read_uint16_20000_samples": 1572128241446, "arrayset_sample_writes.HDF5_00.time_add_float32_samples": 1572128257334, "arrayset_sample_writes.HDF5_00.time_add_uint16_samples": 1572128270977, "arrayset_sample_writes.NUMPY_10.time_add_float32_samples": 1572128306146, "arrayset_sample_writes.NUMPY_10.time_add_uint16_samples": 1572128311469,