{"results": {"arrayset_sample_reads.HDF5_00.time_read_float32_20000_samples": {"result": [7.880799287749824], "stats": [{"ci_99": [4.742634925253014, 11.01896365024663], "q_25": 7.8494176441248555, "q_75": 7.912180931374792, "min": 7.8180360004998875, "max": 7.94356257499976, "mean": 7.880799287749824, "std": 0.06276328724993618, "repeat": 2, "number": 2}]}, "arrayset_sample_reads.HDF5_00.time_read_uint16_20000_samples": {"result": [6.804755628000066], "stats": [{"ci_99": [5.42639227801169, 8.18311897798844], "q_25": 6.7909719945001825, "q_75": 6.81853926149995, "min": 6.777188361000299, "max": 6.832322894999834, "mean": 6.804755628000066, "std": 0.027567266999767526, "repeat": 2, "number": 2}]}, "arrayset_sample_reads.NUMPY_10.time_read_float32_20000_samples": {"result": [0.7749252070000239], "stats": [{"ci_99": [0.6803237320043536, 0.869526681995694], "q_25": 0.7739791922500672, "q_75": 0.7758712217499806, "min": 0.7730331775001105, "max": 0.7768172364999373, "mean": 0.7749252070000239, "std": 0.0018920294999134057, "repeat": 2, "number": 2}]}, "arrayset_sample_reads.NUMPY_10.time_read_uint16_20000_samples": {"result": [0.5087996477502656], "stats": [{"ci_99": [0.23841676024608205, 0.779182535254449], "q_25": 0.5060958188752238, "q_75": 0.5115034766253075, "min": 0.503391990000182, "max": 0.5142073055003493, "mean": 0.5087996477502656, "std": 0.005407657750083672, "repeat": 2, "number": 2}]}, "arrayset_sample_writes.HDF5_00.time_add_float32_samples": {"result": [0.39621334175012635, 7.2687716275002], "stats": [{"ci_99": [0.08844807925629539, 0.7039786042439571], "q_25": 0.39313568912518804, "q_75": 0.39929099437506466, "min": 0.3900580365002497, "max": 0.40236864700000297, "mean": 0.39621334175012635, "std": 0.006155305249876619, "repeat": 2, "number": 2}, {"ci_99": [5.7873196024931985, 8.7502236525072], "q_25": 7.25395710725013, "q_75": 7.28358614775027, "min": 7.23914258700006, "max": 7.29840066800034, "mean": 7.2687716275002, "std": 0.029629040500140036, "repeat": 2, "number": 2}], "params": [["1000", "20000"]]}, "arrayset_sample_writes.HDF5_00.time_add_uint16_samples": {"result": [0.33321403950003514, 6.308373340500111], "stats": [{"ci_99": [0.07737003949705468, 0.5890580395030154], "q_25": 0.33065559950000534, "q_75": 0.33577247950006495, "min": 0.32809715949997553, "max": 0.33833091950009475, "mean": 0.33321403950003514, "std": 0.005116880000059609, "repeat": 2, "number": 2}, {"ci_99": [5.149539615496906, 7.467207065503316], "q_25": 6.296785003250079, "q_75": 6.319961677750143, "min": 6.285196666000047, "max": 6.331550015000175, "mean": 6.308373340500111, "std": 0.02317667450006411, "repeat": 2, "number": 2}], "params": [["1000", "20000"]]}, "arrayset_sample_writes.NUMPY_10.time_add_float32_samples": {"result": [0.2115984332501739, 4.236834564999981], "stats": [{"ci_99": [0.18601064574818338, 0.23718622075216442], "q_25": 0.211342555375154, "q_75": 0.21185431112519382, "min": 0.2110866775001341, "max": 0.21211018900021372, "mean": 0.2115984332501739, "std": 0.0005117557500398107, "repeat": 2, "number": 2}, {"ci_99": [3.374885490000679, 5.098783639999282], "q_25": 4.228215074249988, "q_75": 4.245454055749974, "min": 4.219595583499995, "max": 4.254073546499967, "mean": 4.236834564999981, "std": 0.01723898149998604, "repeat": 2, "number": 2}], "params": [["1000", "20000"]]}, "arrayset_sample_writes.NUMPY_10.time_add_uint16_samples": {"result": [0.12497452724983305, 2.5872480847499446], "stats": [{"ci_99": [0.12450533976061706, 0.12544371473904903], "q_25": 0.12496983537494089, "q_75": 0.1249792191247252, "min": 0.12496514350004873, "max": 0.12498391099961736, "mean": 0.12497452724983305, "std": 9.383749784319662e-06, "repeat": 2, "number": 2}, {"ci_99": [2.5200657972493445, 2.6544303722505447], "q_25": 2.5865762618749386, "q_75": 2.5879199076249506, "min": 2.5859044389999326, "max": 2.5885917304999566, "mean": 2.5872480847499446, "std": 0.0013436457500120014, "repeat": 2, "number": 2}], "params": [["1000", "20000"]]}, "package.TimeImport.time_import": {"result": [0.49286071899996386], "stats": [{"ci_99": [0.484736406000593, 0.5141346579994206], "q_25": 0.489498233999484, "q_75": 0.49492076650017225, "min": 0.484736406000593, "max": 0.5141346579994206, "mean": 0.4941875319999781, "std": 0.007674297159572879, "repeat": 10, "number": 1}]}, "arrayset_sample_reads.HDF5_00.peakmem_read_float32_20000_samples": 80322560, "arrayset_sample_reads.HDF5_00.peakmem_read_uint16_20000_samples": 80367616, "arrayset_sample_reads.NUMPY_10.peakmem_read_float32_20000_samples": 878624768, "arrayset_sample_reads.NUMPY_10.peakmem_read_uint16_20000_samples": 476221440, "arrayset_sample_writes.HDF5_00.track_repo_size_float32_samples": {"result": [11198036, 157798657], "params": [["1000", "20000"]]}, "arrayset_sample_writes.HDF5_00.track_repo_size_uint16_samples": {"result": [7437889, 145887211], "params": [["1000", "20000"]]}, "arrayset_sample_writes.NUMPY_10.track_repo_size_float32_samples": {"result": [40562294, 808875510], "params": [["1000", "20000"]]}, "arrayset_sample_writes.NUMPY_10.track_repo_size_uint16_samples": {"result": [20570486, 408719862], "params": [["1000", "20000"]]}}, "params": {"arch": "x86_64", "cpu": "Intel(R) Xeon(R) CPU @ 2.30GHz (8 cores)", "machine": "hangar-benchmarks", "num_cpu": "8", "os": "Linux 5.0.0-1021-gcp", "ram": "30873004", "python": "3.7"}, "requirements": {}, "commit_hash": "63bac609e31d4aa09948c4b979f3d98d754643f6", "date": 1567590285000, "env_name": "virtualenv-py3.7", "python": "3.7", "profiles": {}, "started_at": {"arrayset_sample_reads.HDF5_00.time_read_float32_20000_samples": 1572130498123, "arrayset_sample_reads.HDF5_00.time_read_uint16_20000_samples": 1572130514268, "arrayset_sample_reads.NUMPY_10.time_read_float32_20000_samples": 1572130530912, "arrayset_sample_reads.NUMPY_10.time_read_uint16_20000_samples": 1572130533023, "arrayset_sample_writes.HDF5_00.time_add_float32_samples": 1572130534725, "arrayset_sample_writes.HDF5_00.time_add_uint16_samples": 1572130550173, "arrayset_sample_writes.NUMPY_10.time_add_float32_samples": 1572130589395, "arrayset_sample_writes.NUMPY_10.time_add_uint16_samples": 1572130598525, "package.TimeImport.time_import": 1572130614988, "arrayset_sample_reads.HDF5_00.peakmem_read_float32_20000_samples": 1572130482425, "arrayset_sample_reads.HDF5_00.peakmem_read_uint16_20000_samples": 1572130490850, "arrayset_sample_reads.NUMPY_10.peakmem_read_float32_20000_samples": 1572130528398, "arrayset_sample_reads.NUMPY_10.peakmem_read_uint16_20000_samples": 1572130529805, "arrayset_sample_writes.HDF5_00.track_repo_size_float32_samples": 1572130563565, "arrayset_sample_writes.HDF5_00.track_repo_size_uint16_samples": 1572130577006, "arrayset_sample_writes.NUMPY_10.track_repo_size_float32_samples": 1572130604147, "arrayset_sample_writes.NUMPY_10.track_repo_size_uint16_samples": 1572130610871}, "ended_at": {"arrayset_sample_reads.HDF5_00.time_read_float32_20000_samples": 1572130514268, "arrayset_sample_reads.HDF5_00.time_read_uint16_20000_samples": 1572130528358, "arrayset_sample_reads.NUMPY_10.time_read_float32_20000_samples": 1572130533023, "arrayset_sample_reads.NUMPY_10.time_read_uint16_20000_samples": 1572130534581, "arrayset_sample_writes.HDF5_00.time_add_float32_samples": 1572130550173, "arrayset_sample_writes.HDF5_00.time_add_uint16_samples": 1572130563564, "arrayset_sample_writes.NUMPY_10.time_add_float32_samples": 1572130598525, "arrayset_sample_writes.NUMPY_10.time_add_uint16_samples": 1572130604146,