{"results": {"arrayset_sample_reads.HDF5_00.time_read_float32_20000_samples": {"result": [7.856004845500138], "stats": [{"ci_99": [7.854331420496237, 7.857678270504039], "q_25": 7.855988111250099, "q_75": 7.856021579750177, "min": 7.85597137700006, "max": 7.856038314000216, "mean": 7.856004845500138, "std": 3.3468500078015495e-05, "repeat": 2, "number": 2}]}, "arrayset_sample_reads.HDF5_00.time_read_uint16_20000_samples": {"result": [6.780093632999979], "stats": [{"ci_99": [6.467239233000782, 7.092948032999175], "q_25": 6.776965088999987, "q_75": 6.7832221769999705, "min": 6.773836544999995, "max": 6.7863507209999625, "mean": 6.780093632999979, "std": 0.0062570879999839235, "repeat": 2, "number": 2}]}, "arrayset_sample_reads.NUMPY_10.time_read_float32_20000_samples": {"result": [0.7639014397500432], "stats": [{"ci_99": [0.6362961272589018, 0.8915067522411845], "q_25": 0.7626253866251318, "q_75": 0.7651774928749546, "min": 0.7613493335002204, "max": 0.766453545999866, "mean": 0.7639014397500432, "std": 0.0025521062498228275, "repeat": 2, "number": 2}]}, "arrayset_sample_reads.NUMPY_10.time_read_uint16_20000_samples": {"result": [0.49559509950017855], "stats": [{"ci_99": [0.43186059950289746, 0.5593295994974596], "q_25": 0.49495775450020574, "q_75": 0.49623244450015136, "min": 0.4943204095002329, "max": 0.49686978950012417, "mean": 0.49559509950017855, "std": 0.0012746899999456218, "repeat": 2, "number": 2}]}, "arrayset_sample_writes.HDF5_00.time_add_float32_samples": {"result": [0.3926234529997146, 7.279256093250069], "stats": [{"ci_99": [0.3089732030032337, 0.47627370299619537], "q_25": 0.39178695049974976, "q_75": 0.3934599554996794, "min": 0.39095044799978496, "max": 0.3942964579996442, "mean": 0.3926234529997146, "std": 0.001673004999929617, "repeat": 2, "number": 2}, {"ci_99": [7.13770315574061, 7.4208090307595285], "q_25": 7.277840563874975, "q_75": 7.280671622625164, "min": 7.27642503449988, "max": 7.282087152000258, "mean": 7.279256093250069, "std": 0.002831058750189186, "repeat": 2, "number": 2}], "params": [["1000", "20000"]]}, "arrayset_sample_writes.HDF5_00.time_add_uint16_samples": {"result": [0.3322899602499092, 6.283300302749922], "stats": [{"ci_99": [0.3061675977623963, 0.3584123227374221], "q_25": 0.33202873662503407, "q_75": 0.33255118387478433, "min": 0.33176751300015894, "max": 0.33281240749965946, "mean": 0.3322899602499092, "std": 0.0005224472497502575, "repeat": 2, "number": 2}, {"ci_99": [4.640244590252223, 7.9263560152476185], "q_25": 6.266869745624945, "q_75": 6.299730859874899, "min": 6.250439188499968, "max": 6.316161416999876, "mean": 6.283300302749922, "std": 0.03286111424995397, "repeat": 2, "number": 2}], "params": [["1000", "20000"]]}, "arrayset_sample_writes.NUMPY_10.time_add_float32_samples": {"result": [0.20923613874992952, 4.070681584000113], "stats": [{"ci_99": [0.2076885262399628, 0.21078375125989623], "q_25": 0.20922066262482986, "q_75": 0.2092516148750292, "min": 0.2092051864997302, "max": 0.20926709100012886, "mean": 0.20923613874992952, "std": 3.095225019933423e-05, "repeat": 2, "number": 2}, {"ci_99": [2.025353458993095, 6.116009709007129], "q_25": 4.0502283027500425, "q_75": 4.091134865250183, "min": 4.029775021499972, "max": 4.111588146500253, "mean": 4.070681584000113, "std": 0.04090656250014035, "repeat": 2, "number": 2}], "params": [["1000", "20000"]]}, "arrayset_sample_writes.NUMPY_10.time_add_uint16_samples": {"result": [0.12540196575014306, 2.4229366250001476], "stats": [{"ci_99": [-0.003843496755735032, 0.25464742825602105], "q_25": 0.12410951112508428, "q_75": 0.12669442037520184, "min": 0.1228170565000255, "max": 0.12798687500026062, "mean": 0.12540196575014306, "std": 0.002584909250117562, "repeat": 2, "number": 2}, {"ci_99": [-0.0710032750002938, 4.916876525000587], "q_25": 2.397997226000143, "q_75": 2.447876024000152, "min": 2.373057827000139, "max": 2.4728154230001564, "mean": 2.4229366250001476, "std": 0.04987879800000883, "repeat": 2, "number": 2}], "params": [["1000", "20000"]]}, "package.TimeImport.time_import": {"result": [0.5024491389999639], "stats": [{"ci_99": [0.4963287130003664, 0.5107936120002705], "q_25": 0.4993666322500303, "q_75": 0.5071264715002144, "min": 0.4963287130003664, "max": 0.5107936120002705, "mean": 0.5029166841001824, "std": 0.004851185867400633, "repeat": 10, "number": 1}]}, "arrayset_sample_reads.HDF5_00.peakmem_read_float32_20000_samples": 80424960, "arrayset_sample_reads.HDF5_00.peakmem_read_uint16_20000_samples": 80388096, "arrayset_sample_reads.NUMPY_10.peakmem_read_float32_20000_samples": 874557440, "arrayset_sample_reads.NUMPY_10.peakmem_read_uint16_20000_samples": 476590080, "arrayset_sample_writes.HDF5_00.track_repo_size_float32_samples": {"result": [11198036, 157798657], "params": [["1000", "20000"]]}, "arrayset_sample_writes.HDF5_00.track_repo_size_uint16_samples": {"result": [7437889, 145887211], "params": [["1000", "20000"]]}, "arrayset_sample_writes.NUMPY_10.track_repo_size_float32_samples": {"result": [40562294, 808875510], "params": [["1000", "20000"]]}, "arrayset_sample_writes.NUMPY_10.track_repo_size_uint16_samples": {"result": [20570486, 408719862], "params": [["1000", "20000"]]}}, "params": {"arch": "x86_64", "cpu": "Intel(R) Xeon(R) CPU @ 2.30GHz (8 cores)", "machine": "hangar-benchmarks", "num_cpu": "8", "os": "Linux 5.0.0-1021-gcp", "ram": "30873004", "python": "3.7"}, "requirements": {}, "commit_hash": "83598534267e2b77e61a53248979994b172a2dec", "date": 1567579244000, "env_name": "virtualenv-py3.7", "python": "3.7", "profiles": {}, "started_at": {"arrayset_sample_reads.HDF5_00.time_read_float32_20000_samples": 1572131008724, "arrayset_sample_reads.HDF5_00.time_read_uint16_20000_samples": 1572131024972, "arrayset_sample_reads.NUMPY_10.time_read_float32_20000_samples": 1572131041568, "arrayset_sample_reads.NUMPY_10.time_read_uint16_20000_samples": 1572131043627, "arrayset_sample_writes.HDF5_00.time_add_float32_samples": 1572131045327, "arrayset_sample_writes.HDF5_00.time_add_uint16_samples": 1572131060826, "arrayset_sample_writes.NUMPY_10.time_add_float32_samples": 1572131100308, "arrayset_sample_writes.NUMPY_10.time_add_uint16_samples": 1572131109240, "package.TimeImport.time_import": 1572131125757, "arrayset_sample_reads.HDF5_00.peakmem_read_float32_20000_samples": 1572130993025, "arrayset_sample_reads.HDF5_00.peakmem_read_uint16_20000_samples": 1572131001451, "arrayset_sample_reads.NUMPY_10.peakmem_read_float32_20000_samples": 1572131039105, "arrayset_sample_reads.NUMPY_10.peakmem_read_uint16_20000_samples": 1572131040512, "arrayset_sample_writes.HDF5_00.track_repo_size_float32_samples": 1572131074321, "arrayset_sample_writes.HDF5_00.track_repo_size_uint16_samples": 1572131087968, "arrayset_sample_writes.NUMPY_10.track_repo_size_float32_samples": 1572131114663, "arrayset_sample_writes.NUMPY_10.track_repo_size_uint16_samples": 1572131121539}, "ended_at": {"arrayset_sample_reads.HDF5_00.time_read_float32_20000_samples": 1572131024971, "arrayset_sample_reads.HDF5_00.time_read_uint16_20000_samples": 1572131039063, "arrayset_sample_reads.NUMPY_10.time_read_float32_20000_samples": 1572131043627, "arrayset_sample_reads.NUMPY_10.time_read_uint16_20000_samples": 1572131045184, "arrayset_sample_writes.HDF5_00.time_add_float32_samples": 1572131060825, "arrayset_sample_writes.HDF5_00.time_add_uint16_samples": 1572131074320, "arrayset_sample_writes.NUMPY_10.time_add_float32_samples": 1572131109239, "arrayset_sample_writes.NUMPY_10.time_add_uint16_samples": 1572131114662,