{"results": {"arrayset_sample_reads.HDF5_00.time_read_float32_20000_samples": {"result": [8.338252087500223], "stats": [{"ci_99": [7.539163437499155, 9.13734073750129], "q_25": 8.330261201000212, "q_75": 8.346242974000234, "min": 8.322270314500201, "max": 8.354233860500244, "mean": 8.338252087500223, "std": 0.01598177300002135, "repeat": 2, "number": 2}]}, "arrayset_sample_reads.HDF5_00.time_read_uint16_20000_samples": {"result": [7.212268925499984], "stats": [{"ci_99": [5.3155881505038, 9.108949700496167], "q_25": 7.193302117750022, "q_75": 7.231235733249946, "min": 7.17433531000006, "max": 7.250202540999908, "mean": 7.212268925499984, "std": 0.03793361549992369, "repeat": 2, "number": 2}]}, "arrayset_sample_reads.NUMPY_10.time_read_float32_20000_samples": {"result": [0.77470537625004], "stats": [{"ci_99": [0.546312638755353, 1.0030981137447268], "q_25": 0.7724214488750931, "q_75": 0.7769893036249869, "min": 0.7701375215001462, "max": 0.7792732309999337, "mean": 0.77470537625004, "std": 0.0045678547498937405, "repeat": 2, "number": 2}]}, "arrayset_sample_reads.NUMPY_10.time_read_uint16_20000_samples": {"result": [0.5030192344997886], "stats": [{"ci_99": [0.4763222845008386, 0.5297161844987386], "q_25": 0.5027522649997991, "q_75": 0.5032862039997781, "min": 0.5024852954998096, "max": 0.5035531734997676, "mean": 0.5030192344997886, "std": 0.0005339389999790001, "repeat": 2, "number": 2}]}, "arrayset_sample_writes.HDF5_00.time_add_float32_samples": {"result": [0.40142174999959934, 7.4087901240000065], "stats": [{"ci_99": [0.14878400000202419, 0.6540594999971743], "q_25": 0.3988953724996236, "q_75": 0.4039481274995751, "min": 0.39636899499964784, "max": 0.40647450499955085, "mean": 0.40142174999959934, "std": 0.005052754999951503, "repeat": 2, "number": 2}, {"ci_99": [6.894344099000591, 7.923236148999422], "q_25": 7.403645663750012, "q_75": 7.413934584250001, "min": 7.398501203500018, "max": 7.419079044499995, "mean": 7.4087901240000065, "std": 0.010288920499988308, "repeat": 2, "number": 2}], "params": [["1000", "20000"]]}, "arrayset_sample_writes.HDF5_00.time_add_uint16_samples": {"result": [0.339148273499859, 6.413368242750039], "stats": [{"ci_99": [0.21419149849475616, 0.4641050485049617], "q_25": 0.33789870574980796, "q_75": 0.34039784124991, "min": 0.33664913799975693, "max": 0.34164740899996104, "mean": 0.339148273499859, "std": 0.0024991355001020565, "repeat": 2, "number": 2}, {"ci_99": [5.696241830253712, 7.130494655246365], "q_25": 6.406196978625076, "q_75": 6.420539506875002, "min": 6.399025714500112, "max": 6.4277107709999655, "mean": 6.413368242750039, "std": 0.014342528249926545, "repeat": 2, "number": 2}], "params": [["1000", "20000"]]}, "arrayset_sample_writes.NUMPY_10.time_add_float32_samples": {"result": [0.21325728324995907, 4.063838339499853], "stats": [{"ci_99": [0.20665409574917248, 0.21986047075074566], "q_25": 0.2131912513749512, "q_75": 0.21332331512496694, "min": 0.21312521949994334, "max": 0.2133893469999748, "mean": 0.21325728324995907, "std": 0.00013206375001573178, "repeat": 2, "number": 2}, {"ci_99": [4.045953564497722, 4.081723114501983], "q_25": 4.063659491749831, "q_75": 4.064017187249874, "min": 4.06348064399981, "max": 4.064196034999895, "mean": 4.063838339499853, "std": 0.00035769550004260964, "repeat": 2, "number": 2}], "params": [["1000", "20000"]]}, "arrayset_sample_writes.NUMPY_10.time_add_uint16_samples": {"result": [0.12718937249996998, 2.464008578250059], "stats": [{"ci_99": [0.10182162250725924, 0.1525571224926807], "q_25": 0.12693569500004287, "q_75": 0.12744304999989708, "min": 0.12668201750011576, "max": 0.1276967274998242, "mean": 0.12718937249996998, "std": 0.0005073549998542148, "repeat": 2, "number": 2}, {"ci_99": [1.706957590761931, 3.2210595657381864], "q_25": 2.456438068375178, "q_75": 2.4715790881249404, "min": 2.4488675585002966, "max": 2.4791495979998217, "mean": 2.464008578250059, "std": 0.015141019749762563, "repeat": 2, "number": 2}], "params": [["1000", "20000"]]}, "package.TimeImport.time_import": {"result": [0.49934455699985847], "stats": [{"ci_99": [0.4903030810000928, 0.5075674150002669], "q_25": 0.49459368725024433, "q_75": 0.5015579687501486, "min": 0.4903030810000928, "max": 0.5075674150002669, "mean": 0.49898181910011774, "std": 0.00545502678914013, "repeat": 10, "number": 1}]}, "arrayset_sample_reads.HDF5_00.peakmem_read_float32_20000_samples": 77934592, "arrayset_sample_reads.HDF5_00.peakmem_read_uint16_20000_samples": 77897728, "arrayset_sample_reads.NUMPY_10.peakmem_read_float32_20000_samples": 872673280, "arrayset_sample_reads.NUMPY_10.peakmem_read_uint16_20000_samples": 474640384, "arrayset_sample_writes.HDF5_00.track_repo_size_float32_samples": {"result": [11181652, 157380865], "params": [["1000", "20000"]]}, "arrayset_sample_writes.HDF5_00.track_repo_size_uint16_samples": {"result": [7421505, 145502185], "params": [["1000", "20000"]]}, "arrayset_sample_writes.NUMPY_10.track_repo_size_float32_samples": {"result": [40545910, 808457718], "params": [["1000", "20000"]]}, "arrayset_sample_writes.NUMPY_10.track_repo_size_uint16_samples": {"result": [20554102, 408334838], "params": [["1000", "20000"]]}}, "params": {"arch": "x86_64", "cpu": "Intel(R) Xeon(R) CPU @ 2.30GHz (8 cores)", "machine": "hangar-benchmarks", "num_cpu": "8", "os": "Linux 5.0.0-1021-gcp", "ram": "30873004", "python": "3.7"}, "requirements": {}, "commit_hash": "84417d5e126208ab0f81a4dab9327abde0cd0dbf", "date": 1570508591000, "env_name": "virtualenv-py3.7", "python": "3.7", "profiles": {}, "started_at": {"arrayset_sample_reads.HDF5_00.time_read_float32_20000_samples": 1572128464278, "arrayset_sample_reads.HDF5_00.time_read_uint16_20000_samples": 1572128481527, "arrayset_sample_reads.NUMPY_10.time_read_float32_20000_samples": 1572128499273, "arrayset_sample_reads.NUMPY_10.time_read_uint16_20000_samples": 1572128501433, "arrayset_sample_writes.HDF5_00.time_add_float32_samples": 1572128503182, "arrayset_sample_writes.HDF5_00.time_add_uint16_samples": 1572128518981, "arrayset_sample_writes.NUMPY_10.time_add_float32_samples": 1572128559004, "arrayset_sample_writes.NUMPY_10.time_add_uint16_samples": 1572128567834, "package.TimeImport.time_import": 1572128584397, "arrayset_sample_reads.HDF5_00.peakmem_read_float32_20000_samples": 1572128447528, "arrayset_sample_reads.HDF5_00.peakmem_read_uint16_20000_samples": 1572128456405, "arrayset_sample_reads.NUMPY_10.peakmem_read_float32_20000_samples": 1572128496660, "arrayset_sample_reads.NUMPY_10.peakmem_read_uint16_20000_samples": 1572128498117, "arrayset_sample_writes.HDF5_00.track_repo_size_float32_samples": 1572128532673, "arrayset_sample_writes.HDF5_00.track_repo_size_uint16_samples": 1572128546415, "arrayset_sample_writes.NUMPY_10.track_repo_size_float32_samples": 1572128573155, "arrayset_sample_writes.NUMPY_10.track_repo_size_uint16_samples": 1572128580129}, "ended_at": {"arrayset_sample_reads.HDF5_00.time_read_float32_20000_samples": 1572128481527, "arrayset_sample_reads.HDF5_00.time_read_uint16_20000_samples": 1572128496620, "arrayset_sample_reads.NUMPY_10.time_read_float32_20000_samples": 1572128501432, "arrayset_sample_reads.NUMPY_10.time_read_uint16_20000_samples": 1572128503040, "arrayset_sample_writes.HDF5_00.time_add_float32_samples": 1572128518980, "arrayset_sample_writes.HDF5_00.time_add_uint16_samples": 1572128532672, "arrayset_sample_writes.NUMPY_10.time_add_float32_samples": 1572128567834, "arrayset_sample_writes.NUMPY_10.time_add_uint16_samples": 1572128573154,