{"results": {"arrayset_sample_reads.HDF5_00.time_read_float32_20000_samples": {"result": [8.341335606749908], "stats": [{"ci_99": [6.819672269242346, 9.862998944257468], "q_25": 8.326118973374832, "q_75": 8.356552240124984, "min": 8.310902339999757, "max": 8.37176887350006, "mean": 8.341335606749908, "std": 0.030433266750151233, "repeat": 2, "number": 2}]}, "arrayset_sample_reads.HDF5_00.time_read_uint16_20000_samples": {"result": [7.2492989567499535], "stats": [{"ci_99": [6.445440319244881, 8.053157594255026], "q_25": 7.241260370374903, "q_75": 7.257337543125004, "min": 7.233221783999852, "max": 7.265376129500055, "mean": 7.2492989567499535, "std": 0.016077172750101454, "repeat": 2, "number": 2}]}, "arrayset_sample_reads.NUMPY_10.time_read_float32_20000_samples": {"result": [0.7751359430000093], "stats": [{"ci_99": [0.5549092680024614, 0.995362617997557], "q_25": 0.7729336762500338, "q_75": 0.7773382097499848, "min": 0.7707314095000584, "max": 0.7795404764999603, "mean": 0.7751359430000093, "std": 0.004404533499950958, "repeat": 2, "number": 2}]}, "arrayset_sample_reads.NUMPY_10.time_read_uint16_20000_samples": {"result": [0.5081316272498952], "stats": [{"ci_99": [0.24790026475511695, 0.7683629897446733], "q_25": 0.5055293136249475, "q_75": 0.510733940874843, "min": 0.5029269999999997, "max": 0.5133362544997908, "mean": 0.5081316272498952, "std": 0.005204627249895566, "repeat": 2, "number": 2}]}, "arrayset_sample_writes.HDF5_00.time_add_float32_samples": {"result": [0.4019991442498849, 7.3913600872501775], "stats": [{"ci_99": [0.3584883817404716, 0.4455099067592982], "q_25": 0.4015640366247908, "q_75": 0.40243425187497905, "min": 0.40112892899969665, "max": 0.4028693595000732, "mean": 0.4019991442498849, "std": 0.0008702152501882665, "repeat": 2, "number": 2}, {"ci_99": [7.044383749745066, 7.738336424755289], "q_25": 7.387890323875126, "q_75": 7.394829850625229, "min": 7.384420560500075, "max": 7.39829961400028, "mean": 7.3913600872501775, "std": 0.006939526750102232, "repeat": 2, "number": 2}], "params": [["1000", "20000"]]}, "arrayset_sample_writes.HDF5_00.time_add_uint16_samples": {"result": [0.3415784214998894, 6.421763276249862], "stats": [{"ci_99": [0.29819307150000895, 0.38496377149976974], "q_25": 0.34114456799989057, "q_75": 0.3420122749998882, "min": 0.34071071449989176, "max": 0.342446128499887, "mean": 0.3415784214998894, "std": 0.0008677069999976084, "repeat": 2, "number": 2}, {"ci_99": [3.350437288752687, 9.493089263747034], "q_25": 6.391050016374891, "q_75": 6.452476536124834, "min": 6.360336756499919, "max": 6.483189795999806, "mean": 6.421763276249862, "std": 0.06142651974994351, "repeat": 2, "number": 2}], "params": [["1000", "20000"]]}, "arrayset_sample_writes.NUMPY_10.time_add_float32_samples": {"result": [0.21279063300005419, 4.102760826749886], "stats": [{"ci_99": [0.1934380329968235, 0.23214323300328485], "q_25": 0.21259710700002188, "q_75": 0.2129841590000865, "min": 0.21240358099998957, "max": 0.2131776850001188, "mean": 0.21279063300005419, "std": 0.0003870520000646138, "repeat": 2, "number": 2}, {"ci_99": [2.9752906892455258, 5.230230964254246], "q_25": 4.091486125374843, "q_75": 4.11403552812493, "min": 4.080211423999799, "max": 4.1253102294999735, "mean": 4.102760826749886, "std": 0.02254940275008721, "repeat": 2, "number": 2}], "params": [["1000", "20000"]]}, "arrayset_sample_writes.NUMPY_10.time_add_uint16_samples": {"result": [0.1273199744999829, 2.4410746235000715], "stats": [{"ci_99": [-0.05652530050645055, 0.31116524950641616], "q_25": 0.12548152174991856, "q_75": 0.12915842725004723, "min": 0.12364306899985422, "max": 0.13099688000011156, "mean": 0.1273199744999829, "std": 0.003676905500128669, "repeat": 2, "number": 2}, {"ci_99": [2.2070412484888493, 2.6751079985112938], "q_25": 2.4387342897499593, "q_75": 2.4434149572501838, "min": 2.436393955999847, "max": 2.445755291000296, "mean": 2.4410746235000715, "std": 0.004680667500224445, "repeat": 2, "number": 2}], "params": [["1000", "20000"]]}, "package.TimeImport.time_import": {"result": [0.48248740100007126], "stats": [{"ci_99": [0.475008391999836, 0.4956990049995511], "q_25": 0.4797106574994814, "q_75": 0.4851317595000637, "min": 0.475008391999836, "max": 0.4956990049995511, "mean": 0.48306198929999483, "std": 0.005256943963975701, "repeat": 10, "number": 1}]}, "arrayset_sample_reads.HDF5_00.peakmem_read_float32_20000_samples": 77246464, "arrayset_sample_reads.HDF5_00.peakmem_read_uint16_20000_samples": 77316096, "arrayset_sample_reads.NUMPY_10.peakmem_read_float32_20000_samples": 876011520, "arrayset_sample_reads.NUMPY_10.peakmem_read_uint16_20000_samples": 473858048, "arrayset_sample_writes.HDF5_00.track_repo_size_float32_samples": {"result": [11181662, 157380875], "params": [["1000", "20000"]]}, "arrayset_sample_writes.HDF5_00.track_repo_size_uint16_samples": {"result": [7421515, 145502195], "params": [["1000", "20000"]]}, "arrayset_sample_writes.NUMPY_10.track_repo_size_float32_samples": {"result": [40545920, 808457728], "params": [["1000", "20000"]]}, "arrayset_sample_writes.NUMPY_10.track_repo_size_uint16_samples": {"result": [20554112, 408334848], "params": [["1000", "20000"]]}}, "params": {"arch": "x86_64", "cpu": "Intel(R) Xeon(R) CPU @ 2.30GHz (8 cores)", "machine": "hangar-benchmarks", "num_cpu": "8", "os": "Linux 5.0.0-1021-gcp", "ram": "30873004", "python": "3.7"}, "requirements": {}, "commit_hash": "857cc52d1ceedd2f1b08a51a36b4c758cd6d7a04", "date": 1571119813000, "env_name": "virtualenv-py3.7", "python": "3.7", "profiles": {}, "started_at": {"arrayset_sample_reads.HDF5_00.time_read_float32_20000_samples": 1572127412786, "arrayset_sample_reads.HDF5_00.time_read_uint16_20000_samples": 1572127429986, "arrayset_sample_reads.NUMPY_10.time_read_float32_20000_samples": 1572127447632, "arrayset_sample_reads.NUMPY_10.time_read_uint16_20000_samples": 1572127449791, "arrayset_sample_writes.HDF5_00.time_add_float32_samples": 1572127451591, "arrayset_sample_writes.HDF5_00.time_add_uint16_samples": 1572127467340, "arrayset_sample_writes.NUMPY_10.time_add_float32_samples": 1572127507420, "arrayset_sample_writes.NUMPY_10.time_add_uint16_samples": 1572127516350, "package.TimeImport.time_import": 1572127532763, "arrayset_sample_reads.HDF5_00.peakmem_read_float32_20000_samples": 1572127395935, "arrayset_sample_reads.HDF5_00.peakmem_read_uint16_20000_samples": 1572127404912, "arrayset_sample_reads.NUMPY_10.peakmem_read_float32_20000_samples": 1572127445069, "arrayset_sample_reads.NUMPY_10.peakmem_read_uint16_20000_samples": 1572127446527, "arrayset_sample_writes.HDF5_00.track_repo_size_float32_samples": 1572127481138, "arrayset_sample_writes.HDF5_00.track_repo_size_uint16_samples": 1572127494880, "arrayset_sample_writes.NUMPY_10.track_repo_size_float32_samples": 1572127521721, "arrayset_sample_writes.NUMPY_10.track_repo_size_uint16_samples": 1572127528546}, "ended_at": {"arrayset_sample_reads.HDF5_00.time_read_float32_20000_samples": 1572127429986, "arrayset_sample_reads.HDF5_00.time_read_uint16_20000_samples": 1572127445029, "arrayset_sample_reads.NUMPY_10.time_read_float32_20000_samples": 1572127449791, "arrayset_sample_reads.NUMPY_10.time_read_uint16_20000_samples": 1572127451449, "arrayset_sample_writes.HDF5_00.time_add_float32_samples": 1572127467339, "arrayset_sample_writes.HDF5_00.time_add_uint16_samples": 1572127481137, "arrayset_sample_writes.NUMPY_10.time_add_float32_samples": 1572127516349, "arrayset_sample_writes.NUMPY_10.time_add_uint16_samples": 1572127521720,