{"results": {"arrayset_sample_reads.HDF5_00.time_read_float32_20000_samples": {"result": [8.475355929998841], "stats": [{"ci_99": [-Infinity, Infinity], "q_25": 8.475355929998841, "q_75": 8.475355929998841, "min": 8.475355929998841, "max": 8.475355929998841, "mean": 8.475355929998841, "std": 0.0, "repeat": 1, "number": 1}]}, "arrayset_sample_reads.HDF5_00.time_read_uint16_20000_samples": {"result": [7.455822875999729], "stats": [{"ci_99": [-Infinity, Infinity], "q_25": 7.455822875999729, "q_75": 7.455822875999729, "min": 7.455822875999729, "max": 7.455822875999729, "mean": 7.455822875999729, "std": 0.0, "repeat": 1, "number": 1}]}, "arrayset_sample_reads.NUMPY_10.time_read_float32_20000_samples": {"result": [0.5330832920008106], "stats": [{"ci_99": [-Infinity, Infinity], "q_25": 0.5330832920008106, "q_75": 0.5330832920008106, "min": 0.5330832920008106, "max": 0.5330832920008106, "mean": 0.5330832920008106, "std": 0.0, "repeat": 1, "number": 1}]}, "arrayset_sample_reads.NUMPY_10.time_read_uint16_20000_samples": {"result": [0.37272051200125134], "stats": [{"ci_99": [-Infinity, Infinity], "q_25": 0.37272051200125134, "q_75": 0.37272051200125134, "min": 0.37272051200125134, "max": 0.37272051200125134, "mean": 0.37272051200125134, "std": 0.0, "repeat": 1, "number": 1}]}, "arrayset_sample_writes.HDF5_00.time_add_float32_samples": {"result": [0.5619743912493504, 10.725655873999585], "stats": [{"ci_99": [0.5600486037483279, 0.563900178750373], "q_25": 0.5619551333743402, "q_75": 0.5619936491243607, "min": 0.56193587549933, "max": 0.5620129069993709, "mean": 0.5619743912493504, "std": 3.851575002045138e-05, "repeat": 2, "number": 2}, {"ci_99": [9.515812574010397, 11.935499173988772], "q_25": 10.713557440999693, "q_75": 10.737754306999477, "min": 10.701459007999802, "max": 10.749852739999369, "mean": 10.725655873999585, "std": 0.024196865999783768, "repeat": 2, "number": 2}], "params": [["1000", "20000"]]}, "arrayset_sample_writes.HDF5_00.time_add_uint16_samples": {"result": [0.4152889777501514, 7.946514461749757], "stats": [{"ci_99": [0.23279591527943921, 0.5977820402208633], "q_25": 0.41346404712544427, "q_75": 0.4171139083748585, "min": 0.41163911650073715, "max": 0.41893883899956563, "mean": 0.4152889777501514, "std": 0.0036498612494142435, "repeat": 2, "number": 2}, {"ci_99": [6.442101049227858, 9.450927874271654], "q_25": 7.931470327624538, "q_75": 7.961558595874976, "min": 7.916426193499319, "max": 7.976602730000195, "mean": 7.946514461749757, "std": 0.030088268250437977, "repeat": 2, "number": 2}], "params": [["1000", "20000"]]}, "arrayset_sample_writes.NUMPY_10.time_add_float32_samples": {"result": [0.21066273550013648, 4.123843673500232], "stats": [{"ci_99": [0.09191686048916381, 0.32940861051110903], "q_25": 0.20947527675002675, "q_75": 0.2118501942502462, "min": 0.20828781799991702, "max": 0.21303765300035593, "mean": 0.21066273550013648, "std": 0.0023749175002194534, "repeat": 2, "number": 2}, {"ci_99": [3.7951927485155466, 4.452494598484918], "q_25": 4.1205571642503855, "q_75": 4.127130182750079, "min": 4.117270655000539, "max": 4.130416691999926, "mean": 4.123843673500232, "std": 0.006573018499693717, "repeat": 2, "number": 2}], "params": [["1000", "20000"]]}, "arrayset_sample_writes.NUMPY_10.time_add_uint16_samples": {"result": [0.12573630599990793, 2.4447112812499654], "stats": [{"ci_99": [0.05199403099641131, 0.1994785810034045], "q_25": 0.12499888324987296, "q_75": 0.1264737287499429, "min": 0.124261460499838, "max": 0.12721115149997786, "mean": 0.12573630599990793, "std": 0.0014748455000699323, "repeat": 2, "number": 2}, {"ci_99": [1.2153967437502615, 3.6740258187496684], "q_25": 2.4324181358749684, "q_75": 2.4570044266249624, "min": 2.4201249904999713, "max": 2.4692975719999595, "mean": 2.4447112812499654, "std": 0.024586290749994077, "repeat": 2, "number": 2}], "params": [["1000", "20000"]]}, "package.TimeImport.time_import": {"result": [0.48780942500070523], "stats": [{"ci_99": [0.4697137359999033, 0.5046865559997968], "q_25": 0.47655132674935885, "q_75": 0.49625498425029946, "min": 0.4697137359999033, "max": 0.5046865559997968, "mean": 0.4874116793998837, "std": 0.01167358492979473, "repeat": 10, "number": 1}]}, "arrayset_sample_reads.HDF5_00.peakmem_read_float32_20000_samples": 84762624, "arrayset_sample_reads.HDF5_00.peakmem_read_uint16_20000_samples": 83607552, "arrayset_sample_reads.NUMPY_10.peakmem_read_float32_20000_samples": 873082880, "arrayset_sample_reads.NUMPY_10.peakmem_read_uint16_20000_samples": 474927104, "arrayset_sample_writes.HDF5_00.track_repo_size_float32_samples": {"result": [9793276, 161193801], "params": [["1000", "20000"]]}, "arrayset_sample_writes.HDF5_00.track_repo_size_uint16_samples": {"result": [7201787, 140915453], "params": [["1000", "20000"]]}, "arrayset_sample_writes.NUMPY_10.track_repo_size_float32_samples": {"result": [40562306, 808744450], "params": [["1000", "20000"]]}, "arrayset_sample_writes.NUMPY_10.track_repo_size_uint16_samples": {"result": [20566402, 408719874], "params": [["1000", "20000"]]}}, "params": {"arch": "x86_64", "cpu": "Intel(R) Xeon(R) CPU @ 2.30GHz (8 cores)", "machine": "hangar-benchmarks", "num_cpu": "8", "os": "Linux 5.0.0-1021-gcp", "ram": "30873004", "python": "3.7"}, "requirements": {}, "commit_hash": "8d9515bccde2b6caebf26e1d2d9e6fbd427f765f", "date": 1572114049000, "env_name": "virtualenv-py3.7", "python": "3.7", "profiles": {}, "started_at": {"arrayset_sample_reads.HDF5_00.time_read_float32_20000_samples": 1572132536117, "arrayset_sample_reads.HDF5_00.time_read_uint16_20000_samples": 1572132545244, "arrayset_sample_reads.NUMPY_10.time_read_float32_20000_samples": 1572132566181, "arrayset_sample_reads.NUMPY_10.time_read_uint16_20000_samples": 1572132567338, "arrayset_sample_writes.HDF5_00.time_add_float32_samples": 1572132568489, "arrayset_sample_writes.HDF5_00.time_add_uint16_samples": 1572132591308, "arrayset_sample_writes.NUMPY_10.time_add_float32_samples": 1572132644741, "arrayset_sample_writes.NUMPY_10.time_add_uint16_samples": 1572132653673, "package.TimeImport.time_import": 1572132670040, "arrayset_sample_reads.HDF5_00.peakmem_read_float32_20000_samples": 1572132484532, "arrayset_sample_reads.HDF5_00.peakmem_read_uint16_20000_samples": 1572132528042, "arrayset_sample_reads.NUMPY_10.peakmem_read_float32_20000_samples": 1572132553359, "arrayset_sample_reads.NUMPY_10.peakmem_read_uint16_20000_samples": 1572132565175, "arrayset_sample_writes.HDF5_00.track_repo_size_float32_samples": 1572132608262, "arrayset_sample_writes.HDF5_00.track_repo_size_uint16_samples": 1572132628937, "arrayset_sample_writes.NUMPY_10.track_repo_size_float32_samples": 1572132659096, "arrayset_sample_writes.NUMPY_10.track_repo_size_uint16_samples": 1572132665821}, "ended_at": {"arrayset_sample_reads.HDF5_00.time_read_float32_20000_samples": 1572132545244, "arrayset_sample_reads.HDF5_00.time_read_uint16_20000_samples": 1572132553319, "arrayset_sample_reads.NUMPY_10.time_read_float32_20000_samples": 1572132567338, "arrayset_sample_reads.NUMPY_10.time_read_uint16_20000_samples": 1572132568344, "arrayset_sample_writes.HDF5_00.time_add_float32_samples": 1572132591307, "arrayset_sample_writes.HDF5_00.time_add_uint16_samples": 1572132608261, "arrayset_sample_writes.NUMPY_10.time_add_float32_samples": 1572132653672, "arrayset_sample_writes.NUMPY_10.time_add_uint16_samples": 1572132659095,