{"results": {"arrayset_sample_reads.HDF5_00.time_read_float32_20000_samples": {"result": [8.42158804600001], "stats": [{"ci_99": [6.9767014959985545, 9.866474596001465], "q_25": 8.407139180499996, "q_75": 8.436036911500025, "min": 8.392690314999982, "max": 8.45048577700004, "mean": 8.42158804600001, "std": 0.028897731000029125, "repeat": 2, "number": 2}]}, "arrayset_sample_reads.HDF5_00.time_read_uint16_20000_samples": {"result": [7.550120375000006], "stats": [{"ci_99": [6.775249450000501, 8.32499129999951], "q_25": 7.542371665750011, "q_75": 7.557869084250001, "min": 7.534622956500016, "max": 7.565617793499996, "mean": 7.550120375000006, "std": 0.01549741849999009, "repeat": 2, "number": 2}]}, "arrayset_sample_reads.NUMPY_10.time_read_float32_20000_samples": {"result": [0.47473337100001345], "stats": [{"ci_99": [0.2380856209967419, 0.7113811210032848], "q_25": 0.47236689349998073, "q_75": 0.47709984850004616, "min": 0.470000415999948, "max": 0.4794663260000789, "mean": 0.47473337100001345, "std": 0.004732955000065431, "repeat": 2, "number": 2}]}, "arrayset_sample_reads.NUMPY_10.time_read_uint16_20000_samples": {"result": [0.3516010230000006], "stats": [{"ci_99": [0.2056108979998612, 0.4975911480001399], "q_25": 0.35014112174999923, "q_75": 0.353060924250002, "min": 0.34868122049999783, "max": 0.3545208255000034, "mean": 0.3516010230000006, "std": 0.0029198025000027883, "repeat": 2, "number": 2}]}, "arrayset_sample_writes.HDF5_00.time_add_float32_samples": {"result": [0.5644698062499742, 10.719934078999984], "stats": [{"ci_99": [0.5043929187510798, 0.6245466937488686], "q_25": 0.5638690373749853, "q_75": 0.5650705751249632, "min": 0.5632682684999963, "max": 0.5656713439999521, "mean": 0.5644698062499742, "std": 0.0012015377499778879, "repeat": 2, "number": 2}, {"ci_99": [10.567557328999612, 10.872310829000355], "q_25": 10.71841031149998, "q_75": 10.721457846499987, "min": 10.716886543999976, "max": 10.722981613999991, "mean": 10.719934078999984, "std": 0.0030475350000074286, "repeat": 2, "number": 2}], "params": [["1000", "20000"]]}, "arrayset_sample_writes.HDF5_00.time_add_uint16_samples": {"result": [0.407904082750008, 8.001150741999993], "stats": [{"ci_99": [0.23600459524942607, 0.5798035702505898], "q_25": 0.4061850878750022, "q_75": 0.4096230776250138, "min": 0.40446609299999636, "max": 0.41134207250001964, "mean": 0.407904082750008, "std": 0.0034379897500116385, "repeat": 2, "number": 2}, {"ci_99": [8.00042066699865, 8.001880817001336], "q_25": 8.00114344124998, "q_75": 8.001158042750006, "min": 8.001136140499966, "max": 8.00116534350002, "mean": 8.001150741999993, "std": 1.4601500026856229e-05, "repeat": 2, "number": 2}], "params": [["1000", "20000"]]}, "arrayset_sample_writes.NUMPY_10.time_add_float32_samples": {"result": [0.20920659500006877, 4.069003682750008], "stats": [{"ci_99": [0.1735264699993877, 0.24488672000074982], "q_25": 0.20884979375006196, "q_75": 0.20956339625007558, "min": 0.20849299250005515, "max": 0.2099201975000824, "mean": 0.20920659500006877, "std": 0.0007136025000136215, "repeat": 2, "number": 2}, {"ci_99": [2.585747045250855, 5.552260320249159], "q_25": 4.0541711163750165, "q_75": 4.0838362491249995, "min": 4.039338550000025, "max": 4.098668815499991, "mean": 4.069003682750008, "std": 0.02966513274998306, "repeat": 2, "number": 2}], "params": [["1000", "20000"]]}, "arrayset_sample_writes.NUMPY_10.time_add_uint16_samples": {"result": [0.129617000750045, 2.4666170632499984], "stats": [{"ci_99": [0.11078353824780152, 0.14845046325228847], "q_25": 0.12942866612502257, "q_75": 0.12980533537506744, "min": 0.12924033150000014, "max": 0.12999367000008988, "mean": 0.129617000750045, "std": 0.00037666925004486984, "repeat": 2, "number": 2}, {"ci_99": [2.1377887507512128, 2.7954453757487836], "q_25": 2.4633287801250106, "q_75": 2.4699053463749863, "min": 2.4600404970000227, "max": 2.473193629499974, "mean": 2.4666170632499984, "std": 0.006576566249975713, "repeat": 2, "number": 2}], "params": [["1000", "20000"]]}, "package.TimeImport.time_import": {"result": [0.48154364750018885], "stats": [{"ci_99": [0.47511907700004485, 0.5048196709999502], "q_25": 0.4778687317501067, "q_75": 0.4928352972500534, "min": 0.47511907700004485, "max": 0.5048196709999502, "mean": 0.4852955578000774, "std": 0.009453193208351158, "repeat": 10, "number": 1}]}, "arrayset_sample_reads.HDF5_00.peakmem_read_float32_20000_samples": 85336064, "arrayset_sample_reads.HDF5_00.peakmem_read_uint16_20000_samples": 83873792, "arrayset_sample_reads.NUMPY_10.peakmem_read_float32_20000_samples": 877182976, "arrayset_sample_reads.NUMPY_10.peakmem_read_uint16_20000_samples": 474779648, "arrayset_sample_writes.HDF5_00.track_repo_size_float32_samples": {"result": [9793276, 161193801], "params": [["1000", "20000"]]}, "arrayset_sample_writes.HDF5_00.track_repo_size_uint16_samples": {"result": [7201787, 140915453], "params": [["1000", "20000"]]}, "arrayset_sample_writes.NUMPY_10.track_repo_size_float32_samples": {"result": [40562306, 808744450], "params": [["1000", "20000"]]}, "arrayset_sample_writes.NUMPY_10.track_repo_size_uint16_samples": {"result": [20566402, 408719874], "params": [["1000", "20000"]]}}, "params": {"arch": "x86_64", "cpu": "Intel(R) Xeon(R) CPU @ 2.30GHz (8 cores)", "machine": "hangar-benchmarks", "num_cpu": "8", "os": "Linux 5.0.0-1021-gcp", "ram": "30873004", "python": "3.7"}, "requirements": {}, "commit_hash": "8d9515bccde2b6caebf26e1d2d9e6fbd427f765f", "date": 1572114049000, "env_name": "virtualenv-py3.7", "python": "3.7", "profiles": {}, "started_at": {"arrayset_sample_reads.HDF5_00.time_read_float32_20000_samples": 1572124648472, "arrayset_sample_reads.HDF5_00.time_read_uint16_20000_samples": 1572124666024, "arrayset_sample_reads.NUMPY_10.time_read_float32_20000_samples": 1572124683919, "arrayset_sample_reads.NUMPY_10.time_read_uint16_20000_samples": 1572124685527, "arrayset_sample_writes.HDF5_00.time_add_float32_samples": 1572124686975, "arrayset_sample_writes.HDF5_00.time_add_uint16_samples": 1572124709694, "arrayset_sample_writes.NUMPY_10.time_add_float32_samples": 1572124763113, "arrayset_sample_writes.NUMPY_10.time_add_uint16_samples": 1572124771895, "package.TimeImport.time_import": 1572124788312, "arrayset_sample_reads.HDF5_00.peakmem_read_float32_20000_samples": 1572124631318, "arrayset_sample_reads.HDF5_00.peakmem_read_uint16_20000_samples": 1572124640398, "arrayset_sample_reads.NUMPY_10.peakmem_read_float32_20000_samples": 1572124681756, "arrayset_sample_reads.NUMPY_10.peakmem_read_uint16_20000_samples": 1572124682913, "arrayset_sample_writes.HDF5_00.track_repo_size_float32_samples": 1572124726701, "arrayset_sample_writes.HDF5_00.track_repo_size_uint16_samples": 1572124747364, "arrayset_sample_writes.NUMPY_10.track_repo_size_float32_samples": 1572124777316, "arrayset_sample_writes.NUMPY_10.track_repo_size_uint16_samples": 1572124784093}, "ended_at": {"arrayset_sample_reads.HDF5_00.time_read_float32_20000_samples": 1572124666023, "arrayset_sample_reads.HDF5_00.time_read_uint16_20000_samples": 1572124681720, "arrayset_sample_reads.NUMPY_10.time_read_float32_20000_samples": 1572124685526, "arrayset_sample_reads.NUMPY_10.time_read_uint16_20000_samples": 1572124686833, "arrayset_sample_writes.HDF5_00.time_add_float32_samples": 1572124709693, "arrayset_sample_writes.HDF5_00.time_add_uint16_samples": 1572124726700, "arrayset_sample_writes.NUMPY_10.time_add_float32_samples": 1572124771894, "arrayset_sample_writes.NUMPY_10.time_add_uint16_samples": 1572124777316,