{"results": {"arrayset_sample_reads.HDF5_00.time_read_float32_20000_samples": {"result": [8.477604426249968], "stats": [{"ci_99": [7.270435888748011, 9.684772963751923], "q_25": 8.465532740874949, "q_75": 8.489676111624988, "min": 8.453461055499929, "max": 8.501747797000007, "mean": 8.477604426249968, "std": 0.02414337075003914, "repeat": 2, "number": 2}]}, "arrayset_sample_reads.HDF5_00.time_read_uint16_20000_samples": {"result": [7.3863255474999505], "stats": [{"ci_99": [6.240865372498206, 8.531785722501695], "q_25": 7.374870945749933, "q_75": 7.397780149249968, "min": 7.363416343999916, "max": 7.409234750999985, "mean": 7.3863255474999505, "std": 0.02290920350003489, "repeat": 2, "number": 2}]}, "arrayset_sample_reads.NUMPY_10.time_read_float32_20000_samples": {"result": [0.7785524707500144], "stats": [{"ci_99": [0.6811608082485918, 0.8759441332514369], "q_25": 0.7775785541250002, "q_75": 0.7795263873750287, "min": 0.776604637499986, "max": 0.7805003040000429, "mean": 0.7785524707500144, "std": 0.0019478332500284523, "repeat": 2, "number": 2}]}, "arrayset_sample_reads.NUMPY_10.time_read_uint16_20000_samples": {"result": [0.511914192750055], "stats": [{"ci_99": [0.4622754802446707, 0.5615529052554393], "q_25": 0.5114178056250012, "q_75": 0.5124105798751089, "min": 0.5109214184999473, "max": 0.5129069670001627, "mean": 0.511914192750055, "std": 0.0009927742501076864, "repeat": 2, "number": 2}]}, "arrayset_sample_writes.HDF5_00.time_add_float32_samples": {"result": [0.4040305527499868, 7.486247502499964], "stats": [{"ci_99": [0.06299459025206033, 0.745066515247913], "q_25": 0.4006201931250075, "q_75": 0.40744091237496605, "min": 0.39720983350002825, "max": 0.4108512719999453, "mean": 0.4040305527499868, "std": 0.006820719249958529, "repeat": 2, "number": 2}, {"ci_99": [6.970798752497785, 8.001696252502143], "q_25": 7.481093014999942, "q_75": 7.491401989999986, "min": 7.47593852749992, "max": 7.4965564775000075, "mean": 7.486247502499964, "std": 0.010308975000043574, "repeat": 2, "number": 2}], "params": [["1000", "20000"]]}, "arrayset_sample_writes.HDF5_00.time_add_uint16_samples": {"result": [0.3463330475000248, 6.452005403750036], "stats": [{"ci_99": [0.1720156475045087, 0.5206504474955408], "q_25": 0.34458987350006964, "q_75": 0.34807622149997997, "min": 0.3428466995001145, "max": 0.3498193954999351, "mean": 0.3463330475000248, "std": 0.003486347999910322, "repeat": 2, "number": 2}, {"ci_99": [5.649715291244092, 7.254295516255978], "q_25": 6.443982502624976, "q_75": 6.460028304875095, "min": 6.435959601499917, "max": 6.468051206000155, "mean": 6.452005403750036, "std": 0.016045802250118868, "repeat": 2, "number": 2}], "params": [["1000", "20000"]]}, "arrayset_sample_writes.NUMPY_10.time_add_float32_samples": {"result": [0.21607660024994857, 4.108847549749953], "stats": [{"ci_99": [0.1658367627522921, 0.266316437747605], "q_25": 0.215574201874972, "q_75": 0.21657899862492513, "min": 0.21507180349999544, "max": 0.2170813969999017, "mean": 0.21607660024994857, "std": 0.0010047967499531296, "repeat": 2, "number": 2}, {"ci_99": [2.598419512250075, 5.619275587249829], "q_25": 4.093743269374954, "q_75": 4.123951830124952, "min": 4.0786389889999555, "max": 4.139056110499951, "mean": 4.108847549749953, "std": 0.03020856074999756, "repeat": 2, "number": 2}], "params": [["1000", "20000"]]}, "arrayset_sample_writes.NUMPY_10.time_add_uint16_samples": {"result": [0.12612677474987777, 2.459558713500087], "stats": [{"ci_99": [0.02835973725052554, 0.2238938122492299], "q_25": 0.12514910437488425, "q_75": 0.1271044451248713, "min": 0.12417143399989072, "max": 0.1280821154998648, "mean": 0.12612677474987777, "std": 0.0019553407499870445, "repeat": 2, "number": 2}, {"ci_99": [1.966675588503108, 2.9524418384970654], "q_25": 2.454629882250117, "q_75": 2.4644875447500567, "min": 2.4497010510001473, "max": 2.4694163760000265, "mean": 2.459558713500087, "std": 0.009857662499939579, "repeat": 2, "number": 2}], "params": [["1000", "20000"]]}, "package.TimeImport.time_import": {"result": [0.4840692875000059], "stats": [{"ci_99": [0.4749743639999906, 0.5078992509997988], "q_25": 0.48049119899985726, "q_75": 0.4936537042499367, "min": 0.4749743639999906, "max": 0.5078992509997988, "mean": 0.4876426265999271, "std": 0.010218211535605037, "repeat": 10, "number": 1}]}, "arrayset_sample_reads.HDF5_00.peakmem_read_float32_20000_samples": 77418496, "arrayset_sample_reads.HDF5_00.peakmem_read_uint16_20000_samples": 77430784, "arrayset_sample_reads.NUMPY_10.peakmem_read_float32_20000_samples": 871538688, "arrayset_sample_reads.NUMPY_10.peakmem_read_uint16_20000_samples": 473645056, "arrayset_sample_writes.HDF5_00.track_repo_size_float32_samples": {"result": [11181662, 157376803], "params": [["1000", "20000"]]}, "arrayset_sample_writes.HDF5_00.track_repo_size_uint16_samples": {"result": [7421516, 145498023], "params": [["1000", "20000"]]}, "arrayset_sample_writes.NUMPY_10.track_repo_size_float32_samples": {"result": [40545920, 808478208], "params": [["1000", "20000"]]}, "arrayset_sample_writes.NUMPY_10.track_repo_size_uint16_samples": {"result": [20558208, 408347136], "params": [["1000", "20000"]]}}, "params": {"arch": "x86_64", "cpu": "Intel(R) Xeon(R) CPU @ 2.30GHz (8 cores)", "machine": "hangar-benchmarks", "num_cpu": "8", "os": "Linux 5.0.0-1021-gcp", "ram": "30873004", "python": "3.7"}, "requirements": {}, "commit_hash": "9d66727a46e67f2a2e18549e67606497c96c9be5", "date": 1571429472000, "env_name": "virtualenv-py3.7", "python": "3.7", "profiles": {}, "started_at": {"arrayset_sample_reads.HDF5_00.time_read_float32_20000_samples": 1572126360136, "arrayset_sample_reads.HDF5_00.time_read_uint16_20000_samples": 1572126377688, "arrayset_sample_reads.NUMPY_10.time_read_float32_20000_samples": 1572126395687, "arrayset_sample_reads.NUMPY_10.time_read_uint16_20000_samples": 1572126397847, "arrayset_sample_writes.HDF5_00.time_add_float32_samples": 1572126399648, "arrayset_sample_writes.HDF5_00.time_add_uint16_samples": 1572126415602, "arrayset_sample_writes.NUMPY_10.time_add_float32_samples": 1572126456087, "arrayset_sample_writes.NUMPY_10.time_add_uint16_samples": 1572126464919, "package.TimeImport.time_import": 1572126481587, "arrayset_sample_reads.HDF5_00.peakmem_read_float32_20000_samples": 1572126343182, "arrayset_sample_reads.HDF5_00.peakmem_read_uint16_20000_samples": 1572126352211, "arrayset_sample_reads.NUMPY_10.peakmem_read_float32_20000_samples": 1572126393073, "arrayset_sample_reads.NUMPY_10.peakmem_read_uint16_20000_samples": 1572126394531, "arrayset_sample_writes.HDF5_00.track_repo_size_float32_samples": 1572126429450, "arrayset_sample_writes.HDF5_00.track_repo_size_uint16_samples": 1572126443445, "arrayset_sample_writes.NUMPY_10.track_repo_size_float32_samples": 1572126470241, "arrayset_sample_writes.NUMPY_10.track_repo_size_uint16_samples": 1572126477218}, "ended_at": {"arrayset_sample_reads.HDF5_00.time_read_float32_20000_samples": 1572126377688, "arrayset_sample_reads.HDF5_00.time_read_uint16_20000_samples": 1572126393033, "arrayset_sample_reads.NUMPY_10.time_read_float32_20000_samples": 1572126397847, "arrayset_sample_reads.NUMPY_10.time_read_uint16_20000_samples": 1572126399505, "arrayset_sample_writes.HDF5_00.time_add_float32_samples": 1572126415601, "arrayset_sample_writes.HDF5_00.time_add_uint16_samples": 1572126429449, "arrayset_sample_writes.NUMPY_10.time_add_float32_samples": 1572126464918, "arrayset_sample_writes.NUMPY_10.time_add_uint16_samples": 1572126470240,