{"results": {"arrayset_sample_reads.HDF5_00.time_read_float32_20000_samples": {"result": [7.902749385499874], "stats": [{"ci_99": [7.228530635501784, 8.576968135497964], "q_25": 7.896007197999893, "q_75": 7.909491572999855, "min": 7.889265010499912, "max": 7.916233760499836, "mean": 7.902749385499874, "std": 0.013484374999961801, "repeat": 2, "number": 2}]}, "arrayset_sample_reads.HDF5_00.time_read_uint16_20000_samples": {"result": [6.794206271499661], "stats": [{"ci_99": [6.142858221480765, 7.445554321518556], "q_25": 6.787692790999472, "q_75": 6.80071975199985, "min": 6.781179310499283, "max": 6.807233232500039, "mean": 6.794206271499661, "std": 0.013026961000377923, "repeat": 2, "number": 2}]}, "arrayset_sample_reads.NUMPY_10.time_read_float32_20000_samples": {"result": [0.767411426000308], "stats": [{"ci_99": [0.7525246509890167, 0.7822982010115993], "q_25": 0.7672625582501951, "q_75": 0.7675602937504209, "min": 0.7671136905000822, "max": 0.7677091615005338, "mean": 0.767411426000308, "std": 0.0002977355002258264, "repeat": 2, "number": 2}]}, "arrayset_sample_reads.NUMPY_10.time_read_uint16_20000_samples": {"result": [0.49222550450008384], "stats": [{"ci_99": [0.45612077949340346, 0.5283302295067642], "q_25": 0.49186445725001704, "q_75": 0.49258655175015065, "min": 0.49150340999995024, "max": 0.49294759900021745, "mean": 0.49222550450008384, "std": 0.0007220945001336077, "repeat": 2, "number": 2}]}, "arrayset_sample_writes.HDF5_00.time_add_float32_samples": {"result": [0.4067216812497918, 7.452156183249599], "stats": [{"ci_99": [0.324932793742164, 0.48851056875741955], "q_25": 0.4059037923747155, "q_75": 0.4075395701248681, "min": 0.40508590349963924, "max": 0.40835745899994436, "mean": 0.4067216812497918, "std": 0.0016357777501525561, "repeat": 2, "number": 2}, {"ci_99": [6.966494195761015, 7.937818170738183], "q_25": 7.447299563374713, "q_75": 7.457012803124485, "min": 7.442442943499827, "max": 7.461869422999371, "mean": 7.452156183249599, "std": 0.009713239749771674, "repeat": 2, "number": 2}], "params": [["1000", "20000"]]}, "arrayset_sample_writes.HDF5_00.time_add_uint16_samples": {"result": [0.3361101907501052, 6.451783215249634], "stats": [{"ci_99": [0.20807055325917645, 0.4641498282410338], "q_25": 0.3348297943751959, "q_75": 0.33739058712501446, "min": 0.3335493980002866, "max": 0.33867098349992375, "mean": 0.3361101907501052, "std": 0.0025607927498185745, "repeat": 2, "number": 2}, {"ci_99": [5.286258327766518, 7.617308102732749], "q_25": 6.440127966374803, "q_75": 6.463438464124465, "min": 6.428472717499972, "max": 6.475093712999296, "mean": 6.451783215249634, "std": 0.023310497749662318, "repeat": 2, "number": 2}], "params": [["1000", "20000"]]}, "arrayset_sample_writes.NUMPY_10.time_add_float32_samples": {"result": [0.2144642222501716, 4.125735547750082], "stats": [{"ci_99": [0.1664573097568791, 0.262471134743464], "q_25": 0.21398415312523866, "q_75": 0.2149442913751045, "min": 0.21350408400030574, "max": 0.21542436050003744, "mean": 0.2144642222501716, "std": 0.0009601382498658495, "repeat": 2, "number": 2}, {"ci_99": [3.7717541102483665, 4.479716985251798], "q_25": 4.122195733375065, "q_75": 4.1292753621250995, "min": 4.118655919000048, "max": 4.132815176500117, "mean": 4.125735547750082, "std": 0.007079628750034317, "repeat": 2, "number": 2}], "params": [["1000", "20000"]]}, "arrayset_sample_writes.NUMPY_10.time_add_uint16_samples": {"result": [0.12722357324992117, 2.469022518499969], "stats": [{"ci_99": [0.07286538574635415, 0.18158176075348814], "q_25": 0.1266799913748855, "q_75": 0.12776715512495684, "min": 0.12613640949984983, "max": 0.12831073699999251, "mean": 0.12722357324992117, "std": 0.0010871637500713405, "repeat": 2, "number": 2}, {"ci_99": [1.8399482185091074, 3.09809681849083], "q_25": 2.4627317755000604, "q_75": 2.4753132614998776, "min": 2.4564410325001518, "max": 2.4816040044997862, "mean": 2.469022518499969, "std": 0.012581485999817232, "repeat": 2, "number": 2}], "params": [["1000", "20000"]]}, "package.TimeImport.time_import": {"result": [0.4992369210003744], "stats": [{"ci_99": [0.4850779380012682, 0.5249562070002867], "q_25": 0.49206448024915517, "q_75": 0.503515568000239, "min": 0.4850779380012682, "max": 0.5249562070002867, "mean": 0.500245785700281, "std": 0.011134417802800483, "repeat": 10, "number": 1}]}, "arrayset_sample_reads.HDF5_00.peakmem_read_float32_20000_samples": 80195584, "arrayset_sample_reads.HDF5_00.peakmem_read_uint16_20000_samples": 80134144, "arrayset_sample_reads.NUMPY_10.peakmem_read_float32_20000_samples": 874377216, "arrayset_sample_reads.NUMPY_10.peakmem_read_uint16_20000_samples": 476213248, "arrayset_sample_writes.HDF5_00.track_repo_size_float32_samples": {"result": [11193940, 157782311], "params": [["1000", "20000"]]}, "arrayset_sample_writes.HDF5_00.track_repo_size_uint16_samples": {"result": [7437889, 145887174], "params": [["1000", "20000"]]}, "arrayset_sample_writes.NUMPY_10.track_repo_size_float32_samples": {"result": [40558198, 808859126], "params": [["1000", "20000"]]}, "arrayset_sample_writes.NUMPY_10.track_repo_size_uint16_samples": {"result": [20570486, 408719862], "params": [["1000", "20000"]]}}, "params": {"arch": "x86_64", "cpu": "Intel(R) Xeon(R) CPU @ 2.30GHz (8 cores)", "machine": "hangar-benchmarks", "num_cpu": "8", "os": "Linux 5.0.0-1021-gcp", "ram": "30873004", "python": "3.7"}, "requirements": {}, "commit_hash": "a51509eaac61827191c66709d7c894dc19784f9c", "date": 1566238301000, "env_name": "virtualenv-py3.7", "python": "3.7", "profiles": {}, "started_at": {"arrayset_sample_reads.HDF5_00.time_read_float32_20000_samples": 1572131520972, "arrayset_sample_reads.HDF5_00.time_read_uint16_20000_samples": 1572131537320, "arrayset_sample_reads.NUMPY_10.time_read_float32_20000_samples": 1572131553920, "arrayset_sample_reads.NUMPY_10.time_read_uint16_20000_samples": 1572131556029, "arrayset_sample_writes.HDF5_00.time_add_float32_samples": 1572131557683, "arrayset_sample_writes.HDF5_00.time_add_uint16_samples": 1572131573633, "arrayset_sample_writes.NUMPY_10.time_add_float32_samples": 1572131613960, "arrayset_sample_writes.NUMPY_10.time_add_uint16_samples": 1572131622891, "package.TimeImport.time_import": 1572131639403, "arrayset_sample_reads.HDF5_00.peakmem_read_float32_20000_samples": 1572131505173, "arrayset_sample_reads.HDF5_00.peakmem_read_uint16_20000_samples": 1572131513599, "arrayset_sample_reads.NUMPY_10.peakmem_read_float32_20000_samples": 1572131551457, "arrayset_sample_reads.NUMPY_10.peakmem_read_uint16_20000_samples": 1572131552864, "arrayset_sample_writes.HDF5_00.track_repo_size_float32_samples": 1572131587427, "arrayset_sample_writes.HDF5_00.track_repo_size_uint16_samples": 1572131601320, "arrayset_sample_writes.NUMPY_10.track_repo_size_float32_samples": 1572131628261, "arrayset_sample_writes.NUMPY_10.track_repo_size_uint16_samples": 1572131635135}, "ended_at": {"arrayset_sample_reads.HDF5_00.time_read_float32_20000_samples": 1572131537320, "arrayset_sample_reads.HDF5_00.time_read_uint16_20000_samples": 1572131551416, "arrayset_sample_reads.NUMPY_10.time_read_float32_20000_samples": 1572131556029, "arrayset_sample_reads.NUMPY_10.time_read_uint16_20000_samples": 1572131557536, "arrayset_sample_writes.HDF5_00.time_add_float32_samples": 1572131573632, "arrayset_sample_writes.HDF5_00.time_add_uint16_samples": 1572131587426, "arrayset_sample_writes.NUMPY_10.time_add_float32_samples": 1572131622890, "arrayset_sample_writes.NUMPY_10.time_add_uint16_samples": 1572131628260,