{"results": {"arrayset_sample_reads.HDF5_00.time_read_float32_20000_samples": {"result": [8.33741994449997], "stats": [{"ci_99": [6.872435644497045, 9.802404244502894], "q_25": 8.322770101499941, "q_75": 8.3520697875, "min": 8.308120258499912, "max": 8.366719630500029, "mean": 8.33741994449997, "std": 0.0292996860000585, "repeat": 2, "number": 2}]}, "arrayset_sample_reads.HDF5_00.time_read_uint16_20000_samples": {"result": [7.25620922249982], "stats": [{"ci_99": [7.14132512249671, 7.371093322502929], "q_25": 7.2550603814997885, "q_75": 7.257358063499851, "min": 7.253911540499757, "max": 7.258506904499882, "mean": 7.25620922249982, "std": 0.0022976820000621956, "repeat": 2, "number": 2}]}, "arrayset_sample_reads.NUMPY_10.time_read_float32_20000_samples": {"result": [0.7671941812498062], "stats": [{"ci_99": [0.5533360687502409, 0.9810522937493713], "q_25": 0.7650556001248106, "q_75": 0.7693327623748019, "min": 0.7629170189998149, "max": 0.7714713434997975, "mean": 0.7671941812498062, "std": 0.0042771622499913065, "repeat": 2, "number": 2}]}, "arrayset_sample_reads.NUMPY_10.time_read_uint16_20000_samples": {"result": [0.49717116600004374], "stats": [{"ci_99": [0.37497649099077535, 0.619365841009312], "q_25": 0.49594921924995106, "q_75": 0.4983931127501364, "min": 0.4947272724998584, "max": 0.4996150595002291, "mean": 0.49717116600004374, "std": 0.002443893500185368, "repeat": 2, "number": 2}]}, "arrayset_sample_writes.HDF5_00.time_add_float32_samples": {"result": [0.40034240974978275, 7.4458531864997894], "stats": [{"ci_99": [0.2864094222552467, 0.5142753972443187], "q_25": 0.3992030798748374, "q_75": 0.4014817396247281, "min": 0.398063749999892, "max": 0.40262106949967347, "mean": 0.40034240974978275, "std": 0.0022786597498907213, "repeat": 2, "number": 2}, {"ci_99": [6.157182586498038, 8.734523786501539], "q_25": 7.432966480499772, "q_75": 7.458739892499807, "min": 7.420079774499754, "max": 7.4716265984998245, "mean": 7.4458531864997894, "std": 0.025773412000035023, "repeat": 2, "number": 2}], "params": [["1000", "20000"]]}, "arrayset_sample_writes.HDF5_00.time_add_uint16_samples": {"result": [0.3372069937502147, 6.419626308749912], "stats": [{"ci_99": [0.1883819062488783, 0.48603208125155095], "q_25": 0.3357187428752013, "q_75": 0.33869524462522804, "min": 0.33423049200018795, "max": 0.3401834955002414, "mean": 0.3372069937502147, "std": 0.0029765017500267277, "repeat": 2, "number": 2}, {"ci_99": [5.115788596240009, 7.723464021259814], "q_25": 6.406587931624813, "q_75": 6.432664685875011, "min": 6.393549554499714, "max": 6.44570306300011, "mean": 6.419626308749912, "std": 0.026076754250198064, "repeat": 2, "number": 2}], "params": [["1000", "20000"]]}, "arrayset_sample_writes.NUMPY_10.time_add_float32_samples": {"result": [0.21531870850003543, 4.118267515249954], "stats": [{"ci_99": [0.20342890850179174, 0.22720850849827912], "q_25": 0.215199810500053, "q_75": 0.21543760650001786, "min": 0.21508091250007055, "max": 0.2155565045000003, "mean": 0.21531870850003543, "std": 0.00023779599996487377, "repeat": 2, "number": 2}, {"ci_99": [3.343166202748307, 4.8933688277516], "q_25": 4.110516502124938, "q_75": 4.126018528374971, "min": 4.102765488999921, "max": 4.133769541499987, "mean": 4.118267515249954, "std": 0.015502026250032941, "repeat": 2, "number": 2}], "params": [["1000", "20000"]]}, "arrayset_sample_writes.NUMPY_10.time_add_uint16_samples": {"result": [0.1255654889998823, 2.4601054579998163], "stats": [{"ci_99": [0.10791543899381395, 0.14321553900595063], "q_25": 0.1253889884998216, "q_75": 0.12574198949994297, "min": 0.12521248799976092, "max": 0.12591849000000366, "mean": 0.1255654889998823, "std": 0.0003530010001213668, "repeat": 2, "number": 2}, {"ci_99": [2.2590988329975517, 2.661112083002081], "q_25": 2.4580953917497936, "q_75": 2.462115524249839, "min": 2.456085325499771, "max": 2.4641255904998616, "mean": 2.4601054579998163, "std": 0.0040201325000452925, "repeat": 2, "number": 2}], "params": [["1000", "20000"]]}, "package.TimeImport.time_import": {"result": [0.4915116840002156], "stats": [{"ci_99": [0.4812809989998641, 0.4986324710007466], "q_25": 0.4872836740003095, "q_75": 0.49599573950035847, "min": 0.4812809989998641, "max": 0.4986324710007466, "mean": 0.49113228320020424, "std": 0.005488248494864188, "repeat": 10, "number": 1}]}, "arrayset_sample_reads.HDF5_00.peakmem_read_float32_20000_samples": 78053376, "arrayset_sample_reads.HDF5_00.peakmem_read_uint16_20000_samples": 77946880, "arrayset_sample_reads.NUMPY_10.peakmem_read_float32_20000_samples": 872534016, "arrayset_sample_reads.NUMPY_10.peakmem_read_uint16_20000_samples": 474492928, "arrayset_sample_writes.HDF5_00.track_repo_size_float32_samples": {"result": [11181652, 157380865], "params": [["1000", "20000"]]}, "arrayset_sample_writes.HDF5_00.track_repo_size_uint16_samples": {"result": [7421505, 145502185], "params": [["1000", "20000"]]}, "arrayset_sample_writes.NUMPY_10.track_repo_size_float32_samples": {"result": [40545910, 808457718], "params": [["1000", "20000"]]}, "arrayset_sample_writes.NUMPY_10.track_repo_size_uint16_samples": {"result": [20554102, 408334838], "params": [["1000", "20000"]]}}, "params": {"arch": "x86_64", "cpu": "Intel(R) Xeon(R) CPU @ 2.30GHz (8 cores)", "machine": "hangar-benchmarks", "num_cpu": "8", "os": "Linux 5.0.0-1021-gcp", "ram": "30873004", "python": "3.7"}, "requirements": {}, "commit_hash": "abf431e03ae1483248f19873667e204890ae0786", "date": 1570067082000, "env_name": "virtualenv-py3.7", "python": "3.7", "profiles": {}, "started_at": {"arrayset_sample_reads.HDF5_00.time_read_float32_20000_samples": 1572128726540, "arrayset_sample_reads.HDF5_00.time_read_uint16_20000_samples": 1572128743738, "arrayset_sample_reads.NUMPY_10.time_read_float32_20000_samples": 1572128761484, "arrayset_sample_reads.NUMPY_10.time_read_uint16_20000_samples": 1572128763643, "arrayset_sample_writes.HDF5_00.time_add_float32_samples": 1572128765391, "arrayset_sample_writes.HDF5_00.time_add_uint16_samples": 1572128781189, "arrayset_sample_writes.NUMPY_10.time_add_float32_samples": 1572128821213, "arrayset_sample_writes.NUMPY_10.time_add_uint16_samples": 1572128830093, "package.TimeImport.time_import": 1572128846657, "arrayset_sample_reads.HDF5_00.peakmem_read_float32_20000_samples": 1572128709740, "arrayset_sample_reads.HDF5_00.peakmem_read_uint16_20000_samples": 1572128718716, "arrayset_sample_reads.NUMPY_10.peakmem_read_float32_20000_samples": 1572128758870, "arrayset_sample_reads.NUMPY_10.peakmem_read_uint16_20000_samples": 1572128760327, "arrayset_sample_writes.HDF5_00.track_repo_size_float32_samples": 1572128794832, "arrayset_sample_writes.HDF5_00.track_repo_size_uint16_samples": 1572128808674, "arrayset_sample_writes.NUMPY_10.track_repo_size_float32_samples": 1572128835464, "arrayset_sample_writes.NUMPY_10.track_repo_size_uint16_samples": 1572128842339}, "ended_at": {"arrayset_sample_reads.HDF5_00.time_read_float32_20000_samples": 1572128743738, "arrayset_sample_reads.HDF5_00.time_read_uint16_20000_samples": 1572128758830, "arrayset_sample_reads.NUMPY_10.time_read_float32_20000_samples": 1572128763642, "arrayset_sample_reads.NUMPY_10.time_read_uint16_20000_samples": 1572128765250, "arrayset_sample_writes.HDF5_00.time_add_float32_samples": 1572128781189, "arrayset_sample_writes.HDF5_00.time_add_uint16_samples": 1572128794831, "arrayset_sample_writes.NUMPY_10.time_add_float32_samples": 1572128830092, "arrayset_sample_writes.NUMPY_10.time_add_uint16_samples": 1572128835463,