{"results": {"arrayset_sample_reads.HDF5_00.time_read_float32_20000_samples": {"result": [7.947245847750082], "stats": [{"ci_99": [6.530261235260014, 9.36423046024015], "q_25": 7.933076001625182, "q_75": 7.961415693874983, "min": 7.918906155500281, "max": 7.975585539999884, "mean": 7.947245847750082, "std": 0.028339692249801374, "repeat": 2, "number": 2}]}, "arrayset_sample_reads.HDF5_00.time_read_uint16_20000_samples": {"result": [6.830275623500029], "stats": [{"ci_99": [4.577465148500551, 9.083086098499505], "q_25": 6.807747518750034, "q_75": 6.852803728250024, "min": 6.785219414000039, "max": 6.875331833000018, "mean": 6.830275623500029, "std": 0.045056209499989563, "repeat": 2, "number": 2}]}, "arrayset_sample_reads.NUMPY_10.time_read_float32_20000_samples": {"result": [0.7796293574999709], "stats": [{"ci_99": [0.6356457574968317, 0.9236129575031099], "q_25": 0.7781895214999395, "q_75": 0.7810691935000023, "min": 0.7767496854999081, "max": 0.7825090295000336, "mean": 0.7796293574999709, "std": 0.002879672000062783, "repeat": 2, "number": 2}]}, "arrayset_sample_reads.NUMPY_10.time_read_uint16_20000_samples": {"result": [0.5119888617498418], "stats": [{"ci_99": [0.26297982426353883, 0.7609978992361446], "q_25": 0.5094987713749788, "q_75": 0.5144789521247048, "min": 0.5070086810001158, "max": 0.5169690424995679, "mean": 0.5119888617498418, "std": 0.00498018074972606, "repeat": 2, "number": 2}]}, "arrayset_sample_writes.HDF5_00.time_add_float32_samples": {"result": [0.39135574049987554, 7.306611612000097], "stats": [{"ci_99": [0.351873740488827, 0.430837740510924], "q_25": 0.39096092049976505, "q_75": 0.391750560499986, "min": 0.39056610049965457, "max": 0.3921453805000965, "mean": 0.39135574049987554, "std": 0.0007896400002209703, "repeat": 2, "number": 2}, {"ci_99": [6.6003047370029435, 8.01291848699725], "q_25": 7.2995485432501255, "q_75": 7.3136746807500685, "min": 7.292485474500154, "max": 7.32073774950004, "mean": 7.306611612000097, "std": 0.01412613749994307, "repeat": 2, "number": 2}], "params": [["1000", "20000"]]}, "arrayset_sample_writes.HDF5_00.time_add_uint16_samples": {"result": [0.33340117875013675, 6.290879008500042], "stats": [{"ci_99": [0.15086064124716358, 0.5159417162531097], "q_25": 0.331575773375107, "q_75": 0.3352265841251665, "min": 0.3297503680000773, "max": 0.3370519895001962, "mean": 0.33340117875013675, "std": 0.0036508107500594633, "repeat": 2, "number": 2}, {"ci_99": [5.796093583503762, 6.785664433496322], "q_25": 6.285931154250079, "q_75": 6.295826862750005, "min": 6.280983300000116, "max": 6.3007747169999675, "mean": 6.290879008500042, "std": 0.009895708499925604, "repeat": 2, "number": 2}], "params": [["1000", "20000"]]}, "arrayset_sample_writes.NUMPY_10.time_add_float32_samples": {"result": [0.21214889124985348, 4.221326404500132], "stats": [{"ci_99": [0.14430940375314094, 0.27998837874656596], "q_25": 0.21147049637488635, "q_75": 0.2128272861248206, "min": 0.21079210149991923, "max": 0.21350568099978773, "mean": 0.21214889124985348, "std": 0.0013567897499342507, "repeat": 2, "number": 2}, {"ci_99": [-5.959227895483991, 14.401880704484247], "q_25": 4.119520861500291, "q_75": 4.323131947499974, "min": 4.01771531850045, "max": 4.424937490499815, "mean": 4.221326404500132, "std": 0.20361108599968247, "repeat": 2, "number": 2}], "params": [["1000", "20000"]]}, "arrayset_sample_writes.NUMPY_10.time_add_uint16_samples": {"result": [0.1272135030001209, 2.526291086750007], "stats": [{"ci_99": [0.028600252991282105, 0.22582675300895963], "q_25": 0.12622737050003252, "q_75": 0.1281996355002093, "min": 0.12524123799994413, "max": 0.12918576800029768, "mean": 0.1272135030001209, "std": 0.001972265000176776, "repeat": 2, "number": 2}, {"ci_99": [-2.521141350754533, 7.573723524254542], "q_25": 2.4758167623749614, "q_75": 2.576765411125052, "min": 2.425342437999916, "max": 2.6272397355000976, "mean": 2.526291086750007, "std": 0.1009486487500908, "repeat": 2, "number": 2}], "params": [["1000", "20000"]]}, "package.TimeImport.time_import": {"result": [0.49996793649961546], "stats": [{"ci_99": [0.49198247299955256, 0.5228969330000837], "q_25": 0.4980773467502786, "q_75": 0.5040943540002445, "min": 0.49198247299955256, "max": 0.5228969330000837, "mean": 0.502252933499949, "std": 0.008217430924043556, "repeat": 10, "number": 1}]}, "arrayset_sample_reads.HDF5_00.peakmem_read_float32_20000_samples": 79904768, "arrayset_sample_reads.HDF5_00.peakmem_read_uint16_20000_samples": 79904768, "arrayset_sample_reads.NUMPY_10.peakmem_read_float32_20000_samples": 878088192, "arrayset_sample_reads.NUMPY_10.peakmem_read_uint16_20000_samples": 475811840, "arrayset_sample_writes.HDF5_00.track_repo_size_float32_samples": {"result": [11198036, 157798657], "params": [["1000", "20000"]]}, "arrayset_sample_writes.HDF5_00.track_repo_size_uint16_samples": {"result": [7437889, 145887211], "params": [["1000", "20000"]]}, "arrayset_sample_writes.NUMPY_10.track_repo_size_float32_samples": {"result": [40562294, 808875510], "params": [["1000", "20000"]]}, "arrayset_sample_writes.NUMPY_10.track_repo_size_uint16_samples": {"result": [20570486, 408719862], "params": [["1000", "20000"]]}}, "params": {"arch": "x86_64", "cpu": "Intel(R) Xeon(R) CPU @ 2.30GHz (8 cores)", "machine": "hangar-benchmarks", "num_cpu": "8", "os": "Linux 5.0.0-1021-gcp", "ram": "30873004", "python": "3.7"}, "requirements": {}, "commit_hash": "b13a73c0c281488b6bd5333660b9ddc1f7f697ba", "date": 1567588184000, "env_name": "virtualenv-py3.7", "python": "3.7", "profiles": {}, "started_at": {"arrayset_sample_reads.HDF5_00.time_read_float32_20000_samples": 1572130753143, "arrayset_sample_reads.HDF5_00.time_read_uint16_20000_samples": 1572130769497, "arrayset_sample_reads.NUMPY_10.time_read_float32_20000_samples": 1572130786090, "arrayset_sample_reads.NUMPY_10.time_read_uint16_20000_samples": 1572130788199, "arrayset_sample_writes.HDF5_00.time_add_float32_samples": 1572130789948, "arrayset_sample_writes.HDF5_00.time_add_uint16_samples": 1572130805497, "arrayset_sample_writes.NUMPY_10.time_add_float32_samples": 1572130845128, "arrayset_sample_writes.NUMPY_10.time_add_uint16_samples": 1572130854661, "package.TimeImport.time_import": 1572130871376, "arrayset_sample_reads.HDF5_00.peakmem_read_float32_20000_samples": 1572130737344, "arrayset_sample_reads.HDF5_00.peakmem_read_uint16_20000_samples": 1572130745820, "arrayset_sample_reads.NUMPY_10.peakmem_read_float32_20000_samples": 1572130783628, "arrayset_sample_reads.NUMPY_10.peakmem_read_uint16_20000_samples": 1572130784984, "arrayset_sample_writes.HDF5_00.track_repo_size_float32_samples": 1572130818939, "arrayset_sample_writes.HDF5_00.track_repo_size_uint16_samples": 1572130832632, "arrayset_sample_writes.NUMPY_10.track_repo_size_float32_samples": 1572130860383, "arrayset_sample_writes.NUMPY_10.track_repo_size_uint16_samples": 1572130867057}, "ended_at": {"arrayset_sample_reads.HDF5_00.time_read_float32_20000_samples": 1572130769496, "arrayset_sample_reads.HDF5_00.time_read_uint16_20000_samples": 1572130783588, "arrayset_sample_reads.NUMPY_10.time_read_float32_20000_samples": 1572130788199, "arrayset_sample_reads.NUMPY_10.time_read_uint16_20000_samples": 1572130789806, "arrayset_sample_writes.HDF5_00.time_add_float32_samples": 1572130805496, "arrayset_sample_writes.HDF5_00.time_add_uint16_samples": 1572130818939, "arrayset_sample_writes.NUMPY_10.time_add_float32_samples": 1572130854660, "arrayset_sample_writes.NUMPY_10.time_add_uint16_samples": 1572130860382,