{"results": {"arrayset_sample_reads.HDF5_00.time_read_float32_20000_samples": {"result": [8.481948440250108], "stats": [{"ci_99": [8.100344927744572, 8.863551952755643], "q_25": 8.478132405125052, "q_75": 8.485764475375163, "min": 8.474316369999997, "max": 8.489580510500218, "mean": 8.481948440250108, "std": 0.007632070250110701, "repeat": 2, "number": 2}]}, "arrayset_sample_reads.HDF5_00.time_read_uint16_20000_samples": {"result": [7.3533629464998285], "stats": [{"ci_99": [5.189616296498798, 9.517109596500857], "q_25": 7.331725479999818, "q_75": 7.375000412999839, "min": 7.310088013499808, "max": 7.396637879499849, "mean": 7.3533629464998285, "std": 0.04327493300002061, "repeat": 2, "number": 2}]}, "arrayset_sample_reads.NUMPY_10.time_read_float32_20000_samples": {"result": [0.7689299574999495], "stats": [{"ci_99": [0.37965860750909997, 1.1582013074907986], "q_25": 0.765037244000041, "q_75": 0.772822670999858, "min": 0.7611445305001325, "max": 0.7767153844997665, "mean": 0.7689299574999495, "std": 0.007785426999816991, "repeat": 2, "number": 2}]}, "arrayset_sample_reads.NUMPY_10.time_read_uint16_20000_samples": {"result": [0.501250280000022], "stats": [{"ci_99": [0.3954467549974652, 0.6070538050025788], "q_25": 0.5001922447499965, "q_75": 0.5023083152500476, "min": 0.4991342094999709, "max": 0.5033663505000732, "mean": 0.501250280000022, "std": 0.002116070500051137, "repeat": 2, "number": 2}]}, "arrayset_sample_writes.HDF5_00.time_add_float32_samples": {"result": [0.4080691789999946, 7.520929834749722], "stats": [{"ci_99": [0.3663776290045462, 0.449760728995443], "q_25": 0.40765226350004014, "q_75": 0.4084860944999491, "min": 0.40723534800008565, "max": 0.4089030099999036, "mean": 0.4080691789999946, "std": 0.0008338309999089688, "repeat": 2, "number": 2}, {"ci_99": [7.132240772245723, 7.909618897253722], "q_25": 7.517042944124682, "q_75": 7.524816725374762, "min": 7.513156053499642, "max": 7.528703615999802, "mean": 7.520929834749722, "std": 0.007773781250079992, "repeat": 2, "number": 2}], "params": [["1000", "20000"]]}, "arrayset_sample_writes.HDF5_00.time_add_uint16_samples": {"result": [0.3401752537502034, 6.507290661499837], "stats": [{"ci_99": [0.23368524125999102, 0.4466652662404157], "q_25": 0.3391103536253013, "q_75": 0.34124015387510553, "min": 0.33804545350039916, "max": 0.34230505400000766, "mean": 0.3401752537502034, "std": 0.002129800249804248, "repeat": 2, "number": 2}, {"ci_99": [6.075694011496807, 6.938887311502867], "q_25": 6.502974694999807, "q_75": 6.511606627999868, "min": 6.498658728499777, "max": 6.515922594499898, "mean": 6.507290661499837, "std": 0.008631933000060599, "repeat": 2, "number": 2}], "params": [["1000", "20000"]]}, "arrayset_sample_writes.NUMPY_10.time_add_float32_samples": {"result": [0.2166748322499643, 4.1941444042499825], "stats": [{"ci_99": [0.2103569447560858, 0.22299271974384283], "q_25": 0.21661165337502553, "q_75": 0.2167380111249031, "min": 0.21654847450008674, "max": 0.21680118999984188, "mean": 0.2166748322499643, "std": 0.0001263577498775703, "repeat": 2, "number": 2}, {"ci_99": [2.785466866743718, 5.602821941756246], "q_25": 4.18005762887492, "q_75": 4.208231179625045, "min": 4.165970853499857, "max": 4.222317955000108, "mean": 4.1941444042499825, "std": 0.028173550750125287, "repeat": 2, "number": 2}], "params": [["1000", "20000"]]}, "arrayset_sample_writes.NUMPY_10.time_add_uint16_samples": {"result": [0.13111326225021003, 2.519639902000108], "stats": [{"ci_99": [0.11429082475137875, 0.1479356997490413], "q_25": 0.13094503787522171, "q_75": 0.13128148662519834, "min": 0.1307768135002334, "max": 0.13144971100018665, "mean": 0.13111326225021003, "std": 0.00033644874997662555, "repeat": 2, "number": 2}, {"ci_99": [1.491551326996614, 3.5477284770036013], "q_25": 2.509359016250073, "q_75": 2.529920787750143, "min": 2.4990781305000382, "max": 2.540201673500178, "mean": 2.519639902000108, "std": 0.02056177150006988, "repeat": 2, "number": 2}], "params": [["1000", "20000"]]}, "package.TimeImport.time_import": {"result": [0.4869200904995523], "stats": [{"ci_99": [0.47037929800080747, 0.517522941999232], "q_25": 0.4818861464996189, "q_75": 0.49308440800018616, "min": 0.47037929800080747, "max": 0.517522941999232, "mean": 0.48994481159988934, "std": 0.013415439974460827, "repeat": 10, "number": 1}]}, "arrayset_sample_reads.HDF5_00.peakmem_read_float32_20000_samples": 77565952, "arrayset_sample_reads.HDF5_00.peakmem_read_uint16_20000_samples": 77692928, "arrayset_sample_reads.NUMPY_10.peakmem_read_float32_20000_samples": 872263680, "arrayset_sample_reads.NUMPY_10.peakmem_read_uint16_20000_samples": 474312704, "arrayset_sample_writes.HDF5_00.track_repo_size_float32_samples": {"result": [11181662, 157380875], "params": [["1000", "20000"]]}, "arrayset_sample_writes.HDF5_00.track_repo_size_uint16_samples": {"result": [7421515, 145502195], "params": [["1000", "20000"]]}, "arrayset_sample_writes.NUMPY_10.track_repo_size_float32_samples": {"result": [40545920, 808457728], "params": [["1000", "20000"]]}, "arrayset_sample_writes.NUMPY_10.track_repo_size_uint16_samples": {"result": [20554112, 408334848], "params": [["1000", "20000"]]}}, "params": {"arch": "x86_64", "cpu": "Intel(R) Xeon(R) CPU @ 2.30GHz (8 cores)", "machine": "hangar-benchmarks", "num_cpu": "8", "os": "Linux 5.0.0-1021-gcp", "ram": "30873004", "python": "3.7"}, "requirements": {}, "commit_hash": "b399241512a7329ed5d25d27f1f9787f01052cd3", "date": 1571113121000, "env_name": "virtualenv-py3.7", "python": "3.7", "profiles": {}, "started_at": {"arrayset_sample_reads.HDF5_00.time_read_float32_20000_samples": 1572127676537, "arrayset_sample_reads.HDF5_00.time_read_uint16_20000_samples": 1572127694087, "arrayset_sample_reads.NUMPY_10.time_read_float32_20000_samples": 1572127711983, "arrayset_sample_reads.NUMPY_10.time_read_uint16_20000_samples": 1572127714192, "arrayset_sample_writes.HDF5_00.time_add_float32_samples": 1572127715992, "arrayset_sample_writes.HDF5_00.time_add_uint16_samples": 1572127732042, "arrayset_sample_writes.NUMPY_10.time_add_float32_samples": 1572127772618, "arrayset_sample_writes.NUMPY_10.time_add_uint16_samples": 1572127781754, "package.TimeImport.time_import": 1572127798618, "arrayset_sample_reads.HDF5_00.peakmem_read_float32_20000_samples": 1572127659384, "arrayset_sample_reads.HDF5_00.peakmem_read_uint16_20000_samples": 1572127668513, "arrayset_sample_reads.NUMPY_10.peakmem_read_float32_20000_samples": 1572127709369, "arrayset_sample_reads.NUMPY_10.peakmem_read_uint16_20000_samples": 1572127710827, "arrayset_sample_writes.HDF5_00.track_repo_size_float32_samples": 1572127745935, "arrayset_sample_writes.HDF5_00.track_repo_size_uint16_samples": 1572127759878, "arrayset_sample_writes.NUMPY_10.track_repo_size_float32_samples": 1572127787225, "arrayset_sample_writes.NUMPY_10.track_repo_size_uint16_samples": 1572127794200}, "ended_at": {"arrayset_sample_reads.HDF5_00.time_read_float32_20000_samples": 1572127694087, "arrayset_sample_reads.HDF5_00.time_read_uint16_20000_samples": 1572127709330, "arrayset_sample_reads.NUMPY_10.time_read_float32_20000_samples": 1572127714191, "arrayset_sample_reads.NUMPY_10.time_read_uint16_20000_samples": 1572127715849, "arrayset_sample_writes.HDF5_00.time_add_float32_samples": 1572127732041, "arrayset_sample_writes.HDF5_00.time_add_uint16_samples": 1572127745934, "arrayset_sample_writes.NUMPY_10.time_add_float32_samples": 1572127781754, "arrayset_sample_writes.NUMPY_10.time_add_uint16_samples": 1572127787224,