{"results": {"arrayset_sample_reads.HDF5_00.time_read_float32_20000_samples": {"result": [8.397116890000007], "stats": [{"ci_99": [7.884270815008449, 8.909962964991564], "q_25": 8.391988429250091, "q_75": 8.402245350749922, "min": 8.386859968500175, "max": 8.407373811499838, "mean": 8.397116890000007, "std": 0.010256921499831151, "repeat": 2, "number": 2}]}, "arrayset_sample_reads.HDF5_00.time_read_uint16_20000_samples": {"result": [7.267384207999839], "stats": [{"ci_99": [5.152041582993206, 9.38272683300647], "q_25": 7.246230781749773, "q_75": 7.288537634249906, "min": 7.225077355499707, "max": 7.309691060499972, "mean": 7.267384207999839, "std": 0.04230685250013266, "repeat": 2, "number": 2}]}, "arrayset_sample_reads.NUMPY_10.time_read_float32_20000_samples": {"result": [0.7715150620001623], "stats": [{"ci_99": [0.690228612005285, 0.8528015119950395], "q_25": 0.7707021975002135, "q_75": 0.7723279265001111, "min": 0.7698893330002647, "max": 0.7731407910000598, "mean": 0.7715150620001623, "std": 0.0016257289998975466, "repeat": 2, "number": 2}]}, "arrayset_sample_reads.NUMPY_10.time_read_uint16_20000_samples": {"result": [0.49991055724990474], "stats": [{"ci_99": [0.2782867447483568, 0.7215343697514525], "q_25": 0.49769431912488926, "q_75": 0.5021267953749202, "min": 0.4954780809998738, "max": 0.5043430334999357, "mean": 0.49991055724990474, "std": 0.004432476250030959, "repeat": 2, "number": 2}]}, "arrayset_sample_writes.HDF5_00.time_add_float32_samples": {"result": [0.4041517719999774, 7.3930472255001405], "stats": [{"ci_99": [0.30543329700117283, 0.5028702469987819], "q_25": 0.4031645872499894, "q_75": 0.4051389567499655, "min": 0.40217740250000134, "max": 0.4061261414999535, "mean": 0.4041517719999774, "std": 0.001974369499976092, "repeat": 2, "number": 2}, {"ci_99": [7.0114873005054505, 7.77460715049483], "q_25": 7.389231626250194, "q_75": 7.396862824750087, "min": 7.385416027000247, "max": 7.400678424000034, "mean": 7.3930472255001405, "std": 0.007631198499893799, "repeat": 2, "number": 2}], "params": [["1000", "20000"]]}, "arrayset_sample_writes.HDF5_00.time_add_uint16_samples": {"result": [0.3365418797498023, 6.384415343000001], "stats": [{"ci_99": [0.18342286725192025, 0.4896608922476843], "q_25": 0.3350106896248235, "q_75": 0.33807306987478114, "min": 0.3334794994998447, "max": 0.33960425999975996, "mean": 0.3365418797498023, "std": 0.0030623802499576414, "repeat": 2, "number": 2}, {"ci_99": [6.315537942991796, 6.453292743008205], "q_25": 6.3837265689999185, "q_75": 6.385104117000083, "min": 6.3830377949998365, "max": 6.385792891000165, "mean": 6.384415343000001, "std": 0.0013775480001640972, "repeat": 2, "number": 2}], "params": [["1000", "20000"]]}, "arrayset_sample_writes.NUMPY_10.time_add_float32_samples": {"result": [0.21445588849996966, 4.145952407000095], "stats": [{"ci_99": [0.12992321350179736, 0.2989885634981419], "q_25": 0.21361056174998794, "q_75": 0.21530121524995138, "min": 0.21276523500000621, "max": 0.2161465419999331, "mean": 0.21445588849996966, "std": 0.001690653499963446, "repeat": 2, "number": 2}, {"ci_99": [2.189761682009248, 6.102143131990941], "q_25": 4.126390499750187, "q_75": 4.165514314250004, "min": 4.106828592500278, "max": 4.185076221499912, "mean": 4.145952407000095, "std": 0.039123814499816945, "repeat": 2, "number": 2}], "params": [["1000", "20000"]]}, "arrayset_sample_writes.NUMPY_10.time_add_uint16_samples": {"result": [0.12854616624986193, 2.4645869580001545], "stats": [{"ci_99": [0.0746525037450283, 0.1824398287546955], "q_25": 0.1280072296248136, "q_75": 0.12908510287491026, "min": 0.12746829299976525, "max": 0.1296240394999586, "mean": 0.12854616624986193, "std": 0.0010778732500966726, "repeat": 2, "number": 2}, {"ci_99": [1.7315548079966447, 3.1976191080036633], "q_25": 2.4572566365001194, "q_75": 2.4719172795001896, "min": 2.4499263150000843, "max": 2.4792476010002247, "mean": 2.4645869580001545, "std": 0.014660643000070195, "repeat": 2, "number": 2}], "params": [["1000", "20000"]]}, "package.TimeImport.time_import": {"result": [0.49992086450038187], "stats": [{"ci_99": [0.4911141200000202, 0.5058933150003213], "q_25": 0.4960161817500648, "q_75": 0.5041055267499814, "min": 0.4911141200000202, "max": 0.5058933150003213, "mean": 0.49958423820007736, "std": 0.004858323032002326, "repeat": 10, "number": 1}]}, "arrayset_sample_reads.HDF5_00.peakmem_read_float32_20000_samples": 77557760, "arrayset_sample_reads.HDF5_00.peakmem_read_uint16_20000_samples": 77553664, "arrayset_sample_reads.NUMPY_10.peakmem_read_float32_20000_samples": 872206336, "arrayset_sample_reads.NUMPY_10.peakmem_read_uint16_20000_samples": 474116096, "arrayset_sample_writes.HDF5_00.track_repo_size_float32_samples": {"result": [11181652, 157380865], "params": [["1000", "20000"]]}, "arrayset_sample_writes.HDF5_00.track_repo_size_uint16_samples": {"result": [7421505, 145502185], "params": [["1000", "20000"]]}, "arrayset_sample_writes.NUMPY_10.track_repo_size_float32_samples": {"result": [40545910, 808457718], "params": [["1000", "20000"]]}, "arrayset_sample_writes.NUMPY_10.track_repo_size_uint16_samples": {"result": [20554102, 408334838], "params": [["1000", "20000"]]}}, "params": {"arch": "x86_64", "cpu": "Intel(R) Xeon(R) CPU @ 2.30GHz (8 cores)", "machine": "hangar-benchmarks", "num_cpu": "8", "os": "Linux 5.0.0-1021-gcp", "ram": "30873004", "python": "3.7"}, "requirements": {}, "commit_hash": "c64f32fb1ac7825ba82588fb87de51a29e581fdd", "date": 1568099763000, "env_name": "virtualenv-py3.7", "python": "3.7", "profiles": {}, "started_at": {"arrayset_sample_reads.HDF5_00.time_read_float32_20000_samples": 1572129730113, "arrayset_sample_reads.HDF5_00.time_read_uint16_20000_samples": 1572129747513, "arrayset_sample_reads.NUMPY_10.time_read_float32_20000_samples": 1572129765159, "arrayset_sample_reads.NUMPY_10.time_read_uint16_20000_samples": 1572129767317, "arrayset_sample_writes.HDF5_00.time_add_float32_samples": 1572129769066, "arrayset_sample_writes.HDF5_00.time_add_uint16_samples": 1572129784865, "arrayset_sample_writes.NUMPY_10.time_add_float32_samples": 1572129824949, "arrayset_sample_writes.NUMPY_10.time_add_uint16_samples": 1572129833833, "package.TimeImport.time_import": 1572129850503, "arrayset_sample_reads.HDF5_00.peakmem_read_float32_20000_samples": 1572129713211, "arrayset_sample_reads.HDF5_00.peakmem_read_uint16_20000_samples": 1572129722189, "arrayset_sample_reads.NUMPY_10.peakmem_read_float32_20000_samples": 1572129762596, "arrayset_sample_reads.NUMPY_10.peakmem_read_uint16_20000_samples": 1572129764053, "arrayset_sample_writes.HDF5_00.track_repo_size_float32_samples": 1572129798508, "arrayset_sample_writes.HDF5_00.track_repo_size_uint16_samples": 1572129812355, "arrayset_sample_writes.NUMPY_10.track_repo_size_float32_samples": 1572129839207, "arrayset_sample_writes.NUMPY_10.track_repo_size_uint16_samples": 1572129846134}, "ended_at": {"arrayset_sample_reads.HDF5_00.time_read_float32_20000_samples": 1572129747512, "arrayset_sample_reads.HDF5_00.time_read_uint16_20000_samples": 1572129762556, "arrayset_sample_reads.NUMPY_10.time_read_float32_20000_samples": 1572129767317, "arrayset_sample_reads.NUMPY_10.time_read_uint16_20000_samples": 1572129768924, "arrayset_sample_writes.HDF5_00.time_add_float32_samples": 1572129784864, "arrayset_sample_writes.HDF5_00.time_add_uint16_samples": 1572129798507, "arrayset_sample_writes.NUMPY_10.time_add_float32_samples": 1572129833833, "arrayset_sample_writes.NUMPY_10.time_add_uint16_samples": 1572129839206,