{"results": {"arrayset_sample_reads.HDF5_00.time_read_float32_20000_samples": {"result": [8.369237142000202], "stats": [{"ci_99": [7.663612641994405, 9.074861642005999], "q_25": 8.362180897000144, "q_75": 8.37629338700026, "min": 8.355124652000086, "max": 8.383349632000318, "mean": 8.369237142000202, "std": 0.01411249000011594, "repeat": 2, "number": 2}]}, "arrayset_sample_reads.HDF5_00.time_read_uint16_20000_samples": {"result": [7.255274424000163], "stats": [{"ci_99": [5.916547549003553, 8.594001298996771], "q_25": 7.241887155250197, "q_75": 7.268661692750129, "min": 7.228499886500231, "max": 7.282048961500095, "mean": 7.255274424000163, "std": 0.026774537499932194, "repeat": 2, "number": 2}]}, "arrayset_sample_reads.NUMPY_10.time_read_float32_20000_samples": {"result": [0.7742687267500514], "stats": [{"ci_99": [0.26501951425416337, 1.283517939245939], "q_25": 0.7691762346250925, "q_75": 0.7793612188750103, "min": 0.7640837425001337, "max": 0.7844537109999692, "mean": 0.7742687267500514, "std": 0.010184984249917761, "repeat": 2, "number": 2}]}, "arrayset_sample_reads.NUMPY_10.time_read_uint16_20000_samples": {"result": [0.5088189649998185], "stats": [{"ci_99": [0.46490126500225415, 0.5527366649973828], "q_25": 0.5083797879998428, "q_75": 0.5092581419997941, "min": 0.5079406109998672, "max": 0.5096973189997698, "mean": 0.5088189649998185, "std": 0.0008783539999512868, "repeat": 2, "number": 2}]}, "arrayset_sample_writes.HDF5_00.time_add_float32_samples": {"result": [0.4000589335000768, 7.431379459249911], "stats": [{"ci_99": [0.3924189084991667, 0.4076989585009869], "q_25": 0.3999825332500677, "q_75": 0.4001353337500859, "min": 0.3999061330000586, "max": 0.400211734000095, "mean": 0.4000589335000768, "std": 0.000152800500018202, "repeat": 2, "number": 2}, {"ci_99": [6.402865171740814, 8.459893746759008], "q_25": 7.42109431637482, "q_75": 7.441664602125002, "min": 7.410809173499729, "max": 7.451949745000093, "mean": 7.431379459249911, "std": 0.020570285750181938, "repeat": 2, "number": 2}], "params": [["1000", "20000"]]}, "arrayset_sample_writes.HDF5_00.time_add_uint16_samples": {"result": [0.3403957477498807, 6.378825733249869], "stats": [{"ci_99": [0.15693083525684415, 0.523860660242917], "q_25": 0.3385610986249503, "q_75": 0.34223039687481105, "min": 0.33672644950001995, "max": 0.3440650459997414, "mean": 0.3403957477498807, "std": 0.0036692982498607307, "repeat": 2, "number": 2}, {"ci_99": [6.251456595750824, 6.506194870748914], "q_25": 6.377552041874878, "q_75": 6.380099424624859, "min": 6.376278350499888, "max": 6.38137311599985, "mean": 6.378825733249869, "std": 0.0025473827499808976, "repeat": 2, "number": 2}], "params": [["1000", "20000"]]}, "arrayset_sample_writes.NUMPY_10.time_add_float32_samples": {"result": [0.2143033097499938, 4.119390714749898], "stats": [{"ci_99": [0.2000108222464405, 0.22859579725354706], "q_25": 0.21416038487495825, "q_75": 0.21444623462502932, "min": 0.21401745999992272, "max": 0.21458915950006485, "mean": 0.2143033097499938, "std": 0.0002858497500710655, "repeat": 2, "number": 2}, {"ci_99": [2.7894318022572406, 5.449349627242554], "q_25": 4.106091125624971, "q_75": 4.132690303874824, "min": 4.0927915365000445, "max": 4.145989892999751, "mean": 4.119390714749898, "std": 0.02659917824985314, "repeat": 2, "number": 2}], "params": [["1000", "20000"]]}, "arrayset_sample_writes.NUMPY_10.time_add_uint16_samples": {"result": [0.12738889349998317, 2.4539907647499604], "stats": [{"ci_99": [0.05963116849693506, 0.19514661850303122], "q_25": 0.1267113162499527, "q_75": 0.12806647075001365, "min": 0.1260337389999222, "max": 0.12874404800004413, "mean": 0.12738889349998317, "std": 0.0013551545000609622, "repeat": 2, "number": 2}, {"ci_99": [2.2506150522508506, 2.65736647724907], "q_25": 2.4519570076249693, "q_75": 2.4560245218749515, "min": 2.449923250499978, "max": 2.4580582789999426, "mean": 2.4539907647499604, "std": 0.004067514249982196, "repeat": 2, "number": 2}], "params": [["1000", "20000"]]}, "package.TimeImport.time_import": {"result": [0.495837292500255], "stats": [{"ci_99": [0.4878173010001774, 0.5344852880007238], "q_25": 0.4917861425005867, "q_75": 0.5069091677501092, "min": 0.4878173010001774, "max": 0.5344852880007238, "mean": 0.5008883227002116, "std": 0.013595309335435395, "repeat": 10, "number": 1}]}, "arrayset_sample_reads.HDF5_00.peakmem_read_float32_20000_samples": 77639680, "arrayset_sample_reads.HDF5_00.peakmem_read_uint16_20000_samples": 77590528, "arrayset_sample_reads.NUMPY_10.peakmem_read_float32_20000_samples": 872148992, "arrayset_sample_reads.NUMPY_10.peakmem_read_uint16_20000_samples": 474177536, "arrayset_sample_writes.HDF5_00.track_repo_size_float32_samples": {"result": [11181652, 157380865], "params": [["1000", "20000"]]}, "arrayset_sample_writes.HDF5_00.track_repo_size_uint16_samples": {"result": [7421505, 145502185], "params": [["1000", "20000"]]}, "arrayset_sample_writes.NUMPY_10.track_repo_size_float32_samples": {"result": [40545910, 808457718], "params": [["1000", "20000"]]}, "arrayset_sample_writes.NUMPY_10.track_repo_size_uint16_samples": {"result": [20554102, 408334838], "params": [["1000", "20000"]]}}, "params": {"arch": "x86_64", "cpu": "Intel(R) Xeon(R) CPU @ 2.30GHz (8 cores)", "machine": "hangar-benchmarks", "num_cpu": "8", "os": "Linux 5.0.0-1021-gcp", "ram": "30873004", "python": "3.7"}, "requirements": {}, "commit_hash": "d337bec48adc025a63b88958a4aef15792bd4182", "date": 1568101534000, "env_name": "virtualenv-py3.7", "python": "3.7", "profiles": {}, "started_at": {"arrayset_sample_reads.HDF5_00.time_read_float32_20000_samples": 1572129466724, "arrayset_sample_reads.HDF5_00.time_read_uint16_20000_samples": 1572129484023, "arrayset_sample_reads.NUMPY_10.time_read_float32_20000_samples": 1572129501720, "arrayset_sample_reads.NUMPY_10.time_read_uint16_20000_samples": 1572129503879, "arrayset_sample_writes.HDF5_00.time_add_float32_samples": 1572129505630, "arrayset_sample_writes.HDF5_00.time_add_uint16_samples": 1572129521491, "arrayset_sample_writes.NUMPY_10.time_add_float32_samples": 1572129561671, "arrayset_sample_writes.NUMPY_10.time_add_uint16_samples": 1572129570653, "package.TimeImport.time_import": 1572129587319, "arrayset_sample_reads.HDF5_00.peakmem_read_float32_20000_samples": 1572129450125, "arrayset_sample_reads.HDF5_00.peakmem_read_uint16_20000_samples": 1572129459001, "arrayset_sample_reads.NUMPY_10.peakmem_read_float32_20000_samples": 1572129499107, "arrayset_sample_reads.NUMPY_10.peakmem_read_uint16_20000_samples": 1572129500564, "arrayset_sample_writes.HDF5_00.track_repo_size_float32_samples": 1572129535137, "arrayset_sample_writes.HDF5_00.track_repo_size_uint16_samples": 1572129548981, "arrayset_sample_writes.NUMPY_10.track_repo_size_float32_samples": 1572129576024, "arrayset_sample_writes.NUMPY_10.track_repo_size_uint16_samples": 1572129582949}, "ended_at": {"arrayset_sample_reads.HDF5_00.time_read_float32_20000_samples": 1572129484023, "arrayset_sample_reads.HDF5_00.time_read_uint16_20000_samples": 1572129499067, "arrayset_sample_reads.NUMPY_10.time_read_float32_20000_samples": 1572129503879, "arrayset_sample_reads.NUMPY_10.time_read_uint16_20000_samples": 1572129505486, "arrayset_sample_writes.HDF5_00.time_add_float32_samples": 1572129521489, "arrayset_sample_writes.HDF5_00.time_add_uint16_samples": 1572129535136, "arrayset_sample_writes.NUMPY_10.time_add_float32_samples": 1572129570652, "arrayset_sample_writes.NUMPY_10.time_add_uint16_samples": 1572129576023,