{"results": {"arrayset_sample_reads.HDF5_00.time_read_float32_20000_samples": {"result": [8.302130138500047], "stats": [{"ci_99": [7.7004093634938044, 8.90385091350629], "q_25": 8.296112930749985, "q_75": 8.30814734625011, "min": 8.290095722999922, "max": 8.314164554000172, "mean": 8.302130138500047, "std": 0.012034415500124851, "repeat": 2, "number": 2}]}, "arrayset_sample_reads.HDF5_00.time_read_uint16_20000_samples": {"result": [7.142388969249964], "stats": [{"ci_99": [6.85464838174596, 7.430129556753968], "q_25": 7.139511563374924, "q_75": 7.145266375125004, "min": 7.136634157499884, "max": 7.148143781000044, "mean": 7.142388969249964, "std": 0.00575481175008008, "repeat": 2, "number": 2}]}, "arrayset_sample_reads.NUMPY_10.time_read_float32_20000_samples": {"result": [0.7737738034999211], "stats": [{"ci_99": [0.5904926034967275, 0.9570550035031145], "q_25": 0.7719409914998892, "q_75": 0.775606615499953, "min": 0.7701081794998572, "max": 0.777439427499985, "mean": 0.7737738034999211, "std": 0.003665624000063872, "repeat": 2, "number": 2}]}, "arrayset_sample_reads.NUMPY_10.time_read_uint16_20000_samples": {"result": [0.4953785552499994], "stats": [{"ci_99": [0.41202204274509313, 0.5787350677549056], "q_25": 0.49454499012495035, "q_75": 0.49621212037504847, "min": 0.4937114249999013, "max": 0.49704568550009753, "mean": 0.4953785552499994, "std": 0.0016671302500981255, "repeat": 2, "number": 2}]}, "arrayset_sample_writes.HDF5_00.time_add_float32_samples": {"result": [0.4024961212500102, 7.431328692999955], "stats": [{"ci_99": [0.2778379087479834, 0.5271543337520369], "q_25": 0.40124953912498995, "q_75": 0.4037427033750305, "min": 0.4000029569999697, "max": 0.40498928550005076, "mean": 0.4024961212500102, "std": 0.002493164250040536, "repeat": 2, "number": 2}, {"ci_99": [6.998015118003991, 7.864642267995919], "q_25": 7.426995557249995, "q_75": 7.4356618287499145, "min": 7.422662421500036, "max": 7.439994964499874, "mean": 7.431328692999955, "std": 0.008666271499919276, "repeat": 2, "number": 2}], "params": [["1000", "20000"]]}, "arrayset_sample_writes.HDF5_00.time_add_uint16_samples": {"result": [0.3391601255000296, 6.409008382500019], "stats": [{"ci_99": [0.04995690050259327, 0.6283633504974657], "q_25": 0.33626809325005524, "q_75": 0.34205215775000397, "min": 0.3333760610000809, "max": 0.34494418999997833, "mean": 0.3391601255000296, "std": 0.005784064499948727, "repeat": 2, "number": 2}, {"ci_99": [5.841764132507137, 6.976252632492901], "q_25": 6.40333594000009, "q_75": 6.414680824999948, "min": 6.397663497500162, "max": 6.420353267499877, "mean": 6.409008382500019, "std": 0.01134488499985764, "repeat": 2, "number": 2}], "params": [["1000", "20000"]]}, "arrayset_sample_writes.NUMPY_10.time_add_float32_samples": {"result": [0.21598654100000658, 4.131806466750049], "stats": [{"ci_99": [0.12403661600399118, 0.30793646599602187], "q_25": 0.21506704175004643, "q_75": 0.21690604024996674, "min": 0.21414754250008627, "max": 0.2178255394999269, "mean": 0.21598654100000658, "std": 0.001838998499920308, "repeat": 2, "number": 2}, {"ci_99": [3.392241729249463, 4.871371204250635], "q_25": 4.1244108193750435, "q_75": 4.139202114125055, "min": 4.117015172000038, "max": 4.146597761500061, "mean": 4.131806466750049, "std": 0.01479129475001173, "repeat": 2, "number": 2}], "params": [["1000", "20000"]]}, "arrayset_sample_writes.NUMPY_10.time_add_uint16_samples": {"result": [0.130779246500083, 2.483037332749973], "stats": [{"ci_99": [-0.039105853495698284, 0.30066434649586415], "q_25": 0.12908039550012518, "q_75": 0.1324780975000408, "min": 0.12738154450016737, "max": 0.13417694849999862, "mean": 0.130779246500083, "std": 0.0033977019999156255, "repeat": 2, "number": 2}, {"ci_99": [2.3629757952544423, 2.6030988702455033], "q_25": 2.4818367173750175, "q_75": 2.484237948124928, "min": 2.4806361020000622, "max": 2.4854385634998835, "mean": 2.483037332749973, "std": 0.00240123074991061, "repeat": 2, "number": 2}], "params": [["1000", "20000"]]}, "package.TimeImport.time_import": {"result": [0.47301508899977307], "stats": [{"ci_99": [0.467712856000162, 0.4974791559998266], "q_25": 0.47197454000001926, "q_75": 0.48893799350003064, "min": 0.467712856000162, "max": 0.4974791559998266, "mean": 0.47871166889999583, "std": 0.011139528078641187, "repeat": 10, "number": 1}]}, "arrayset_sample_reads.HDF5_00.peakmem_read_float32_20000_samples": 77336576, "arrayset_sample_reads.HDF5_00.peakmem_read_uint16_20000_samples": 77332480, "arrayset_sample_reads.NUMPY_10.peakmem_read_float32_20000_samples": 872177664, "arrayset_sample_reads.NUMPY_10.peakmem_read_uint16_20000_samples": 473956352, "arrayset_sample_writes.HDF5_00.track_repo_size_float32_samples": {"result": [11181662, 157380875], "params": [["1000", "20000"]]}, "arrayset_sample_writes.HDF5_00.track_repo_size_uint16_samples": {"result": [7421515, 145502195], "params": [["1000", "20000"]]}, "arrayset_sample_writes.NUMPY_10.track_repo_size_float32_samples": {"result": [40545920, 808457728], "params": [["1000", "20000"]]}, "arrayset_sample_writes.NUMPY_10.track_repo_size_uint16_samples": {"result": [20554112, 408334848], "params": [["1000", "20000"]]}}, "params": {"arch": "x86_64", "cpu": "Intel(R) Xeon(R) CPU @ 2.30GHz (8 cores)", "machine": "hangar-benchmarks", "num_cpu": "8", "os": "Linux 5.0.0-1021-gcp", "ram": "30873004", "python": "3.7"}, "requirements": {}, "commit_hash": "e1b05834b624da030cc91ea0253d72afb65ee73b", "date": 1571123217000, "env_name": "virtualenv-py3.7", "python": "3.7", "profiles": {}, "started_at": {"arrayset_sample_reads.HDF5_00.time_read_float32_20000_samples": 1572127150930, "arrayset_sample_reads.HDF5_00.time_read_uint16_20000_samples": 1572127168134, "arrayset_sample_reads.NUMPY_10.time_read_float32_20000_samples": 1572127185680, "arrayset_sample_reads.NUMPY_10.time_read_uint16_20000_samples": 1572127187840, "arrayset_sample_writes.HDF5_00.time_add_float32_samples": 1572127189589, "arrayset_sample_writes.HDF5_00.time_add_uint16_samples": 1572127205437, "arrayset_sample_writes.NUMPY_10.time_add_float32_samples": 1572127245512, "arrayset_sample_writes.NUMPY_10.time_add_uint16_samples": 1572127254443, "package.TimeImport.time_import": 1572127271106, "arrayset_sample_reads.HDF5_00.peakmem_read_float32_20000_samples": 1572127134280, "arrayset_sample_reads.HDF5_00.peakmem_read_uint16_20000_samples": 1572127143156, "arrayset_sample_reads.NUMPY_10.peakmem_read_float32_20000_samples": 1572127183067, "arrayset_sample_reads.NUMPY_10.peakmem_read_uint16_20000_samples": 1572127184524, "arrayset_sample_writes.HDF5_00.track_repo_size_float32_samples": 1572127219130, "arrayset_sample_writes.HDF5_00.track_repo_size_uint16_samples": 1572127232923, "arrayset_sample_writes.NUMPY_10.track_repo_size_float32_samples": 1572127259864, "arrayset_sample_writes.NUMPY_10.track_repo_size_uint16_samples": 1572127266738}, "ended_at": {"arrayset_sample_reads.HDF5_00.time_read_float32_20000_samples": 1572127168133, "arrayset_sample_reads.HDF5_00.time_read_uint16_20000_samples": 1572127183028, "arrayset_sample_reads.NUMPY_10.time_read_float32_20000_samples": 1572127187839, "arrayset_sample_reads.NUMPY_10.time_read_uint16_20000_samples": 1572127189447, "arrayset_sample_writes.HDF5_00.time_add_float32_samples": 1572127205436, "arrayset_sample_writes.HDF5_00.time_add_uint16_samples": 1572127219129, "arrayset_sample_writes.NUMPY_10.time_add_float32_samples": 1572127254442, "arrayset_sample_writes.NUMPY_10.time_add_uint16_samples": 1572127259863,