{"results": {"arrayset_sample_reads.HDF5_00.time_read_float32_20000_samples": {"result": [8.376654117500038], "stats": [{"ci_99": [7.4684370674949605, 9.284871167505116], "q_25": 8.367571946999988, "q_75": 8.38573628800009, "min": 8.358489776499937, "max": 8.39481845850014, "mean": 8.376654117500038, "std": 0.018164341000101558, "repeat": 2, "number": 2}]}, "arrayset_sample_reads.HDF5_00.time_read_uint16_20000_samples": {"result": [7.25364783824989], "stats": [{"ci_99": [6.95399037574407, 7.55330530075571], "q_25": 7.250651263624832, "q_75": 7.256644412874948, "min": 7.2476546889997735, "max": 7.259640987500006, "mean": 7.25364783824989, "std": 0.005993149250116403, "repeat": 2, "number": 2}]}, "arrayset_sample_reads.NUMPY_10.time_read_float32_20000_samples": {"result": [0.7605927430001884], "stats": [{"ci_99": [0.6655920679970677, 0.855593418003309], "q_25": 0.7596427362501572, "q_75": 0.7615427497502196, "min": 0.758692729500126, "max": 0.7624927565002508, "mean": 0.7605927430001884, "std": 0.001900013500062414, "repeat": 2, "number": 2}]}, "arrayset_sample_reads.NUMPY_10.time_read_uint16_20000_samples": {"result": [0.49170610700002726], "stats": [{"ci_99": [0.3226635320015703, 0.6607486819984841], "q_25": 0.4900156812500427, "q_75": 0.49339653275001183, "min": 0.4883252555000581, "max": 0.4950869584999964, "mean": 0.49170610700002726, "std": 0.0033808514999691397, "repeat": 2, "number": 2}]}, "arrayset_sample_writes.HDF5_00.time_add_float32_samples": {"result": [0.4026284349997695, 7.34036631874983], "stats": [{"ci_99": [0.35130235999577053, 0.45395451000376846], "q_25": 0.40211517424972953, "q_75": 0.4031416957498095, "min": 0.40160191349968954, "max": 0.4036549564998495, "mean": 0.4026284349997695, "std": 0.0010265215000799799, "repeat": 2, "number": 2}, {"ci_99": [7.185481831255174, 7.495250806244485], "q_25": 7.338817473874883, "q_75": 7.341915163624776, "min": 7.3372686289999365, "max": 7.343464008499723, "mean": 7.34036631874983, "std": 0.0030976897498931066, "repeat": 2, "number": 2}], "params": [["1000", "20000"]]}, "arrayset_sample_writes.HDF5_00.time_add_uint16_samples": {"result": [0.3336463630000708, 6.34564824149993], "stats": [{"ci_99": [0.20867933798967897, 0.4586133880104625], "q_25": 0.33239669274996686, "q_75": 0.3348960332501747, "min": 0.33114702249986294, "max": 0.3361457035002786, "mean": 0.3336463630000708, "std": 0.002499340500207836, "repeat": 2, "number": 2}, {"ci_99": [6.189828741508336, 6.501467741491524], "q_25": 6.344090046500014, "q_75": 6.347206436499846, "min": 6.342531851500098, "max": 6.348764631499762, "mean": 6.34564824149993, "std": 0.003116389999831881, "repeat": 2, "number": 2}], "params": [["1000", "20000"]]}, "arrayset_sample_writes.NUMPY_10.time_add_float32_samples": {"result": [0.21396760824995908, 4.111924697000177], "stats": [{"ci_99": [0.20213124573797359, 0.22580397076194458], "q_25": 0.21384924462483923, "q_75": 0.21408597187507894, "min": 0.21373088099971937, "max": 0.2142043355001988, "mean": 0.21396760824995908, "std": 0.00023672725023970997, "repeat": 2, "number": 2}, {"ci_99": [1.0386530720015799, 7.185196321998771], "q_25": 4.081191980750191, "q_75": 4.142657413250163, "min": 4.050459264500205, "max": 4.173390129500149, "mean": 4.111924697000177, "std": 0.06146543249997194, "repeat": 2, "number": 2}], "params": [["1000", "20000"]]}, "arrayset_sample_writes.NUMPY_10.time_add_uint16_samples": {"result": [0.12519354350001777, 2.4621609215000717], "stats": [{"ci_99": [0.08317466851008248, 0.16721241848995302], "q_25": 0.12477335475011841, "q_75": 0.12561373224991712, "min": 0.12435316600021906, "max": 0.12603392099981647, "mean": 0.12519354350001777, "std": 0.0008403774997987057, "repeat": 2, "number": 2}, {"ci_99": [0.8301421214991933, 4.094179721500948], "q_25": 2.445840733500063, "q_75": 2.4784811095000805, "min": 2.429520545500054, "max": 2.4948012975000893, "mean": 2.4621609215000717, "std": 0.03264037600001757, "repeat": 2, "number": 2}], "params": [["1000", "20000"]]}, "package.TimeImport.time_import": {"result": [0.497018137500163], "stats": [{"ci_99": [0.48946115500075393, 0.523939734999658], "q_25": 0.49288715125021554, "q_75": 0.5019910269995762, "min": 0.48946115500075393, "max": 0.523939734999658, "mean": 0.4992629422999926, "std": 0.00955924013510315, "repeat": 10, "number": 1}]}, "arrayset_sample_reads.HDF5_00.peakmem_read_float32_20000_samples": 77996032, "arrayset_sample_reads.HDF5_00.peakmem_read_uint16_20000_samples": 78041088, "arrayset_sample_reads.NUMPY_10.peakmem_read_float32_20000_samples": 872202240, "arrayset_sample_reads.NUMPY_10.peakmem_read_uint16_20000_samples": 474181632, "arrayset_sample_writes.HDF5_00.track_repo_size_float32_samples": {"result": [11181652, 157380865], "params": [["1000", "20000"]]}, "arrayset_sample_writes.HDF5_00.track_repo_size_uint16_samples": {"result": [7421505, 145502185], "params": [["1000", "20000"]]}, "arrayset_sample_writes.NUMPY_10.track_repo_size_float32_samples": {"result": [40545910, 808457718], "params": [["1000", "20000"]]}, "arrayset_sample_writes.NUMPY_10.track_repo_size_uint16_samples": {"result": [20554102, 408334838], "params": [["1000", "20000"]]}}, "params": {"arch": "x86_64", "cpu": "Intel(R) Xeon(R) CPU @ 2.30GHz (8 cores)", "machine": "hangar-benchmarks", "num_cpu": "8", "os": "Linux 5.0.0-1021-gcp", "ram": "30873004", "python": "3.7"}, "requirements": {}, "commit_hash": "e2c7a89ccb9ddb379e8a3fa8f20dae20fcfb6345", "date": 1570518622000, "env_name": "virtualenv-py3.7", "python": "3.7", "profiles": {}, "started_at": {"arrayset_sample_reads.HDF5_00.time_read_float32_20000_samples": 1572127941392, "arrayset_sample_reads.HDF5_00.time_read_uint16_20000_samples": 1572127958691, "arrayset_sample_reads.NUMPY_10.time_read_float32_20000_samples": 1572127976344, "arrayset_sample_reads.NUMPY_10.time_read_uint16_20000_samples": 1572127978503, "arrayset_sample_writes.HDF5_00.time_add_float32_samples": 1572127980252, "arrayset_sample_writes.HDF5_00.time_add_uint16_samples": 1572127995951, "arrayset_sample_writes.NUMPY_10.time_add_float32_samples": 1572128035881, "arrayset_sample_writes.NUMPY_10.time_add_uint16_samples": 1572128044912, "package.TimeImport.time_import": 1572128061425, "arrayset_sample_reads.HDF5_00.peakmem_read_float32_20000_samples": 1572127924642, "arrayset_sample_reads.HDF5_00.peakmem_read_uint16_20000_samples": 1572127933518, "arrayset_sample_reads.NUMPY_10.peakmem_read_float32_20000_samples": 1572127973831, "arrayset_sample_reads.NUMPY_10.peakmem_read_uint16_20000_samples": 1572127975238, "arrayset_sample_writes.HDF5_00.track_repo_size_float32_samples": 1572128009494, "arrayset_sample_writes.HDF5_00.track_repo_size_uint16_samples": 1572128023286, "arrayset_sample_writes.NUMPY_10.track_repo_size_float32_samples": 1572128050333, "arrayset_sample_writes.NUMPY_10.track_repo_size_uint16_samples": 1572128057157}, "ended_at": {"arrayset_sample_reads.HDF5_00.time_read_float32_20000_samples": 1572127958691, "arrayset_sample_reads.HDF5_00.time_read_uint16_20000_samples": 1572127973791, "arrayset_sample_reads.NUMPY_10.time_read_float32_20000_samples": 1572127978502, "arrayset_sample_reads.NUMPY_10.time_read_uint16_20000_samples": 1572127980110, "arrayset_sample_writes.HDF5_00.time_add_float32_samples": 1572127995950, "arrayset_sample_writes.HDF5_00.time_add_uint16_samples": 1572128009493, "arrayset_sample_writes.NUMPY_10.time_add_float32_samples": 1572128044912, "arrayset_sample_writes.NUMPY_10.time_add_uint16_samples": 1572128050332,