{"results": {"arrayset_sample_reads.HDF5_00.time_read_float32_20000_samples": {"result": [8.438135059999922], "stats": [{"ci_99": [7.513433210000812, 9.362836909999032], "q_25": 8.428888041499931, "q_75": 8.447382078499913, "min": 8.41964102299994, "max": 8.456629096999905, "mean": 8.438135059999922, "std": 0.0184940369999822, "repeat": 2, "number": 2}]}, "arrayset_sample_reads.HDF5_00.time_read_uint16_20000_samples": {"result": [7.290058316499994], "stats": [{"ci_99": [7.14276624149818, 7.437350391501809], "q_25": 7.288585395749976, "q_75": 7.2915312372500125, "min": 7.287112474999958, "max": 7.293004158000031, "mean": 7.290058316499994, "std": 0.0029458415000362947, "repeat": 2, "number": 2}]}, "arrayset_sample_reads.NUMPY_10.time_read_float32_20000_samples": {"result": [0.7799643952499764], "stats": [{"ci_99": [0.557423582754268, 1.0025052077456846], "q_25": 0.7777389871250193, "q_75": 0.7821898033749335, "min": 0.7755135790000622, "max": 0.7844152114998906, "mean": 0.7799643952499764, "std": 0.004450816249914169, "repeat": 2, "number": 2}]}, "arrayset_sample_reads.NUMPY_10.time_read_uint16_20000_samples": {"result": [0.5026397227500183], "stats": [{"ci_99": [0.18481771024494265, 0.8204617352550938], "q_25": 0.4994615026249676, "q_75": 0.5058179428750691, "min": 0.4962832824999168, "max": 0.5089961630001199, "mean": 0.5026397227500183, "std": 0.006356440250101514, "repeat": 2, "number": 2}]}, "arrayset_sample_writes.HDF5_00.time_add_float32_samples": {"result": [0.40765001750003194, 7.498923536749999], "stats": [{"ci_99": [0.3609301425041167, 0.4543698924959471], "q_25": 0.4071828187500728, "q_75": 0.4081172162499911, "min": 0.40671562000011363, "max": 0.40858441499995024, "mean": 0.40765001750003194, "std": 0.0009343974999183047, "repeat": 2, "number": 2}, {"ci_99": [6.163812299255142, 8.834034774244854], "q_25": 7.48557242437505, "q_75": 7.512274649124947, "min": 7.4722213120001015, "max": 7.525625761499896, "mean": 7.498923536749999, "std": 0.02670222474989714, "repeat": 2, "number": 2}], "params": [["1000", "20000"]]}, "arrayset_sample_writes.HDF5_00.time_add_uint16_samples": {"result": [0.3362595522499987, 6.4749701114999425], "stats": [{"ci_99": [0.18087131474510443, 0.49164778975489287], "q_25": 0.33470566987494976, "q_75": 0.33781343462504765, "min": 0.3331517874999008, "max": 0.3393673170000966, "mean": 0.3362595522499987, "std": 0.0031077647500978856, "repeat": 2, "number": 2}, {"ci_99": [6.2442237864922845, 6.7057164365076005], "q_25": 6.472662648249866, "q_75": 6.477277574750019, "min": 6.470355184999789, "max": 6.479585038000096, "mean": 6.4749701114999425, "std": 0.00461492650015316, "repeat": 2, "number": 2}], "params": [["1000", "20000"]]}, "arrayset_sample_writes.NUMPY_10.time_add_float32_samples": {"result": [0.21937351425003726, 4.20151498375003], "stats": [{"ci_99": [0.15289330174846327, 0.2858537267516112], "q_25": 0.21870871212502152, "q_75": 0.220038316375053, "min": 0.21804391000000578, "max": 0.22070311850006874, "mean": 0.21937351425003726, "std": 0.0013296042500314798, "repeat": 2, "number": 2}, {"ci_99": [4.077086296247899, 4.325943671252162], "q_25": 4.200270696875009, "q_75": 4.202759270625052, "min": 4.199026409999988, "max": 4.204003557500073, "mean": 4.20151498375003, "std": 0.002488573750042633, "repeat": 2, "number": 2}], "params": [["1000", "20000"]]}, "arrayset_sample_writes.NUMPY_10.time_add_uint16_samples": {"result": [0.13327762225003426, 2.4940056167499733], "stats": [{"ci_99": [-0.07982831524600442, 0.3463835597460727], "q_25": 0.13114656287507387, "q_75": 0.13540868162499464, "min": 0.12901550350011348, "max": 0.13753974099995503, "mean": 0.13327762225003426, "std": 0.0042621187499207736, "repeat": 2, "number": 2}, {"ci_99": [2.137268854248987, 2.8507423792509594], "q_25": 2.4904382491249635, "q_75": 2.497572984374983, "min": 2.4868708814999536, "max": 2.501140351999993, "mean": 2.4940056167499733, "std": 0.00713473525001973, "repeat": 2, "number": 2}], "params": [["1000", "20000"]]}, "package.TimeImport.time_import": {"result": [0.4810542075001649], "stats": [{"ci_99": [0.4744455640002343, 0.5059259630002089], "q_25": 0.4793197457501037, "q_75": 0.48327261824988454, "min": 0.4744455640002343, "max": 0.5059259630002089, "mean": 0.48313882340012243, "std": 0.008394803154790504, "repeat": 10, "number": 1}]}, "arrayset_sample_reads.HDF5_00.peakmem_read_float32_20000_samples": 77303808, "arrayset_sample_reads.HDF5_00.peakmem_read_uint16_20000_samples": 77312000, "arrayset_sample_reads.NUMPY_10.peakmem_read_float32_20000_samples": 871632896, "arrayset_sample_reads.NUMPY_10.peakmem_read_uint16_20000_samples": 473780224, "arrayset_sample_writes.HDF5_00.track_repo_size_float32_samples": {"result": [11181662, 157376803], "params": [["1000", "20000"]]}, "arrayset_sample_writes.HDF5_00.track_repo_size_uint16_samples": {"result": [7421516, 145498023], "params": [["1000", "20000"]]}, "arrayset_sample_writes.NUMPY_10.track_repo_size_float32_samples": {"result": [40545920, 808478208], "params": [["1000", "20000"]]}, "arrayset_sample_writes.NUMPY_10.track_repo_size_uint16_samples": {"result": [20558208, 408347136], "params": [["1000", "20000"]]}}, "params": {"arch": "x86_64", "cpu": "Intel(R) Xeon(R) CPU @ 2.30GHz (8 cores)", "machine": "hangar-benchmarks", "num_cpu": "8", "os": "Linux 5.0.0-1021-gcp", "ram": "30873004", "python": "3.7"}, "requirements": {}, "commit_hash": "e7d2e120672786895c8b34f5dd14750f6388f714", "date": 1571241780000, "env_name": "virtualenv-py3.7", "python": "3.7", "profiles": {}, "started_at": {"arrayset_sample_reads.HDF5_00.time_read_float32_20000_samples": 1572126625114, "arrayset_sample_reads.HDF5_00.time_read_uint16_20000_samples": 1572126642565, "arrayset_sample_reads.NUMPY_10.time_read_float32_20000_samples": 1572126660412, "arrayset_sample_reads.NUMPY_10.time_read_uint16_20000_samples": 1572126662621, "arrayset_sample_writes.HDF5_00.time_add_float32_samples": 1572126664370, "arrayset_sample_writes.HDF5_00.time_add_uint16_samples": 1572126680421, "arrayset_sample_writes.NUMPY_10.time_add_float32_samples": 1572126720901, "arrayset_sample_writes.NUMPY_10.time_add_uint16_samples": 1572126729988, "package.TimeImport.time_import": 1572126746754, "arrayset_sample_reads.HDF5_00.peakmem_read_float32_20000_samples": 1572126608262, "arrayset_sample_reads.HDF5_00.peakmem_read_uint16_20000_samples": 1572126617240, "arrayset_sample_reads.NUMPY_10.peakmem_read_float32_20000_samples": 1572126657799, "arrayset_sample_reads.NUMPY_10.peakmem_read_uint16_20000_samples": 1572126659256, "arrayset_sample_writes.HDF5_00.track_repo_size_float32_samples": 1572126694215, "arrayset_sample_writes.HDF5_00.track_repo_size_uint16_samples": 1572126708159, "arrayset_sample_writes.NUMPY_10.track_repo_size_float32_samples": 1572126735460, "arrayset_sample_writes.NUMPY_10.track_repo_size_uint16_samples": 1572126742384}, "ended_at": {"arrayset_sample_reads.HDF5_00.time_read_float32_20000_samples": 1572126642565, "arrayset_sample_reads.HDF5_00.time_read_uint16_20000_samples": 1572126657760, "arrayset_sample_reads.NUMPY_10.time_read_float32_20000_samples": 1572126662621, "arrayset_sample_reads.NUMPY_10.time_read_uint16_20000_samples": 1572126664228, "arrayset_sample_writes.HDF5_00.time_add_float32_samples": 1572126680420, "arrayset_sample_writes.HDF5_00.time_add_uint16_samples": 1572126694214, "arrayset_sample_writes.NUMPY_10.time_add_float32_samples": 1572126729988, "arrayset_sample_writes.NUMPY_10.time_add_uint16_samples": 1572126735459,