{"results": {"arrayset_sample_reads.HDF5_00.time_read_float32_20000_samples": {"result": [7.8191469745002], "stats": [{"ci_99": [5.300874774504791, 10.337419174495606], "q_25": 7.7939642525002455, "q_75": 7.844329696500154, "min": 7.768781530500291, "max": 7.869512418500108, "mean": 7.8191469745002, "std": 0.050365443999908166, "repeat": 2, "number": 2}]}, "arrayset_sample_reads.HDF5_00.time_read_uint16_20000_samples": {"result": [6.703934250999964], "stats": [{"ci_99": [5.536283876001789, 7.871584625998138], "q_25": 6.6922577472499825, "q_75": 6.715610754749946, "min": 6.680581243500001, "max": 6.727287258499928, "mean": 6.703934250999964, "std": 0.023353007499963496, "repeat": 2, "number": 2}]}, "arrayset_sample_reads.NUMPY_10.time_read_float32_20000_samples": {"result": [0.7621833654998227], "stats": [{"ci_99": [0.7039341904960565, 0.8204325405035888], "q_25": 0.761600873749785, "q_75": 0.7627658572498603, "min": 0.7610183819997474, "max": 0.763348348999898, "mean": 0.7621833654998227, "std": 0.0011649835000753228, "repeat": 2, "number": 2}]}, "arrayset_sample_reads.NUMPY_10.time_read_uint16_20000_samples": {"result": [0.49022349924985065], "stats": [{"ci_99": [0.3149517867511804, 0.6654952117485208], "q_25": 0.48847078212486394, "q_75": 0.49197621637483735, "min": 0.48671806499987724, "max": 0.49372893349982405, "mean": 0.49022349924985065, "std": 0.003505434249973405, "repeat": 2, "number": 2}]}, "arrayset_sample_writes.HDF5_00.time_add_float32_samples": {"result": [0.39214436050019685, 7.3119317425000645], "stats": [{"ci_99": [0.3542195355059903, 0.43006918549440337], "q_25": 0.3917651122502548, "q_75": 0.3925236087501389, "min": 0.3913858640003127, "max": 0.392902857000081, "mean": 0.39214436050019685, "std": 0.0007584964998841315, "repeat": 2, "number": 2}, {"ci_99": [7.261055017507488, 7.362808467492641], "q_25": 7.311422975250139, "q_75": 7.31244050974999, "min": 7.310914208000213, "max": 7.312949276999916, "mean": 7.3119317425000645, "std": 0.0010175344998515357, "repeat": 2, "number": 2}], "params": [["1000", "20000"]]}, "arrayset_sample_writes.HDF5_00.time_add_uint16_samples": {"result": [0.3372393817496686, 6.33581402999971], "stats": [{"ci_99": [0.28017606925027394, 0.3943026942490632], "q_25": 0.33666874862467466, "q_75": 0.33781001487466256, "min": 0.3360981154996807, "max": 0.3383806479996565, "mean": 0.3372393817496686, "std": 0.0011412662499878934, "repeat": 2, "number": 2}, {"ci_99": [4.360235554996507, 8.311392505002912], "q_25": 6.316058245249678, "q_75": 6.355569814749742, "min": 6.296302460499646, "max": 6.375325599499774, "mean": 6.33581402999971, "std": 0.03951156950006407, "repeat": 2, "number": 2}], "params": [["1000", "20000"]]}, "arrayset_sample_writes.NUMPY_10.time_add_float32_samples": {"result": [0.2122506632497334, 4.030313509500047], "stats": [{"ci_99": [0.15740015074584335, 0.2671011757536234], "q_25": 0.2117021581246945, "q_75": 0.2127991683747723, "min": 0.2111536529996556, "max": 0.2133476734998112, "mean": 0.2122506632497334, "std": 0.0010970102500778012, "repeat": 2, "number": 2}, {"ci_99": [3.8853736095034037, 4.17525340949669], "q_25": 4.028864110500081, "q_75": 4.0317629085000135, "min": 4.027414711500114, "max": 4.03321230749998, "mean": 4.030313509500047, "std": 0.0028987979999328672, "repeat": 2, "number": 2}], "params": [["1000", "20000"]]}, "arrayset_sample_writes.NUMPY_10.time_add_uint16_samples": {"result": [0.12438908274998539, 2.4227105752497664], "stats": [{"ci_99": [0.029431320242110814, 0.21934684525785988], "q_25": 0.12343950512490665, "q_75": 0.12533866037506414, "min": 0.1224899274998279, "max": 0.12628823800014288, "mean": 0.12438908274998539, "std": 0.0018991552501574915, "repeat": 2, "number": 2}, {"ci_99": [1.6271245377520245, 3.2182966127475074], "q_25": 2.414754714874789, "q_75": 2.430666435624744, "min": 2.4067988544998116, "max": 2.4386222959997212, "mean": 2.4227105752497664, "std": 0.01591172074995484, "repeat": 2, "number": 2}], "params": [["1000", "20000"]]}, "package.TimeImport.time_import": {"result": [0.49635651649987267], "stats": [{"ci_99": [0.4940426800003479, 0.5383167520003553], "q_25": 0.4957276984998771, "q_75": 0.49794018250031513, "min": 0.4940426800003479, "max": 0.5383167520003553, "mean": 0.5039274821000618, "std": 0.01574408951362754, "repeat": 10, "number": 1}]}, "arrayset_sample_reads.HDF5_00.peakmem_read_float32_20000_samples": 80482304, "arrayset_sample_reads.HDF5_00.peakmem_read_uint16_20000_samples": 80449536, "arrayset_sample_reads.NUMPY_10.peakmem_read_float32_20000_samples": 874569728, "arrayset_sample_reads.NUMPY_10.peakmem_read_uint16_20000_samples": 476680192, "arrayset_sample_writes.HDF5_00.track_repo_size_float32_samples": {"result": [11198036, 157798657], "params": [["1000", "20000"]]}, "arrayset_sample_writes.HDF5_00.track_repo_size_uint16_samples": {"result": [7437889, 145887211], "params": [["1000", "20000"]]}, "arrayset_sample_writes.NUMPY_10.track_repo_size_float32_samples": {"result": [40562294, 808875510], "params": [["1000", "20000"]]}, "arrayset_sample_writes.NUMPY_10.track_repo_size_uint16_samples": {"result": [20570486, 408719862], "params": [["1000", "20000"]]}}, "params": {"arch": "x86_64", "cpu": "Intel(R) Xeon(R) CPU @ 2.30GHz (8 cores)", "machine": "hangar-benchmarks", "num_cpu": "8", "os": "Linux 5.0.0-1021-gcp", "ram": "30873004", "python": "3.7"}, "requirements": {}, "commit_hash": "ecc354a769946738cc7ab54d8e66927cde1fae25", "date": 1567768312000, "env_name": "virtualenv-py3.7", "python": "3.7", "profiles": {}, "started_at": {"arrayset_sample_reads.HDF5_00.time_read_float32_20000_samples": 1572130243013, "arrayset_sample_reads.HDF5_00.time_read_uint16_20000_samples": 1572130259059, "arrayset_sample_reads.NUMPY_10.time_read_float32_20000_samples": 1572130275501, "arrayset_sample_reads.NUMPY_10.time_read_uint16_20000_samples": 1572130277559, "arrayset_sample_writes.HDF5_00.time_add_float32_samples": 1572130279208, "arrayset_sample_writes.HDF5_00.time_add_uint16_samples": 1572130294806, "arrayset_sample_writes.NUMPY_10.time_add_float32_samples": 1572130334529, "arrayset_sample_writes.NUMPY_10.time_add_uint16_samples": 1572130343311, "package.TimeImport.time_import": 1572130359623, "arrayset_sample_reads.HDF5_00.peakmem_read_float32_20000_samples": 1572130227515, "arrayset_sample_reads.HDF5_00.peakmem_read_uint16_20000_samples": 1572130235842, "arrayset_sample_reads.NUMPY_10.peakmem_read_float32_20000_samples": 1572130273088, "arrayset_sample_reads.NUMPY_10.peakmem_read_uint16_20000_samples": 1572130274445, "arrayset_sample_writes.HDF5_00.track_repo_size_float32_samples": 1572130308398, "arrayset_sample_writes.HDF5_00.track_repo_size_uint16_samples": 1572130322040, "arrayset_sample_writes.NUMPY_10.track_repo_size_float32_samples": 1572130348631, "arrayset_sample_writes.NUMPY_10.track_repo_size_uint16_samples": 1572130355406}, "ended_at": {"arrayset_sample_reads.HDF5_00.time_read_float32_20000_samples": 1572130259058, "arrayset_sample_reads.HDF5_00.time_read_uint16_20000_samples": 1572130273048, "arrayset_sample_reads.NUMPY_10.time_read_float32_20000_samples": 1572130277559, "arrayset_sample_reads.NUMPY_10.time_read_uint16_20000_samples": 1572130279066, "arrayset_sample_writes.HDF5_00.time_add_float32_samples": 1572130294805, "arrayset_sample_writes.HDF5_00.time_add_uint16_samples": 1572130308398, "arrayset_sample_writes.NUMPY_10.time_add_float32_samples": 1572130343310, "arrayset_sample_writes.NUMPY_10.time_add_uint16_samples": 1572130348630,