{"results": {"arrayset_sample_reads.HDF5_00.time_read_float32_20000_samples": {"result": [8.484208993749917], "stats": [{"ci_99": [7.923305706251313, 9.045112281248521], "q_25": 8.47859996087493, "q_75": 8.489818026624903, "min": 8.472990927999945, "max": 8.495427059499889, "mean": 8.484208993749917, "std": 0.011218065749972084, "repeat": 2, "number": 2}]}, "arrayset_sample_reads.HDF5_00.time_read_uint16_20000_samples": {"result": [7.3889829847501005], "stats": [{"ci_99": [4.542011172244884, 10.235954797255316], "q_25": 7.360513266625048, "q_75": 7.417452702875153, "min": 7.332043548499996, "max": 7.445922421000205, "mean": 7.3889829847501005, "std": 0.056939436250104336, "repeat": 2, "number": 2}]}, "arrayset_sample_reads.NUMPY_10.time_read_float32_20000_samples": {"result": [0.7647203904999742], "stats": [{"ci_99": [0.4389129154977809, 1.0905278655021673], "q_25": 0.7614623157499523, "q_75": 0.7679784652499961, "min": 0.7582042409999303, "max": 0.7712365400000181, "mean": 0.7647203904999742, "std": 0.006516149500043866, "repeat": 2, "number": 2}]}, "arrayset_sample_reads.NUMPY_10.time_read_uint16_20000_samples": {"result": [0.4941439494999713], "stats": [{"ci_99": [0.4739611994992856, 0.514326699500657], "q_25": 0.49394212199996446, "q_75": 0.49434577699997817, "min": 0.4937402944999576, "max": 0.494547604499985, "mean": 0.4941439494999713, "std": 0.000403655000013714, "repeat": 2, "number": 2}]}, "arrayset_sample_writes.HDF5_00.time_add_float32_samples": {"result": [0.407740532000048, 7.449500841250028], "stats": [{"ci_99": [0.40466848200219374, 0.41081258199790227], "q_25": 0.40770981150006946, "q_75": 0.40777125250002655, "min": 0.4076790910000909, "max": 0.4078019730000051, "mean": 0.407740532000048, "std": 6.14409999570853e-05, "repeat": 2, "number": 2}, {"ci_99": [7.399497903753854, 7.499503778746202], "q_25": 7.449000811875067, "q_75": 7.45000087062499, "min": 7.448500782500105, "max": 7.450500899999952, "mean": 7.449500841250028, "std": 0.0010000587499234825, "repeat": 2, "number": 2}], "params": [["1000", "20000"]]}, "arrayset_sample_writes.HDF5_00.time_add_uint16_samples": {"result": [0.3453705244999128, 6.497738318750066], "stats": [{"ci_99": [0.14502027450248534, 0.54572077449734], "q_25": 0.3433670219999385, "q_75": 0.34737402699988706, "min": 0.34136351949996424, "max": 0.34937752949986134, "mean": 0.3453705244999128, "std": 0.004007004999948549, "repeat": 2, "number": 2}, {"ci_99": [6.301189206253753, 6.69428743124638], "q_25": 6.495772827625103, "q_75": 6.4997038098750295, "min": 6.49380733650014, "max": 6.501669300999993, "mean": 6.497738318750066, "std": 0.003930982249926274, "repeat": 2, "number": 2}], "params": [["1000", "20000"]]}, "arrayset_sample_writes.NUMPY_10.time_add_float32_samples": {"result": [0.21766652375004014, 4.1351478655000165], "stats": [{"ci_99": [0.1400649112526935, 0.29526813624738674], "q_25": 0.21689050762506668, "q_75": 0.2184425398750136, "min": 0.2161144915000932, "max": 0.21921855599998707, "mean": 0.21766652375004014, "std": 0.001552032249946933, "repeat": 2, "number": 2}, {"ci_99": [2.687901940507004, 5.582393790493027], "q_25": 4.120675406250086, "q_75": 4.149620324749947, "min": 4.106202947000156, "max": 4.164092783999877, "mean": 4.1351478655000165, "std": 0.02894491849986025, "repeat": 2, "number": 2}], "params": [["1000", "20000"]]}, "arrayset_sample_writes.NUMPY_10.time_add_uint16_samples": {"result": [0.1386612027499723, 2.537947436749846], "stats": [{"ci_99": [-0.16259863474942904, 0.43992104024937334], "q_25": 0.13564860437497828, "q_75": 0.1416738011249663, "min": 0.13263600599998426, "max": 0.14468639949996032, "mean": 0.1386612027499723, "std": 0.006025196749988027, "repeat": 2, "number": 2}, {"ci_99": [2.23115562425005, 2.8447392492496415], "q_25": 2.534879518624848, "q_75": 2.541015354874844, "min": 2.53181160049985, "max": 2.544083272999842, "mean": 2.537947436749846, "std": 0.0061358362499959185, "repeat": 2, "number": 2}], "params": [["1000", "20000"]]}, "package.TimeImport.time_import": {"result": [0.4910581335000188], "stats": [{"ci_99": [0.48242446499989455, 0.5115198640000926], "q_25": 0.48833192150004834, "q_75": 0.4940965627499736, "min": 0.48242446499989455, "max": 0.5115198640000926, "mean": 0.4934451304000049, "std": 0.00923257200675288, "repeat": 10, "number": 1}]}, "arrayset_sample_reads.HDF5_00.peakmem_read_float32_20000_samples": 76955648, "arrayset_sample_reads.HDF5_00.peakmem_read_uint16_20000_samples": 77078528, "arrayset_sample_reads.NUMPY_10.peakmem_read_float32_20000_samples": 871723008, "arrayset_sample_reads.NUMPY_10.peakmem_read_uint16_20000_samples": 473739264, "arrayset_sample_writes.HDF5_00.track_repo_size_float32_samples": {"result": [11181664, 157376805], "params": [["1000", "20000"]]}, "arrayset_sample_writes.HDF5_00.track_repo_size_uint16_samples": {"result": [7421518, 145498025], "params": [["1000", "20000"]]}, "arrayset_sample_writes.NUMPY_10.track_repo_size_float32_samples": {"result": [40545922, 808478210], "params": [["1000", "20000"]]}, "arrayset_sample_writes.NUMPY_10.track_repo_size_uint16_samples": {"result": [20558210, 408347138], "params": [["1000", "20000"]]}}, "params": {"arch": "x86_64", "cpu": "Intel(R) Xeon(R) CPU @ 2.30GHz (8 cores)", "machine": "hangar-benchmarks", "num_cpu": "8", "os": "Linux 5.0.0-1021-gcp", "ram": "30873004", "python": "3.7"}, "requirements": {}, "commit_hash": "f1c5d050671fc79371cc6bc31c70303a155e627c", "date": 1571449813000, "env_name": "virtualenv-py3.7", "python": "3.7", "profiles": {}, "started_at": {"arrayset_sample_reads.HDF5_00.time_read_float32_20000_samples": 1572126094594, "arrayset_sample_reads.HDF5_00.time_read_uint16_20000_samples": 1572126112204, "arrayset_sample_reads.NUMPY_10.time_read_float32_20000_samples": 1572126130152, "arrayset_sample_reads.NUMPY_10.time_read_uint16_20000_samples": 1572126132311, "arrayset_sample_writes.HDF5_00.time_add_float32_samples": 1572126134062, "arrayset_sample_writes.HDF5_00.time_add_uint16_samples": 1572126149963, "arrayset_sample_writes.NUMPY_10.time_add_float32_samples": 1572126190694, "arrayset_sample_writes.NUMPY_10.time_add_uint16_samples": 1572126199726, "package.TimeImport.time_import": 1572126216643, "arrayset_sample_reads.HDF5_00.peakmem_read_float32_20000_samples": 1572126077491, "arrayset_sample_reads.HDF5_00.peakmem_read_uint16_20000_samples": 1572126086569, "arrayset_sample_reads.NUMPY_10.peakmem_read_float32_20000_samples": 1572126127538, "arrayset_sample_reads.NUMPY_10.peakmem_read_uint16_20000_samples": 1572126128996, "arrayset_sample_writes.HDF5_00.track_repo_size_float32_samples": 1572126163808, "arrayset_sample_writes.HDF5_00.track_repo_size_uint16_samples": 1572126177852, "arrayset_sample_writes.NUMPY_10.track_repo_size_float32_samples": 1572126205299, "arrayset_sample_writes.NUMPY_10.track_repo_size_uint16_samples": 1572126212325}, "ended_at": {"arrayset_sample_reads.HDF5_00.time_read_float32_20000_samples": 1572126112203, "arrayset_sample_reads.HDF5_00.time_read_uint16_20000_samples": 1572126127499, "arrayset_sample_reads.NUMPY_10.time_read_float32_20000_samples": 1572126132311, "arrayset_sample_reads.NUMPY_10.time_read_uint16_20000_samples": 1572126133919, "arrayset_sample_writes.HDF5_00.time_add_float32_samples": 1572126149962, "arrayset_sample_writes.HDF5_00.time_add_uint16_samples": 1572126163807, "arrayset_sample_writes.NUMPY_10.time_add_float32_samples": 1572126199725, "arrayset_sample_writes.NUMPY_10.time_add_uint16_samples": 1572126205298,