{"results": {"arrayset_sample_reads.HDF5_00.time_read_float32_20000_samples": {"result": [8.695087242499994], "stats": [{"ci_99": [7.858058192498902, 9.532116292501087], "q_25": 8.686716951999983, "q_75": 8.703457533000005, "min": 8.678346661499972, "max": 8.711827823500016, "mean": 8.695087242499994, "std": 0.016740581000021848, "repeat": 2, "number": 2}]}, "arrayset_sample_reads.HDF5_00.time_read_uint16_20000_samples": {"result": [7.603122330000019], "stats": [{"ci_99": [7.4168824549993815, 7.789362205000657], "q_25": 7.601259931250013, "q_75": 7.604984728750026, "min": 7.5993975325000065, "max": 7.606847127500032, "mean": 7.603122330000019, "std": 0.0037247975000127553, "repeat": 2, "number": 2}]}, "arrayset_sample_reads.NUMPY_10.time_read_float32_20000_samples": {"result": [0.49644801424994967], "stats": [{"ci_99": [0.22713785174153145, 0.7657581767583677], "q_25": 0.4937549126248655, "q_75": 0.49914111587503385, "min": 0.4910618109997813, "max": 0.501834217500118, "mean": 0.49644801424994967, "std": 0.005386203250168364, "repeat": 2, "number": 2}]}, "arrayset_sample_reads.NUMPY_10.time_read_uint16_20000_samples": {"result": [0.3530853009998509], "stats": [{"ci_99": [0.1805248510003139, 0.5256457509993878], "q_25": 0.35135969649985554, "q_75": 0.3548109054998463, "min": 0.3496340919998602, "max": 0.35653650999984166, "mean": 0.3530853009998509, "std": 0.0034512089999907403, "repeat": 2, "number": 2}]}, "arrayset_sample_writes.HDF5_00.time_add_float32_samples": {"result": [0.5681939372499301, 10.706735179750012], "stats": [{"ci_99": [0.48783092475503054, 0.6485569497448295], "q_25": 0.5673903071249811, "q_75": 0.568997567374879, "min": 0.5665866770000321, "max": 0.569801197499828, "mean": 0.5681939372499301, "std": 0.0016072602498979904, "repeat": 2, "number": 2}, {"ci_99": [10.186361917240902, 11.227108442259123], "q_25": 10.701531447124921, "q_75": 10.711938912375103, "min": 10.69632771449983, "max": 10.717142645000195, "mean": 10.706735179750012, "std": 0.010407465250182213, "repeat": 2, "number": 2}], "params": [["1000", "20000"]]}, "arrayset_sample_writes.HDF5_00.time_add_uint16_samples": {"result": [0.4194406164999691, 7.929360509999924], "stats": [{"ci_99": [0.3146217164983227, 0.5242595165016154], "q_25": 0.41839242749995265, "q_75": 0.4204888054999856, "min": 0.4173442384999362, "max": 0.42153699450000204, "mean": 0.4194406164999691, "std": 0.002096378000032928, "repeat": 2, "number": 2}, {"ci_99": [6.945986685000435, 8.912734334999413], "q_25": 7.919526771749929, "q_75": 7.939194248249919, "min": 7.909693033499934, "max": 7.949027986499914, "mean": 7.929360509999924, "std": 0.01966747649998979, "repeat": 2, "number": 2}], "params": [["1000", "20000"]]}, "arrayset_sample_writes.NUMPY_10.time_add_float32_samples": {"result": [0.20920058925003104, 4.084042824999983], "stats": [{"ci_99": [0.11213895175433208, 0.3062622267457299], "q_25": 0.20822997287507405, "q_75": 0.21017120562498803, "min": 0.20725935650011706, "max": 0.21114182199994502, "mean": 0.20920058925003104, "std": 0.0019412327499139792, "repeat": 2, "number": 2}, {"ci_99": [3.9441277500067145, 4.223957899993252], "q_25": 4.0826436742500505, "q_75": 4.085441975749916, "min": 4.081244523500118, "max": 4.0868411264998485, "mean": 4.084042824999983, "std": 0.0027983014998653744, "repeat": 2, "number": 2}], "params": [["1000", "20000"]]}, "arrayset_sample_writes.NUMPY_10.time_add_uint16_samples": {"result": [0.12630814424994696, 2.425439778250052], "stats": [{"ci_99": [0.10627270675456657, 0.14634358174532733], "q_25": 0.12610778987499316, "q_75": 0.12650849862490077, "min": 0.12590743550003936, "max": 0.12670885299985457, "mean": 0.12630814424994696, "std": 0.00040070874990760785, "repeat": 2, "number": 2}, {"ci_99": [2.2693762907466635, 2.5815032657534402], "q_25": 2.423879143375018, "q_75": 2.4270004131250857, "min": 2.422318508499984, "max": 2.4285610480001196, "mean": 2.425439778250052, "std": 0.0031212697500677677, "repeat": 2, "number": 2}], "params": [["1000", "20000"]]}, "package.TimeImport.time_import": {"result": [0.4916272415000549], "stats": [{"ci_99": [0.4799868800000695, 0.5141345110000657], "q_25": 0.4874374069999021, "q_75": 0.4951964050001152, "min": 0.4799868800000695, "max": 0.5141345110000657, "mean": 0.49190281680002956, "std": 0.009156451515014735, "repeat": 10, "number": 1}]}, "arrayset_sample_reads.HDF5_00.peakmem_read_float32_20000_samples": 84795392, "arrayset_sample_reads.HDF5_00.peakmem_read_uint16_20000_samples": 83525632, "arrayset_sample_reads.NUMPY_10.peakmem_read_float32_20000_samples": 872710144, "arrayset_sample_reads.NUMPY_10.peakmem_read_uint16_20000_samples": 474562560, "arrayset_sample_writes.HDF5_00.track_repo_size_float32_samples": {"result": [9793276, 161193801], "params": [["1000", "20000"]]}, "arrayset_sample_writes.HDF5_00.track_repo_size_uint16_samples": {"result": [7201787, 140915453], "params": [["1000", "20000"]]}, "arrayset_sample_writes.NUMPY_10.track_repo_size_float32_samples": {"result": [40562306, 808744450], "params": [["1000", "20000"]]}, "arrayset_sample_writes.NUMPY_10.track_repo_size_uint16_samples": {"result": [20566402, 408719874], "params": [["1000", "20000"]]}}, "params": {"arch": "x86_64", "cpu": "Intel(R) Xeon(R) CPU @ 2.30GHz (8 cores)", "machine": "hangar-benchmarks", "num_cpu": "8", "os": "Linux 5.0.0-1021-gcp", "ram": "30873004", "python": "3.7"}, "requirements": {}, "commit_hash": "f43faaa496eb9f9f1f75fc84f270150eab168ab4", "date": 1571691429000, "env_name": "virtualenv-py3.7", "python": "3.7", "profiles": {}, "started_at": {"arrayset_sample_reads.HDF5_00.time_read_float32_20000_samples": 1572125554114, "arrayset_sample_reads.HDF5_00.time_read_uint16_20000_samples": 1572125572117, "arrayset_sample_reads.NUMPY_10.time_read_float32_20000_samples": 1572125590164, "arrayset_sample_reads.NUMPY_10.time_read_uint16_20000_samples": 1572125591772, "arrayset_sample_writes.HDF5_00.time_add_float32_samples": 1572125593221, "arrayset_sample_writes.HDF5_00.time_add_uint16_samples": 1572125615990, "arrayset_sample_writes.NUMPY_10.time_add_float32_samples": 1572125669410, "arrayset_sample_writes.NUMPY_10.time_add_uint16_samples": 1572125678243, "package.TimeImport.time_import": 1572125694462, "arrayset_sample_reads.HDF5_00.peakmem_read_float32_20000_samples": 1572125536660, "arrayset_sample_reads.HDF5_00.peakmem_read_uint16_20000_samples": 1572125545989, "arrayset_sample_reads.NUMPY_10.peakmem_read_float32_20000_samples": 1572125588002, "arrayset_sample_reads.NUMPY_10.peakmem_read_uint16_20000_samples": 1572125589158, "arrayset_sample_writes.HDF5_00.track_repo_size_float32_samples": 1572125632793, "arrayset_sample_writes.HDF5_00.track_repo_size_uint16_samples": 1572125653611, "arrayset_sample_writes.NUMPY_10.track_repo_size_float32_samples": 1572125683516, "arrayset_sample_writes.NUMPY_10.track_repo_size_uint16_samples": 1572125690243}, "ended_at": {"arrayset_sample_reads.HDF5_00.time_read_float32_20000_samples": 1572125572117, "arrayset_sample_reads.HDF5_00.time_read_uint16_20000_samples": 1572125587964, "arrayset_sample_reads.NUMPY_10.time_read_float32_20000_samples": 1572125591772, "arrayset_sample_reads.NUMPY_10.time_read_uint16_20000_samples": 1572125593078, "arrayset_sample_writes.HDF5_00.time_add_float32_samples": 1572125615989, "arrayset_sample_writes.HDF5_00.time_add_uint16_samples": 1572125632792, "arrayset_sample_writes.NUMPY_10.time_add_float32_samples": 1572125678243, "arrayset_sample_writes.NUMPY_10.time_add_uint16_samples": 1572125683515,