{"results": {"arrayset_sample_reads.FLOAT32_DType.time_read_5000_samples": {"result": [2.0016583044999994, 0.19875857599999996], "stats": [{"ci_99": [1.8774735829246187, 2.1019874820753803], "q_25": 1.9714802767499995, "q_75": 2.0199085602499998, "min": 1.9228685775, "max": 2.0327369435000002, "mean": 1.9897305324999999, "std": 0.04181856169816129, "repeat": 4, "number": 2}, {"ci_99": [0.1894571541111499, 0.2061684748888501], "q_25": 0.19657298825, "q_75": 0.19999840224999996, "min": 0.19271436200000003, "max": 0.201019744, "mean": 0.1978128145, "std": 0.0031498138640946908, "repeat": 4, "number": 2}], "params": [["'hdf5_00'", "'numpy_10'"]]}, "arrayset_sample_reads.UINT16_DType.time_read_5000_samples": {"result": [1.4934112750000001, 0.11707559925], "stats": [{"ci_99": [1.402364362981833, 1.597113791768168], "q_25": 1.4678752125000003, "q_75": 1.5252751398750002, "min": 1.4662354020000006, "max": 1.5458983575, "mean": 1.4997390773750003, "std": 0.03384598829001389, "repeat": 4, "number": 2}, {"ci_99": [0.10879983591216733, 0.1253121238378327], "q_25": 0.114432169625, "q_75": 0.11969940949999999, "min": 0.11388616699999998, "max": 0.120186554, "mean": 0.117055979875, "std": 0.002826934772728195, "repeat": 4, "number": 2}], "params": [["'hdf5_00'", "'numpy_10'"]]}, "arrayset_sample_writes.HDF5_00.time_add_float32_5000_samples": {"result": [2.8680056735], "stats": [{"ci_99": [2.6253618268352685, 3.1253882559147295], "q_25": 2.8220750325000004, "q_75": 2.921305682375, "min": 2.7559402950000003, "max": 3.0095485235, "mean": 2.8753750413750003, "std": 0.09153804286321857, "repeat": 4, "number": 2}]}, "arrayset_sample_writes.HDF5_00.time_add_uint16_5000_samples": {"result": [2.2530381447499996], "stats": [{"ci_99": [2.1878193883088635, 2.313025242941136], "q_25": 2.242239783875, "q_75": 2.2612206765, "min": 2.214718709, "max": 2.280894264, "mean": 2.250422315625, "std": 0.023570380714827224, "repeat": 4, "number": 2}]}, "arrayset_sample_writes.NUMPY_10.time_add_float32_5000_samples": {"result": [0.9254181890000001], "stats": [{"ci_99": [0.8910108657243679, 0.9714481870256321], "q_25": 0.9223610219999999, "q_75": 0.9342866933750001, "min": 0.9160230389999997, "max": 0.9580586885, "mean": 0.9312295263749999, "std": 0.015971605006665668, "repeat": 4, "number": 2}]}, "arrayset_sample_writes.NUMPY_10.time_add_uint16_5000_samples": {"result": [0.5809580785], "stats": [{"ci_99": [0.5532660790507439, 0.6136599359492564], "q_25": 0.5745810127500001, "q_75": 0.58984007325, "min": 0.5721562845000001, "max": 0.5997795885, "mean": 0.5834630075000001, "std": 0.01082411333931129, "repeat": 4, "number": 2}]}, "commit_and_checkout.CheckoutCommit.time_checkout_read_only": {"result": [0.13811579616666664, 0.22746703466666665, 0.32569110083333336, 0.3189062128333333, 0.4167889298333334, 0.5206362838333333, 0.5149775675, 0.6135151776666667, 0.7358721785000001], "stats": [{"ci_99": [0.1275046412559216, 0.14942264857741172], "q_25": 0.13651316383333334, "q_75": 0.14006627724999998, "min": 0.13305092733333335, "max": 0.14457206, "mean": 0.13846364491666666, "std": 0.004100446453061469, "repeat": 4, "number": 3}, {"ci_99": [0.21565822150591357, 0.24035206416075305], "q_25": 0.22564021241666662, "q_75": 0.22983196508333334, "min": 0.2220929506666666, "max": 0.2349935513333333, "mean": 0.22800514283333329, "std": 0.004615232859578693, "repeat": 4, "number": 3}, {"ci_99": [0.2942891408138494, 0.35933817735281726], "q_25": 0.31676365241666665, "q_75": 0.3357411075, "min": 0.31435762166666664, "max": 0.34151481300000003, "mean": 0.3268136590833334, "std": 0.011245471971607704, "repeat": 4, "number": 3}, {"ci_99": [0.29843561265399715, 0.3423169371793361], "q_25": 0.31336766725000004, "q_75": 0.3259148204999999, "min": 0.31261874300000003, "max": 0.331073931, "mean": 0.32037627491666665, "std": 0.007663000827702153, "repeat": 4, "number": 3}, {"ci_99": [0.39779146400371235, 0.4392497686629543], "q_25": 0.4120433271666667, "q_75": 0.423266219, "min": 0.4112006366666667, "max": 0.42930396899999995, "mean": 0.4185206163333334, "std": 0.007343831930250806, "repeat": 4, "number": 3}, {"ci_99": [0.49764257582954113, 0.5426182966704587], "q_25": 0.5135088380833334, "q_75": 0.5272578819999999, "min": 0.5106317073333334, "max": 0.52861747, "mean": 0.52013043625, "std": 0.007727640762880998, "repeat": 4, "number": 3}, {"ci_99": [0.4687494557402742, 0.5591230700930587], "q_25": 0.49989130083333333, "q_75": 0.5290225295833334, "min": 0.4959439493333333, "max": 0.5298459673333333, "mean": 0.5139362629166666, "std": 0.015477912230849367, "repeat": 4, "number": 3}, {"ci_99": [0.5489937819708777, 0.6872061611957893], "q_25": 0.6036049649166667, "q_75": 0.6280101843333333, "min": 0.5868556866666665, "max": 0.6585138443333335, "mean": 0.6180999715833333, "std": 0.02592766406809753, "repeat": 4, "number": 3}, {"ci_99": [0.6986906429542087, 0.774843620712458], "q_25": 0.7254618931666666, "q_75": 0.7471774171666666, "min": 0.7214243576666665, "max": 0.7538998126666666, "mean": 0.7367671318333333, "std": 0.013180093945739282, "repeat": 4, "number": 3}], "params": [["10000", "30000", "50000"], ["10000", "30000", "50000"]]}, "commit_and_checkout.CheckoutCommit.time_checkout_write_enabled": {"result": [0.1430239285, 0.24271119883333336, 0.3513851621666667, 0.345809329, 0.4422625320000001, 0.5505148209999999, 0.5230291538333335, 0.6224061653333333, 0.7456770800000001], "stats": [{"ci_99": [0.13766031788266164, 0.14838153745067167], "q_25": 0.1419341166666667, "q_75": 0.14411073949999997, "min": 0.14031363266666666, "max": 0.14572222099999999, "mean": 0.14302092766666666, "std": 0.0019513252704276324, "repeat": 4, "number": 3}, {"ci_99": [0.23521736930574166, 0.25443327769425844], "q_25": 0.24229311083333335, "q_75": 0.2452434115, "min": 0.2421268453333334, "max": 0.25175205100000003, "mean": 0.24482532350000005, "std": 0.0040144563138904375, "repeat": 4, "number": 3}, {"ci_99": [0.34110858516995546, 0.36036902549671124], "q_25": 0.34837357916666667, "q_75": 0.35375038833333333, "min": 0.34595914866666666, "max": 0.35422574833333326, "mean": 0.35073880533333335, "std": 0.0033756161039256672, "repeat": 4, "number": 3}, {"ci_99": [0.30576802277953163, 0.39084357105380174], "q_25": 0.33609172416666666, "q_75": 0.35802340175, "min": 0.33145495166666666, "max": 0.3701495780000001, "mean": 0.3483057969166667, "std": 0.015059300178015635, "repeat": 4, "number": 3}, {"ci_99": [0.3962210657891116, 0.47493607504422153], "q_25": 0.4308301284166667, "q_75": 0.44701097400000006, "min": 0.4098402676666666, "max": 0.44794895, "mean": 0.4355785704166667, "std": 0.015363833765876288, "repeat": 4, "number": 3}, {"ci_99": [0.49235148888399677, 0.6108189597826694], "q_25": 0.5315796639999999, "q_75": 0.5705203813333333, "min": 0.531023139, "max": 0.5742881163333333, "mean": 0.5515852243333332, "std": 0.020270735280558002, "repeat": 4, "number": 3}, {"ci_99": [0.4634219445252956, 0.603347797141371], "q_25": 0.5140092484166667, "q_75": 0.54240477625, "min": 0.5092767416666667, "max": 0.578204434, "mean": 0.5333848708333334, "std": 0.02699655354543472, "repeat": 4, "number": 3}, {"ci_99": [0.5925191358460907, 0.6563198616539092], "q_25": 0.6161350545, "q_75": 0.6306906095833333, "min": 0.6110219029999998, "max": 0.6418437613333335, "mean": 0.6244194987499999, "std": 0.011542503111671355, "repeat": 4, "number": 3}, {"ci_99": [0.6951460010164935, 0.8043860104835069], "q_25": 0.7381116337500001, "q_75": 0.757331452, "min": 0.7255428460000001, "max": 0.7821670169999999, "mean": 0.74976600575, "std": 0.020571936933725974, "repeat": 4, "number": 3}], "params": [["10000", "30000", "50000"], ["10000", "30000", "50000"]]}, "commit_and_checkout.MakeCommit.time_commit": {"result": [0.04789362900000005, 0.09719563900000017, 0.15642640999999996, 0.09613893149999997, 0.14765098350000017, 0.20262461350000005, 0.14629198600000015, 0.1996516730000002, 0.25958584100000004], "stats": [{"ci_99": [0.04727285299999995, 0.0724096110000001],