{"results": {"arrayset_sample_reads.FLOAT32_DType.time_read_5000_samples": {"result": [1.6271690654999997, 0.13557002975], "stats": [{"ci_99": [1.5035609626961783, 1.7350578865538215], "q_25": 1.5888008387499999, "q_75": 1.6576776513749996, "min": 1.5646407699999996, "max": 1.6582587975000003, "mean": 1.6193094246249997, "std": 0.04020959494354181, "repeat": 4, "number": 2}, {"ci_99": [0.11611273905508186, 0.1502252139449181], "q_25": 0.1311253963750001, "q_75": 0.1376136098749999, "min": 0.12218036350000006, "max": 0.139355483, "mean": 0.1331689765, "std": 0.006611222859840238, "repeat": 4, "number": 2}], "params": [["'hdf5_00'", "'numpy_10'"]]}, "arrayset_sample_reads.UINT16_DType.time_read_5000_samples": {"result": [1.33717787875, 0.09020980624999997], "stats": [{"ci_99": [1.2857304324276455, 1.4033491098223538], "q_25": 1.3329534593749999, "q_75": 1.3487641904999998, "min": 1.3209327784999996, "max": 1.3828705484999997, "mean": 1.3445397711249998, "std": 0.023103182402834696, "repeat": 4, "number": 2}, {"ci_99": [0.08037937253137001, 0.10358427971862998], "q_25": 0.08912757975000002, "q_75": 0.09306405262499995, "min": 0.08779564650000005, "max": 0.09971204550000001, "mean": 0.091981826125, "std": 0.004592799343726373, "repeat": 4, "number": 2}], "params": [["'hdf5_00'", "'numpy_10'"]]}, "arrayset_sample_writes.HDF5_00.time_add_float32_5000_samples": {"result": [3.45900480125], "stats": [{"ci_99": [3.0472520165315347, 3.8721024549684624], "q_25": 3.350369131375, "q_75": 3.568312905625, "min": 3.274448377, "max": 3.6462509635000004, "mean": 3.45967723575, "std": 0.14405532971145024, "repeat": 4, "number": 2}]}, "arrayset_sample_writes.HDF5_00.time_add_uint16_5000_samples": {"result": [2.6404852345], "stats": [{"ci_99": [2.4936738770520392, 2.7459229061979604], "q_25": 2.6047177230000003, "q_75": 2.655565903125, "min": 2.5373615295, "max": 2.6608615679999996, "mean": 2.619798391625, "std": 0.04922528284558168, "repeat": 4, "number": 2}]}, "arrayset_sample_writes.NUMPY_10.time_add_float32_5000_samples": {"result": [0.9327927699999998], "stats": [{"ci_99": [0.8061864435676157, 1.1009098329323828], "q_25": 0.907747276625, "q_75": 0.9785936316249997, "min": 0.9068959655, "max": 1.0417110475, "mean": 0.95354813825, "std": 0.054856586350144065, "repeat": 4, "number": 2}]}, "arrayset_sample_writes.NUMPY_10.time_add_uint16_5000_samples": {"result": [0.57473442625], "stats": [{"ci_99": [0.5354100229204595, 0.6061021443295406], "q_25": 0.5673707023750001, "q_75": 0.5781198074999999, "min": 0.5482241605000001, "max": 0.5853313215000001, "mean": 0.5707560836250001, "std": 0.013726856825314807, "repeat": 4, "number": 2}]}, "commit_and_checkout.CheckoutCommit.time_checkout_read_only": {"result": [0.14321805783333336, 0.23600529033333334, 0.3508150491666666, 0.3274726145, 0.4370859879999999, 0.5274706573333334, 0.5333997724999999, 0.6254288349999999, 0.7478470451666666], "stats": [{"ci_99": [0.13892470424507433, 0.14682271692159238], "q_25": 0.14205729125000002, "q_75": 0.14403447716666667, "min": 0.14071587500000002, "max": 0.1443428516666667, "mean": 0.14287371058333337, "std": 0.0014204144952810877, "repeat": 4, "number": 3}, {"ci_99": [0.2229910062799527, 0.2538011942200473], "q_25": 0.23400283450000003, "q_75": 0.24039855608333333, "min": 0.23328657499999997, "max": 0.24828724533333335, "mean": 0.23839610025, "std": 0.005949689858471921, "repeat": 4, "number": 3}, {"ci_99": [0.3045083287774602, 0.4214314995558731], "q_25": 0.34711068366666664, "q_75": 0.36667427966666666, "min": 0.34594143766666674, "max": 0.4043081206666667, "mean": 0.3629699141666667, "std": 0.024063827544614457, "repeat": 4, "number": 3}, {"ci_99": [0.31556548336363877, 0.3362043483030279], "q_25": 0.3244760153333333, "q_75": 0.32888151499999996, "min": 0.3193244803333333, "max": 0.329269954, "mean": 0.3258849158333333, "std": 0.003962739165944907, "repeat": 4, "number": 3}, {"ci_99": [0.42245936693261316, 0.45075066540071995], "q_25": 0.4327946616666666, "q_75": 0.4408963425, "min": 0.43012231966666664, "max": 0.442125769, "mean": 0.4366050161666666, "std": 0.004901381316245499, "repeat": 4, "number": 3}, {"ci_99": [0.498115198292844, 0.5736356383738226], "q_25": 0.5264855626666667, "q_75": 0.536860513, "min": 0.5251986396666667, "max": 0.563361719, "mean": 0.5358754183333334, "std": 0.01590117040990947, "repeat": 4, "number": 3}, {"ci_99": [0.5015395145536453, 0.5667998942796878], "q_25": 0.5281699504166666, "q_75": 0.5393995264999999, "min": 0.5179119386666666, "max": 0.551967334, "mean": 0.5341697044166667, "std": 0.012132722972847846, "repeat": 4, "number": 3}, {"ci_99": [0.5961120209070715, 0.6623094719262619], "q_25": 0.6201464278333333, "q_75": 0.6344931535833334, "min": 0.6168614193333335, "max": 0.6491238963333333, "mean": 0.6292107464166666, "std": 0.012376528562600402, "repeat": 4, "number": 3}, {"ci_99": [0.6811235193768459, 0.8007480056231538], "q_25": 0.72887520825, "q_75": 0.7599075994166665, "min": 0.7075504499999999, "max": 0.7604985096666667, "mean": 0.7409357624999999, "std": 0.021646599514622836, "repeat": 4, "number": 3}], "params": [["10000", "30000", "50000"], ["10000", "30000", "50000"]]}, "commit_and_checkout.CheckoutCommit.time_checkout_write_enabled": {"result": [0.143985411, 0.24884387166666666, 0.3448013008333334, 0.3359994631666667, 0.4425534438333334, 0.5583191029999999, 0.5484687528333334, 0.6503925581666666, 0.8432119166666667], "stats": [{"ci_99": [0.13572232568057405, 0.15363799048609247], "q_25": 0.14260142891666663, "q_75": 0.14606414016666666, "min": 0.1408203676666666, "max": 0.14992944266666663, "mean": 0.14468015808333332, "std": 0.00334168558107519, "repeat": 4, "number": 3}, {"ci_99": [0.23096548911459389, 0.2654918483854061], "q_25": 0.24309282833333332, "q_75": 0.2539797120833333, "min": 0.24097692133333334, "max": 0.25425001033333333, "mean": 0.24822866875000002, "std": 0.005927063961056585, "repeat": 4, "number": 3}, {"ci_99": [0.32401878211071317, 0.3599915673892871], "q_25": 0.33934996966666675, "q_75": 0.3474565059166667, "min": 0.33076907866666677, "max": 0.3476490186666667, "mean": 0.3420051747500001, "std": 0.006840438355892381, "repeat": 4, "number": 3}, {"ci_99": [0.3246729306281154, 0.346531249705218], "q_25": 0.33279949225, "q_75": 0.3388020610833334, "min": 0.33041659400000006, "max": 0.3399928403333334, "mean": 0.3356020901666667, "std": 0.0038098024507407435, "repeat": 4, "number": 3}, {"ci_99": [0.42583825491713234, 0.4631440202495343], "q_25": 0.4392046058333335, "q_75": 0.4478399755833334, "min": 0.43755671533333346, "max": 0.4553009473333333, "mean": 0.4444911375833334, "std": 0.006857885504982342, "repeat": 4, "number": 3}, {"ci_99": [0.5195823454642884, 0.5939774590357116], "q_25": 0.5483556934166666, "q_75": 0.5667433118333333, "min": 0.5378722726666667, "max": 0.5726091303333333, "mean": 0.55677990225, "std": 0.013195600232809787, "repeat": 4, "number": 3}, {"ci_99": [0.4878245814614238, 0.6106409510385759], "q_25": 0.5321532292500001, "q_75": 0.5655482898333333, "min": 0.5228392329999999, "max": 0.5771543263333333, "mean": 0.54923276625, "std": 0.021368511266038805, "repeat": 4, "number": 3}, {"ci_99": [0.5772002881566861, 0.7276875480099803], "q_25": 0.6284309795833333, "q_75": 0.6744054966666666, "min": 0.6244144693333332, "max": 0.6845760866666666, "mean": 0.6524439180833334, "std": 0.025870530394450166, "repeat": 4, "number": 3}, {"ci_99": [0.6426277925167054, 1.004372119983294], "q_25": 0.7942712616666666, "q_75": 0.87244061125, "min": 0.7154011976666667, "max": 0.8921747939999998, "mean": 0.8234999562499999, "std": 0.06746258245350922, "repeat": 4, "number": 3}], "params": [["10000", "30000", "50000"], ["10000", "30000", "50000"]]}, "commit_and_checkout.MakeCommit.time_commit": {"result": [0.04757338499999991, 0.09656920100000005, 0.15269267749999993, 0.09249076100000003, 0.15498748650000005, 0.2050676199999999, 0.14690157400000003, 0.20358007850000037, 0.26032773100000006],