{"results": {"arrayset_sample_reads.FLOAT32_DType.time_read_5000_samples": {"result": [1.50173753325, 0.21171749550000002], "stats": [{"ci_99": [1.254554465547936, 1.7489584547020647], "q_25": 1.427154840125, "q_75": 1.5763391532500002, "min": 1.4013964520000002, "max": 1.6021543220000005, "mean": 1.5017564601250002, "std": 0.08494550528131338, "repeat": 4, "number": 2}, {"ci_99": [0.1876793297061687, 0.22851410204383113], "q_25": 0.20684610949999993, "q_75": 0.2129681018750001, "min": 0.193925483, "max": 0.21502638949999997, "mean": 0.208096715875, "std": 0.008302133041293546, "repeat": 4, "number": 2}], "params": [["'hdf5_00'", "'numpy_10'"]]}, "arrayset_sample_reads.UINT16_DType.time_read_5000_samples": {"result": [1.4005823952500003, 0.12497060849999997], "stats": [{"ci_99": [1.2320615066428915, 1.6026977918571086], "q_25": 1.3764244065, "q_75": 1.4415376380000005, "min": 1.3382743319999997, "max": 1.5300794745, "mean": 1.41737964925, "std": 0.0703295881510948, "repeat": 4, "number": 2}, {"ci_99": [0.11035963772194692, 0.14455038202805306], "q_25": 0.12238687524999997, "q_75": 0.13003874312499997, "min": 0.1218322315, "max": 0.13804659099999994, "mean": 0.12745500987499997, "std": 0.006474000108160232, "repeat": 4, "number": 2}], "params": [["'hdf5_00'", "'numpy_10'"]]}, "arrayset_sample_writes.HDF5_00.time_add_float32_5000_samples": {"result": [2.5163118657499997], "stats": [{"ci_99": [2.310137182376003, 2.830830306873995], "q_25": 2.5078723005, "q_75": 2.578923309875, "min": 2.491496085, "max": 2.757815162, "mean": 2.570483744625, "std": 0.10864974216108815, "repeat": 4, "number": 2}]}, "arrayset_sample_writes.HDF5_00.time_add_uint16_5000_samples": {"result": [2.1634074004999997], "stats": [{"ci_99": [2.000948023751117, 2.2728120017488833], "q_25": 2.1321181972499996, "q_75": 2.168169216, "min": 2.040245286, "max": 2.180459964, "mean": 2.13688001275, "std": 0.056226709287862935, "repeat": 4, "number": 2}]}, "arrayset_sample_writes.NUMPY_10.time_add_float32_5000_samples": {"result": [0.9809379125], "stats": [{"ci_99": [0.9066222080764179, 1.0400436604235825], "q_25": 0.960817938875, "q_75": 0.9934529078750001, "min": 0.9350151545000001, "max": 0.9964407575, "mean": 0.9733329342500001, "std": 0.02440938317097974, "repeat": 4, "number": 2}]}, "arrayset_sample_writes.NUMPY_10.time_add_uint16_5000_samples": {"result": [0.599544604], "stats": [{"ci_99": [0.46739411131411984, 0.7756868751858789], "q_25": 0.5741558053749999, "q_75": 0.646929291875, "min": 0.572346712, "max": 0.714726053, "mean": 0.62154049325, "std": 0.05766256040213253, "repeat": 4, "number": 2}]}, "commit_and_checkout.CheckoutCommit.time_checkout_read_only": {"result": [0.14083266700000002, 0.24771808333333337, 0.3288737665, 0.3514230081666667, 0.41920407550000005, 0.5308603896666666, 0.5029053975, 0.6151650148333334, 0.7112089711666666], "stats": [{"ci_99": [0.13318656944141782, 0.15066492489191557], "q_25": 0.13929090875000005, "q_75": 0.14346750541666667, "min": 0.13896513900000004, "max": 0.14707251566666668, "mean": 0.1419257471666667, "std": 0.003230790079608402, "repeat": 4, "number": 3}, {"ci_99": [0.20997130913863016, 0.2774690045280366], "q_25": 0.23710520858333334, "q_75": 0.25433303158333337, "min": 0.22463910833333334, "max": 0.25480535233333335, "mean": 0.24372015683333337, "std": 0.012271243038823598, "repeat": 4, "number": 3}, {"ci_99": [0.309633431137905, 0.35117524202876177], "q_25": 0.3236647948333334, "q_75": 0.33561330824999996, "min": 0.3232747303333334, "max": 0.34059508299999997, "mean": 0.33040433658333335, "std": 0.00726221999391023, "repeat": 4, "number": 3}, {"ci_99": [0.2743529811911781, 0.4436822461421541], "q_25": 0.3367393391666667, "q_75": 0.3737012826666667, "min": 0.3251984336666666, "max": 0.4080260046666666, "mean": 0.3590176136666667, "std": 0.031208106098960648, "repeat": 4, "number": 3}, {"ci_99": [0.39365604613961924, 0.4456657968603807], "q_25": 0.4116704149166667, "q_75": 0.4271945820833334, "min": 0.4094574846666667, "max": 0.43077805033333333, "mean": 0.4196609215, "std": 0.008951114342687198, "repeat": 4, "number": 3}, {"ci_99": [0.4737767660418959, 0.5863322896247706], "q_25": 0.5198385301666667, "q_75": 0.5410763873333333, "min": 0.5003527646666667, "max": 0.5581445673333334, "mean": 0.5300545278333333, "std": 0.02069736803611917, "repeat": 4, "number": 3}, {"ci_99": [0.47660754686681384, 0.525043762299853], "q_25": 0.49513134291666666, "q_75": 0.5085997091666665, "min": 0.4884086356666666, "max": 0.5090831876666667, "mean": 0.5008256545833333, "std": 0.008547681241088546, "repeat": 4, "number": 3}, {"ci_99": [0.5611933175396977, 0.6681112279603025], "q_25": 0.6023569013333335, "q_75": 0.62746038625, "min": 0.5885105853333336, "max": 0.6397684760000001, "mean": 0.6146522727500001, "std": 0.019032716158128335, "repeat": 4, "number": 3}, {"ci_99": [0.6758686868559212, 0.7413033091440788], "q_25": 0.70079197175, "q_75": 0.7190029974166666, "min": 0.691965823, "max": 0.7199602266666668, "mean": 0.708585998, "std": 0.011522944733010479, "repeat": 4, "number": 3}], "params": [["10000", "30000", "50000"], ["10000", "30000", "50000"]]}, "commit_and_checkout.CheckoutCommit.time_checkout_write_enabled": {"result": [0.13940908333333332, 0.24268210666666667, 0.3320695058333333, 0.3174757046666667, 0.43212487, 0.5294626813333333, 0.5039308673333333, 0.6374330968333334, 0.7110226413333334], "stats": [{"ci_99": [0.13300693113441292, 0.1468370295322537], "q_25": 0.13806581083333333, "q_75": 0.14126525283333333, "min": 0.1371200703333333, "max": 0.14374968433333332, "mean": 0.1399219803333333, "std": 0.002507080860661709, "repeat": 4, "number": 3}, {"ci_99": [0.2176650154797386, 0.25911250685359477], "q_25": 0.2368615479166667, "q_75": 0.24420931991666667, "min": 0.2238917096666667, "max": 0.24429912166666665, "mean": 0.23838876116666669, "std": 0.008462360566095114, "repeat": 4, "number": 3}, {"ci_99": [0.2894354445756181, 0.38820324209104845], "q_25": 0.32511465908333337, "q_75": 0.3457741900833332, "min": 0.3213786893333334, "max": 0.36975967233333323, "mean": 0.3388193433333333, "std": 0.018826831254375127, "repeat": 4, "number": 3}, {"ci_99": [0.3024281537500678, 0.33476262741659885], "q_25": 0.3149706961666667, "q_75": 0.3211003990833334, "min": 0.3114500126666666, "max": 0.3279801403333333, "mean": 0.3185953905833333, "std": 0.006024592321247903, "repeat": 4, "number": 3}, {"ci_99": [0.38744811882339986, 0.4724372848432666], "q_25": 0.4202206062500001, "q_75": 0.44184696558333325, "min": 0.40825771299999997, "max": 0.4472633543333333, "mean": 0.42994270183333333, "std": 0.015042553017196248, "repeat": 4, "number": 3}, {"ci_99": [0.5014144683415952, 0.5603403048250716], "q_25": 0.5238437140833333, "q_75": 0.5364963538333334, "min": 0.5177086723333333, "max": 0.5468755113333335, "mean": 0.5308773865833334, "std": 0.010711023495226363, "repeat": 4, "number": 3}, {"ci_99": [0.484522371117717, 0.5292525135489495], "q_25": 0.5004754231666666, "q_75": 0.5103428864999999, "min": 0.4990941556666666, "max": 0.520593879, "mean": 0.5068874423333333, "std": 0.00842651624627648, "repeat": 4, "number": 3}, {"ci_99": [0.6061422475703393, 0.6650802905963273], "q_25": 0.6280972707500001, "q_75": 0.6449470951666667, "min": 0.6213670760000001, "max": 0.6462118066666667, "mean": 0.6356112690833333, "std": 0.010277543620612416, "repeat": 4, "number": 3}, {"ci_99": [0.6710324502870658, 0.7499724403796006], "q_25": 0.6998990864166666, "q_75": 0.72162600025, "min": 0.6926751566666667, "max": 0.7272893420000001, "mean": 0.7105024453333334, "std": 0.013712001495293983, "repeat": 4, "number": 3}], "params": [["10000", "30000", "50000"], ["10000", "30000", "50000"]]}, "commit_and_checkout.MakeCommit.time_commit": {"result": [0.04798885750000009, 0.09959369200000012, 0.1591977455, 0.09741928150000001, 0.14341054750000004, 0.2003507095, 0.14066264100000003, 0.19131561100000027, 0.24806612449999998], "stats": [{"ci_99": [0.04659958499999983, 0.05057837899999995],