{"results": {"arrayset_sample_reads.FLOAT32_DType.time_read_5000_samples": {"result": [1.469143296, 0.20762621425], "stats": [{"ci_99": [1.321495317090938, 1.5991973341590617], "q_25": 1.4246877223750003, "q_75": 1.5048018992499999, "min": 1.3935269320000003, "max": 1.5095717784999998, "mean": 1.460346325625, "std": 0.0483841267632756, "repeat": 4, "number": 2}, {"ci_99": [0.18465491161606598, 0.23350327363393408], "q_25": 0.20140403512499996, "q_75": 0.21530127175000002, "min": 0.20018350649999994, "max": 0.22088043550000003, "mean": 0.209079092625, "std": 0.008518525821801877, "repeat": 4, "number": 2}], "params": [["'hdf5_00'", "'numpy_10'"]]}, "arrayset_sample_reads.UINT16_DType.time_read_5000_samples": {"result": [1.4397117272499997, 0.13133524975000005], "stats": [{"ci_99": [1.3641787836379573, 1.5442818803620417], "q_25": 1.4294528558749997, "q_75": 1.4644892033749999, "min": 1.4240748859999997, "max": 1.5134229874999998, "mean": 1.4542303319999998, "std": 0.0352776655291995, "repeat": 4, "number": 2}, {"ci_99": [0.11612502277173731, 0.14275507772826285], "q_25": 0.12773044862500002, "q_75": 0.13304485137500005, "min": 0.12093461049999998, "max": 0.134155091, "mean": 0.12944005025000002, "std": 0.005131917622636008, "repeat": 4, "number": 2}], "params": [["'hdf5_00'", "'numpy_10'"]]}, "arrayset_sample_writes.HDF5_00.time_add_float32_5000_samples": {"result": [2.43615950375], "stats": [{"ci_99": [2.3276122661117817, 2.553222866888218], "q_25": 2.4158166359999997, "q_75": 2.46076043425, "min": 2.38754268, "max": 2.5018085785, "mean": 2.4404175665, "std": 0.041349991063677906, "repeat": 4, "number": 2}]}, "arrayset_sample_writes.HDF5_00.time_add_uint16_5000_samples": {"result": [2.0083948232499997], "stats": [{"ci_99": [1.9972475389761675, 2.023358573023832], "q_25": 2.006598876125, "q_75": 2.012099003125, "min": 2.0058598819999998, "max": 2.0185626954999996, "mean": 2.0103030559999997, "std": 0.0050012189080731115, "repeat": 4, "number": 2}]}, "arrayset_sample_writes.NUMPY_10.time_add_float32_5000_samples": {"result": [0.95951151775], "stats": [{"ci_99": [0.8872243097638671, 1.0287147484861328], "q_25": 0.943172431125, "q_75": 0.9743086157499998, "min": 0.921646137, "max": 0.991208944, "mean": 0.957969529125, "std": 0.02548013014890154, "repeat": 4, "number": 2}]}, "arrayset_sample_writes.NUMPY_10.time_add_uint16_5000_samples": {"result": [0.59468121925], "stats": [{"ci_99": [0.5628941534314642, 0.6310139175685355], "q_25": 0.5859962975, "q_75": 0.6056389572499999, "min": 0.5850095825, "max": 0.613444121, "mean": 0.5969540355, "std": 0.01188034402418137, "repeat": 4, "number": 2}]}, "commit_and_checkout.CheckoutCommit.time_checkout_read_only": {"result": [0.14208135049999998, 0.23497847166666663, 0.33393394266666665, 0.3270223141666666, 0.4226695773333333, 0.5115068973333334, 0.5268582141666667, 0.6153998651666666, 0.7148186358333333], "stats": [{"ci_99": [0.12557554584838276, 0.1649983246516174], "q_25": 0.13946385883333334, "q_75": 0.14790442691666666, "min": 0.13906204033333333, "max": 0.15792299966666665, "mean": 0.14528693525, "std": 0.0076043910106869525, "repeat": 4, "number": 3}, {"ci_99": [0.22163960824185175, 0.24766193725814817], "q_25": 0.23201495474999997, "q_75": 0.23761428966666664, "min": 0.22787743699999993, "max": 0.24076871066666664, "mean": 0.23465077274999996, "std": 0.004704846135303368, "repeat": 4, "number": 3}, {"ci_99": [0.310850125757296, 0.35140074124270404], "q_25": 0.3297949245833333, "q_75": 0.3352644515833334, "min": 0.31766708233333335, "max": 0.33896676633333334, "mean": 0.3311254335, "std": 0.008037533074105551, "repeat": 4, "number": 3}, {"ci_99": [0.3029081434995623, 0.34358139766710444], "q_25": 0.3223480662499999, "q_75": 0.3279190185, "min": 0.308940361, "max": 0.329994093, "mean": 0.3232447705833333, "std": 0.008348551044694898, "repeat": 4, "number": 3}, {"ci_99": [0.3871450166001114, 0.4585040883998889], "q_25": 0.41546551100000007, "q_75": 0.4300286188333334, "min": 0.4050063650000002, "max": 0.4409526903333334, "mean": 0.42282455250000006, "std": 0.012978901872834559, "repeat": 4, "number": 3}, {"ci_99": [0.5034905556799095, 0.5214356349867572], "q_25": 0.5107381565833333, "q_75": 0.5132318360833333, "min": 0.5086839283333333, "max": 0.5181546583333333, "mean": 0.5124630953333333, "std": 0.003482769485455273, "repeat": 4, "number": 3}, {"ci_99": [0.44966320183048286, 0.6256859398361843], "q_25": 0.5197371089166667, "q_75": 0.5447956760833333, "min": 0.5021934066666667, "max": 0.5947884483333333, "mean": 0.5376745708333334, "std": 0.03448962618014903, "repeat": 4, "number": 3}, {"ci_99": [0.5777755781007284, 0.647104493065938], "q_25": 0.60477301125, "q_75": 0.6230668894999999, "min": 0.594072747, "max": 0.6248876649999998, "mean": 0.6124400355833333, "std": 0.012344147913173186, "repeat": 4, "number": 3}, {"ci_99": [0.6564717470727741, 0.7720109189272257], "q_25": 0.69788337525, "q_75": 0.7311765935833334, "min": 0.6892098820000001, "max": 0.7381181783333334, "mean": 0.714241333, "std": 0.01994879140222056, "repeat": 4, "number": 3}], "params": [["10000", "30000", "50000"], ["10000", "30000", "50000"]]}, "commit_and_checkout.CheckoutCommit.time_checkout_write_enabled": {"result": [0.1380825455, 0.23670065966666665, 0.3349018395000001, 0.3323227115, 0.4306963786666667, 0.5443449861666666, 0.5136025501666666, 0.6322909151666667, 0.7514839658333333], "stats": [{"ci_99": [0.13418395269709407, 0.1420658098029059], "q_25": 0.13754279666666666, "q_75": 0.1386646300833333, "min": 0.13607583366666667, "max": 0.14025860033333326, "mean": 0.13812488124999997, "std": 0.0014798725577632966, "repeat": 4, "number": 3}, {"ci_99": [0.22621692739408056, 0.24865157710591948], "q_25": 0.23387145008333332, "q_75": 0.24026346183333327, "min": 0.23343204133333337, "max": 0.24290364833333325, "mean": 0.23743425224999998, "std": 0.003917987037679877, "repeat": 4, "number": 3}, {"ci_99": [0.31147543537799666, 0.36431498395533657], "q_25": 0.32978557858333335, "q_75": 0.34301147058333337, "min": 0.32888928533333334, "max": 0.35288787433333324, "mean": 0.3378952096666667, "std": 0.009620599537830822, "repeat": 4, "number": 3}, {"ci_99": [0.304883459715964, 0.3672871632840359], "q_25": 0.3297627113333333, "q_75": 0.33864531166666667, "min": 0.32342802033333334, "max": 0.35626780266666663, "mean": 0.3360853115, "std": 0.012209181764960945, "repeat": 4, "number": 3}, {"ci_99": [0.38573116704927124, 0.4931434219507285], "q_25": 0.42633810891666674, "q_75": 0.44379556425, "min": 0.4205174226666668, "max": 0.47583899799999996, "mean": 0.4394372945000001, "std": 0.0214915485229535, "repeat": 4, "number": 3}, {"ci_99": [0.5204479059127771, 0.5672152049205561], "q_25": 0.5374086119166667, "q_75": 0.5507679296666667, "min": 0.5333584756666667, "max": 0.5532777736666666, "mean": 0.5438315554166666, "std": 0.008091010453195028, "repeat": 4, "number": 3}, {"ci_99": [0.48391321424029393, 0.5519963565930393], "q_25": 0.5108149057499999, "q_75": 0.5207424298333333, "min": 0.504435977, "max": 0.5401780643333333, "mean": 0.5179547854166666, "std": 0.013373396517720765, "repeat": 4, "number": 3}, {"ci_99": [0.6156388848509279, 0.6520123174824055], "q_25": 0.6297719711666667, "q_75": 0.6363445451666666, "min": 0.6259878106666669, "max": 0.6447327636666668, "mean": 0.6338256011666666, "std": 0.006860586272603761, "repeat": 4, "number": 3}, {"ci_99": [0.6837095690309255, 0.8270335021357416], "q_25": 0.7343525661666667, "q_75": 0.77250293525, "min": 0.7272887686666666, "max": 0.791229442, "mean": 0.7553715355833333, "std": 0.025205978028228174, "repeat": 4, "number": 3}], "params": [["10000", "30000", "50000"], ["10000", "30000", "50000"]]}, "commit_and_checkout.MakeCommit.time_commit": {"result": [0.048845684, 0.09662862500000002, 0.15573252999999998, 0.09797557300000015, 0.15512541349999998, 0.20919306049999986, 0.15142964549999982, 0.20760979850000028, 0.26806721750000007], "stats": [{"ci_99": [0.04691184299999995, 0.06313780000000002],