{"results": {"arrayset_sample_reads.FLOAT32_DType.time_read_5000_samples": {"result": [2.1042611492499996, 0.20629305075000004], "stats": [{"ci_99": [2.0497418422492917, 2.1769344030007085], "q_25": 2.0942710638749995, "q_75": 2.123328208, "min": 2.092513029, "max": 2.152317163, "mean": 2.1133381226249996, "std": 0.0239515459341236, "repeat": 4, "number": 2}, {"ci_99": [0.16896002001090096, 0.26364747198909955], "q_25": 0.20478380087500006, "q_75": 0.21781299587500003, "min": 0.2021658745, "max": 0.2504630080000001, "mean": 0.21630374600000005, "std": 0.019798820473494287, "repeat": 4, "number": 2}], "params": [["'hdf5_00'", "'numpy_10'"]]}, "arrayset_sample_reads.UINT16_DType.time_read_5000_samples": {"result": [1.5960870842499997, 0.12559784774999994], "stats": [{"ci_99": [1.5405416310553897, 1.6374654549446104], "q_25": 1.5810118697499997, "q_75": 1.6040787575, "min": 1.559710999, "max": 1.6041290045, "mean": 1.5890035429999998, "std": 0.01812722170140324, "repeat": 4, "number": 2}, {"ci_99": [0.1137884944523559, 0.13839631029764402], "q_25": 0.12288791762499987, "q_75": 0.12880233250000006, "min": 0.12076125550000005, "max": 0.13241265850000006, "mean": 0.126092402375, "std": 0.004383613726632871, "repeat": 4, "number": 2}], "params": [["'hdf5_00'", "'numpy_10'"]]}, "arrayset_sample_writes.HDF5_00.time_add_float32_5000_samples": {"result": [2.96234477125], "stats": [{"ci_99": [2.8026280808777964, 3.125411331872204], "q_25": 2.913975434875, "q_75": 3.01238904275, "min": 2.9008713775, "max": 3.0305179055000004, "mean": 2.9640197063750002, "std": 0.05542464384502061, "repeat": 4, "number": 2}]}, "arrayset_sample_writes.HDF5_00.time_add_uint16_5000_samples": {"result": [2.348947654], "stats": [{"ci_99": [2.2440200221849658, 2.442279861815034], "q_25": 2.31707160875, "q_75": 2.37502598725, "min": 2.2963483609999997, "max": 2.3783560990000003, "mean": 2.343149942, "std": 0.034438060390959147, "repeat": 4, "number": 2}]}, "arrayset_sample_writes.NUMPY_10.time_add_float32_5000_samples": {"result": [0.9670903082499998], "stats": [{"ci_99": [0.8955533874605806, 1.0376330797894189], "q_25": 0.9527505696249999, "q_75": 0.9809329722499998, "min": 0.9300388420000001, "max": 1.0021534760000002, "mean": 0.9665932336249999, "std": 0.025946539653103215, "repeat": 4, "number": 2}]}, "arrayset_sample_writes.NUMPY_10.time_add_uint16_5000_samples": {"result": [0.6152518370000001], "stats": [{"ci_99": [0.5532809873443868, 0.6760808736556132], "q_25": 0.599487258625, "q_75": 0.6304455088750001, "min": 0.5856726579999999, "max": 0.64254739, "mean": 0.6146809305000001, "std": 0.021608734509969325, "repeat": 4, "number": 2}]}, "commit_and_checkout.CheckoutCommit.time_checkout_read_only": {"result": [0.14259646066666665, 0.23309845983333335, 0.3597636095, 0.35911497983333335, 0.434911406, 0.5310530178333334, 0.5224725253333333, 0.6299988981666667, 0.7427785376666667], "stats": [{"ci_99": [0.1337817583777075, 0.1528088856222925], "q_25": 0.1408084048333333, "q_75": 0.14508337783333333, "min": 0.1393774333333333, "max": 0.14861093333333333, "mean": 0.14329532199999997, "std": 0.0034648295194154625, "repeat": 4, "number": 3}, {"ci_99": [0.22667898017399188, 0.2411669548260082], "q_25": 0.23161675741666668, "q_75": 0.2354046699166667, "min": 0.23155594666666665, "max": 0.23793900366666673, "mean": 0.23392296750000002, "std": 0.002615460182153875, "repeat": 4, "number": 3}, {"ci_99": [0.344159959906826, 0.3752313465931741], "q_25": 0.3563388774166667, "q_75": 0.36312038533333335, "min": 0.3519642456666667, "max": 0.36729114833333343, "mean": 0.3596956532500001, "std": 0.0055948605546590445, "repeat": 4, "number": 3}, {"ci_99": [0.32503516984309827, 0.3868716508235682], "q_25": 0.3518432823333333, "q_75": 0.36322510783333334, "min": 0.3369583073333333, "max": 0.36862537433333326, "mean": 0.35595341033333333, "std": 0.011747938275583007, "repeat": 4, "number": 3}, {"ci_99": [0.38243531357372595, 0.5021342585929408], "q_25": 0.4237058155, "q_75": 0.45349037658333335, "min": 0.42253345800000003, "max": 0.4767828743333333, "mean": 0.4422847860833333, "std": 0.021925365000514566, "repeat": 4, "number": 3}, {"ci_99": [0.4743765681919099, 0.6122557439747565], "q_25": 0.5282083694166666, "q_75": 0.5461608045, "min": 0.5197519086666667, "max": 0.59140668, "mean": 0.5433161560833333, "std": 0.028145793205019906, "repeat": 4, "number": 3}, {"ci_99": [0.498960820720336, 0.5450683644463307], "q_25": 0.5168760481666667, "q_75": 0.52761106975, "min": 0.5104681376666665, "max": 0.532645182, "mean": 0.5220145925833333, "std": 0.008226476686430041, "repeat": 4, "number": 3}, {"ci_99": [0.5892612668742326, 0.6753854644591007], "q_25": 0.6194003529166666, "q_75": 0.6429219109166666, "min": 0.6157754336666666, "max": 0.6535202326666667, "mean": 0.6323233656666667, "std": 0.015085594893005634, "repeat": 4, "number": 3}, {"ci_99": [0.6868484504426933, 0.8270139867239735], "q_25": 0.7396675988333333, "q_75": 0.7600421574166667, "min": 0.7352305893333334, "max": 0.8069372096666667, "mean": 0.7569312185833333, "std": 0.029057871723384216, "repeat": 4, "number": 3}], "params": [["10000", "30000", "50000"], ["10000", "30000", "50000"]]}, "commit_and_checkout.CheckoutCommit.time_checkout_write_enabled": {"result": [0.143567179, 0.24218830866666669, 0.34751585999999995, 0.35040228799999995, 0.44114032433333333, 0.5567824926666667, 0.5369056225, 0.6493756203333334, 0.7366334994999999], "stats": [{"ci_99": [0.13319705504728582, 0.15739902178604748], "q_25": 0.1422088321666667, "q_75": 0.14665638525, "min": 0.14089041066666672, "max": 0.15316738500000002, "mean": 0.1452980384166667, "std": 0.004717896826234527, "repeat": 4, "number": 3}, {"ci_99": [0.21338967649745244, 0.2751991426692142], "q_25": 0.23784168875000003, "q_75": 0.24864102950000003, "min": 0.23035243600000008, "max": 0.262448585, "mean": 0.24429440958333337, "std": 0.011615404985926876, "repeat": 4, "number": 3}, {"ci_99": [0.3219819242492369, 0.3834124534174298], "q_25": 0.34591069091666665, "q_75": 0.35430235791666664, "min": 0.34187531566666673, "max": 0.3738817196666666, "mean": 0.3526971888333333, "std": 0.012447136901573015, "repeat": 4, "number": 3}, {"ci_99": [0.32732617766631295, 0.37639332950035365], "q_25": 0.3469112990833333, "q_75": 0.3553507424999999, "min": 0.3405373823333333, "max": 0.3660970559999999, "mean": 0.35185975358333327, "std": 0.009204334676181791, "repeat": 4, "number": 3}, {"ci_99": [0.4180798278319392, 0.4721721005013943], "q_25": 0.43848500775000004, "q_75": 0.44778128074999995, "min": 0.43522903100000015, "max": 0.46299417699999984, "mean": 0.44512596416666667, "std": 0.01065273097854518, "repeat": 4, "number": 3}, {"ci_99": [0.538491017328655, 0.5733350263380114], "q_25": 0.55269650875, "q_75": 0.55999900575, "min": 0.546353899, "max": 0.5637332030000001, "mean": 0.5559130218333334, "std": 0.006360421760330828, "repeat": 4, "number": 3}, {"ci_99": [0.4953317838320649, 0.5963935488346017], "q_25": 0.5324137700833333, "q_75": 0.55035451875, "min": 0.5293611273333333, "max": 0.5802782930000001, "mean": 0.5458626663333334, "std": 0.02025669645353275, "repeat": 4, "number": 3}, {"ci_99": [0.5489193126262375, 0.7982390645404297], "q_25": 0.64150708475, "q_75": 0.6814477241666668, "min": 0.6343987389999999, "max": 0.7611667746666667, "mean": 0.6735791885833333, "std": 0.05108521854017418, "repeat": 4, "number": 3}, {"ci_99": [0.6974709900855998, 0.7714492894143999], "q_25": 0.7252552182499999, "q_75": 0.7458384209999999, "min": 0.7163226829999999, "max": 0.7482508769999999, "mean": 0.7344601397499999, "std": 0.012939712253821178, "repeat": 4, "number": 3}], "params": [["10000", "30000", "50000"], ["10000", "30000", "50000"]]}, "commit_and_checkout.MakeCommit.time_commit": {"result": [0.04786594899999996, 0.10486304499999999, 0.14398030649999993, 0.09439326250000013, 0.14583677249999993, 0.19397871449999982, 0.144384073, 0.19693502400000007, 0.2519722379999998],