{"results": {"arrayset_sample_reads.FLOAT32_DType.time_read_5000_samples": {"result": [1.4079646265, 0.12071505699999996], "stats": [{"ci_99": [1.386450840810136, 1.4312589399398636], "q_25": 1.403089935, "q_75": 1.4137295818749998, "min": 1.3990767974999994, "max": 1.420413511, "mean": 1.4088548903749998, "std": 0.007997161862997926, "repeat": 4, "number": 2}, {"ci_99": [0.11762152729382376, 0.12342501420617623], "q_25": 0.11975070112500003, "q_75": 0.12148762662499993, "min": 0.11916417300000015, "max": 0.12149879599999991, "mean": 0.12052327075, "std": 0.0010068031113311773, "repeat": 4, "number": 2}], "params": [["'hdf5_00'", "'numpy_10'"]]}, "arrayset_sample_reads.UINT16_DType.time_read_5000_samples": {"result": [1.19133038875, 0.07995585350000001], "stats": [{"ci_99": [1.178510274625605, 1.2039891161243947], "q_25": 1.189329709875, "q_75": 1.1932503742499998, "min": 1.1844369869999998, "max": 1.197901017, "mean": 1.1912496953749998, "std": 0.004768111763533366, "repeat": 4, "number": 2}, {"ci_99": [0.07781891333692204, 0.0819862169130779], "q_25": 0.07934390562499996, "q_75": 0.08051451300000002, "min": 0.07895031199999991, "max": 0.08074824149999998, "mean": 0.07990256512499998, "std": 0.0007228199935194599, "repeat": 4, "number": 2}], "params": [["'hdf5_00'", "'numpy_10'"]]}, "arrayset_sample_writes.HDF5_00.time_add_float32_5000_samples": {"result": [3.003623439], "stats": [{"ci_99": [2.6903883479343267, 3.4974488038156704], "q_25": 2.98998498575, "q_75": 3.107557029125, "min": 2.9815294249999997, "max": 3.3868980004999996, "mean": 3.0939185758749996, "std": 0.16956475892324907, "repeat": 4, "number": 2}]}, "arrayset_sample_writes.HDF5_00.time_add_uint16_5000_samples": {"result": [2.3386019184999998], "stats": [{"ci_99": [1.9004589918426644, 2.7968836644073356], "q_25": 2.1999603495, "q_75": 2.487312897125, "min": 2.1893043045, "max": 2.528177171, "mean": 2.348671328125, "std": 0.15355891138711664, "repeat": 4, "number": 2}]}, "arrayset_sample_writes.NUMPY_10.time_add_float32_5000_samples": {"result": [0.83939663125], "stats": [{"ci_99": [0.766624079076528, 0.9127469381734719], "q_25": 0.8153156881250001, "q_75": 0.86376645175, "min": 0.813583535, "max": 0.8663652370000001, "mean": 0.8396855086250001, "std": 0.024990610143556705, "repeat": 4, "number": 2}]}, "arrayset_sample_writes.NUMPY_10.time_add_uint16_5000_samples": {"result": [0.5373895864999999], "stats": [{"ci_99": [0.4892463900889555, 0.5967991134110441], "q_25": 0.5265292051249999, "q_75": 0.5538831331249999, "min": 0.5243715905, "max": 0.5729402435, "mean": 0.5430227517499999, "std": 0.019442698833114305, "repeat": 4, "number": 2}]}, "commit_and_checkout.CheckoutCommit.time_checkout_read_only": {"result": [0.1341235958333333, 0.2280652183333333, 0.3163765746666667, 0.30052254700000003, 0.38992408850000004, 0.4834761611666667, 0.47736124366666666, 0.5766319488333335, 0.6945732963333333], "stats": [{"ci_99": [0.11813841088542874, 0.14909549811457123], "q_25": 0.12897902849999998, "q_75": 0.13876152183333332, "min": 0.12716934700000002, "max": 0.1390512793333333, "mean": 0.1336169545, "std": 0.005311883864700992, "repeat": 4, "number": 3}, {"ci_99": [0.20894978648049667, 0.24844631668616984], "q_25": 0.22199307316666664, "q_75": 0.23477019675, "min": 0.2219848506666667, "max": 0.23667691899999999, "mean": 0.2286980515833333, "std": 0.0067676747404086515, "repeat": 4, "number": 3}, {"ci_99": [0.27199945233695005, 0.3703720459963831], "q_25": 0.3064282465, "q_75": 0.33113407733333333, "min": 0.303537444, "max": 0.3484524033333333, "mean": 0.32118574916666665, "std": 0.017766823533991578, "repeat": 4, "number": 3}, {"ci_99": [0.2898155821452643, 0.31051511668806897], "q_25": 0.2973696493333333, "q_75": 0.3033182470833333, "min": 0.2954303423333333, "max": 0.3041859613333333, "mean": 0.30016534941666667, "std": 0.0035848813092494887, "repeat": 4, "number": 3}, {"ci_99": [0.37740504563813926, 0.40302642269519406], "q_25": 0.3858597218333334, "q_75": 0.3942801008333333, "min": 0.3858347423333334, "max": 0.39518001733333336, "mean": 0.3902157341666667, "std": 0.004384924026125763, "repeat": 4, "number": 3}, {"ci_99": [0.4609332443712183, 0.5026200539621151], "q_25": 0.47686535558333326, "q_75": 0.48838745475000006, "min": 0.4711149943333332, "max": 0.4890392799999999, "mean": 0.4817766491666666, "std": 0.007352907449427751, "repeat": 4, "number": 3}, {"ci_99": [0.44929238431769425, 0.5041627153489724], "q_25": 0.47034150083333337, "q_75": 0.4837472926666666, "min": 0.4631879553333334, "max": 0.4889997566666667, "mean": 0.4767275498333333, "std": 0.009717271821054186, "repeat": 4, "number": 3}, {"ci_99": [0.5500949911425294, 0.5976747446908041], "q_25": 0.5696964123333333, "q_75": 0.5808204044166668, "min": 0.5599241493333333, "max": 0.5823514246666667, "mean": 0.5738848679166667, "std": 0.008785417192030645, "repeat": 4, "number": 3}, {"ci_99": [0.6331098810123926, 0.7553087904876074], "q_25": 0.674548822, "q_75": 0.7142338100833334, "min": 0.6710864609999998, "max": 0.7166042893333334, "mean": 0.69420933575, "std": 0.02090841180892828, "repeat": 4, "number": 3}], "params": [["10000", "30000", "50000"], ["10000", "30000", "50000"]]}, "commit_and_checkout.CheckoutCommit.time_checkout_write_enabled": {"result": [0.13343255033333334, 0.22319871799999996, 0.31586570533333325, 0.30960485316666675, 0.3966962766666667, 0.4945887754999999, 0.49328745600000007, 0.5802570376666667, 0.6813575458333334], "stats": [{"ci_99": [0.12749492200027673, 0.13847404549972328], "q_25": 0.13210625316666666, "q_75": 0.1343107809166667, "min": 0.1297742106666667, "max": 0.13529862366666667, "mean": 0.13298448375000002, "std": 0.002041158716437271, "repeat": 4, "number": 3}, {"ci_99": [0.2186505136846299, 0.2271851044820368], "q_25": 0.2219761183333333, "q_75": 0.22414040875000002, "min": 0.22068021833333332, "max": 0.2245935820000001, "mean": 0.22291780908333333, "std": 0.0015184735718002404, "repeat": 4, "number": 3}, {"ci_99": [0.2720755129351194, 0.3879819240648802], "q_25": 0.3156790622499999, "q_75": 0.3302153615833333, "min": 0.31566089999999997, "max": 0.37272256333333337, "mean": 0.33002871849999993, "std": 0.02464977537318485, "repeat": 4, "number": 3}, {"ci_99": [0.29936872661857367, 0.32032403938142634], "q_25": 0.3063040949166667, "q_75": 0.31314714125, "min": 0.3062295486666667, "max": 0.313946277, "mean": 0.30984638300000006, "std": 0.0035871458302937326, "repeat": 4, "number": 3}, {"ci_99": [0.38723123145486027, 0.4081515437118064], "q_25": 0.3955216525833333, "q_75": 0.39886601166666674, "min": 0.3932071223333333, "max": 0.4041658746666667, "mean": 0.3976913875833334, "std": 0.004010396211458995, "repeat": 4, "number": 3}, {"ci_99": [0.48814476464408235, 0.5022967530225844], "q_25": 0.49314310991666654, "q_75": 0.49666642441666675, "min": 0.49259523966666663, "max": 0.49911024466666687, "mean": 0.49522075883333333, "std": 0.0025500395996442575, "repeat": 4, "number": 3}, {"ci_99": [0.47958181037080927, 0.5072758971291907], "q_25": 0.49065985416666674, "q_75": 0.4960564555833334, "min": 0.4865114466666666, "max": 0.5006290563333333, "mean": 0.49342885375, "std": 0.005070317431027737, "repeat": 4, "number": 3}, {"ci_99": [0.5704284247966823, 0.593283083036651], "q_25": 0.579353677, "q_75": 0.5827591145833334, "min": 0.5774782909999999, "max": 0.5894306493333333, "mean": 0.5818557539166667, "std": 0.004522384203821755, "repeat": 4, "number": 3}, {"ci_99": [0.6584846300130063, 0.7039184423203272], "q_25": 0.6781139654166667, "q_75": 0.6844451165833334, "min": 0.6689823236666669, "max": 0.6931087293333332, "mean": 0.6812015361666667, "std": 0.008532567628028441, "repeat": 4, "number": 3}], "params": [["10000", "30000", "50000"], ["10000", "30000", "50000"]]}, "commit_and_checkout.MakeCommit.time_commit": {"result": [0.042795146499999936, 0.08900239599999993, 0.13658911649999994, 0.08344817250000003, 0.1356773145000001, 0.1842016274999999, 0.13098721299999982, 0.18479171049999987, 0.2335044275],