{"results": {"arrayset_sample_reads.FLOAT32_DType.time_read_5000_samples": {"result": [1.6583888227499997, 0.13546749650000006], "stats": [{"ci_99": [1.5513741574087798, 1.7503322675912198], "q_25": 1.6378499181249997, "q_75": 1.671392117125, "min": 1.5914248705, "max": 1.695210334, "mean": 1.6508532124999997, "std": 0.03763023665504668, "repeat": 4, "number": 2}, {"ci_99": [0.10970608809087083, 0.16931067790912896], "q_25": 0.1309717728750001, "q_75": 0.14400410662500004, "min": 0.12919295399999997, "max": 0.15790558500000018, "mean": 0.13950838300000007, "std": 0.011269273381588616, "repeat": 4, "number": 2}], "params": [["'hdf5_00'", "'numpy_10'"]]}, "arrayset_sample_reads.UINT16_DType.time_read_5000_samples": {"result": [1.3413889335000002, 0.08929575675000001], "stats": [{"ci_99": [1.238324018373981, 1.4397683553760185], "q_25": 1.3242953279999998, "q_75": 1.3561397923750003, "min": 1.2836124149999995, "max": 1.3897944655000005, "mean": 1.339046186875, "std": 0.03769690565619865, "repeat": 4, "number": 2}, {"ci_99": [0.08239469631408271, 0.09474148568591728], "q_25": 0.08803545274999994, "q_75": 0.08982839500000006, "min": 0.08459319649999997, "max": 0.09108765399999996, "mean": 0.08856809099999999, "std": 0.0024100033736429, "repeat": 4, "number": 2}], "params": [["'hdf5_00'", "'numpy_10'"]]}, "arrayset_sample_writes.HDF5_00.time_add_float32_5000_samples": {"result": [3.6593488182500007], "stats": [{"ci_99": [3.3549740289364536, 3.8555809550635467], "q_25": 3.5970895347500003, "q_75": 3.6675367755000003, "min": 3.424159103, "max": 3.6782532284999996, "mean": 3.605277492, "std": 0.1049039524174563, "repeat": 4, "number": 2}]}, "arrayset_sample_writes.HDF5_00.time_add_uint16_5000_samples": {"result": [2.6196943467500002], "stats": [{"ci_99": [2.3052423624837166, 2.9694320745162854], "q_25": 2.5489474288749996, "q_75": 2.708084136375, "min": 2.4977532984999997, "max": 2.8122068820000004, "mean": 2.6373372185, "std": 0.11879517102998349, "repeat": 4, "number": 2}]}, "arrayset_sample_writes.NUMPY_10.time_add_float32_5000_samples": {"result": [0.9125038362499999], "stats": [{"ci_99": [0.8134615899729954, 0.9884989582770047], "q_25": 0.8902512714999999, "q_75": 0.923232838875, "min": 0.8451645624999999, "max": 0.9337488615, "mean": 0.9009802741249999, "std": 0.03376063361747105, "repeat": 4, "number": 2}]}, "arrayset_sample_writes.NUMPY_10.time_add_uint16_5000_samples": {"result": [0.58128900625], "stats": [{"ci_99": [0.5101630405003587, 0.6488805529996418], "q_25": 0.56097157525, "q_75": 0.59983922775, "min": 0.5477721339999999, "max": 0.6077370405, "mean": 0.5795217967499999, "std": 0.024068278923094138, "repeat": 4, "number": 2}]}, "commit_and_checkout.CheckoutCommit.time_checkout_read_only": {"result": [0.1384689208333334, 0.23029684016666668, 0.3614901625, 0.33286133700000003, 0.4600960328333333, 0.5377174841666668, 0.5217306505000001, 0.6207246371666666, 0.7400985631666668], "stats": [{"ci_99": [0.12538814173837257, 0.14992707509496073], "q_25": 0.1345997504166667, "q_75": 0.14152677883333337, "min": 0.13162643766666662, "max": 0.14206615433333333, "mean": 0.1376576084166667, "std": 0.004292239599245135, "repeat": 4, "number": 3}, {"ci_99": [0.22314517998884767, 0.23725178334448563], "q_25": 0.22820236008333328, "q_75": 0.23229296175000005, "min": 0.22713106733333324, "max": 0.233069179, "mean": 0.23019848166666665, "std": 0.0024344546906650234, "repeat": 4, "number": 3}, {"ci_99": [0.30227256819176496, 0.4117927083082346], "q_25": 0.34414321749999993, "q_75": 0.37437958325000004, "min": 0.32900608300000006, "max": 0.37614414500000004, "mean": 0.35703263825, "std": 0.019320437531007942, "repeat": 4, "number": 3}, {"ci_99": [0.32339258976150426, 0.34250226540516243], "q_25": 0.33093130908333335, "q_75": 0.3348774555, "min": 0.3282367563333334, "max": 0.3378302799999999, "mean": 0.33294742758333334, "std": 0.0034704789738046384, "repeat": 4, "number": 3}, {"ci_99": [0.4148740135917701, 0.5009802380748964], "q_25": 0.45271650916666656, "q_75": 0.4653066495, "min": 0.4329644146666667, "max": 0.47855202299999994, "mean": 0.45792712583333334, "std": 0.01627265545823537, "repeat": 4, "number": 3}, {"ci_99": [0.49672409692056885, 0.5909167294127646], "q_25": 0.53160949925, "q_75": 0.5499283980833334, "min": 0.5262651469999998, "max": 0.5735815373333334, "mean": 0.5438204131666666, "std": 0.018068212158339165, "repeat": 4, "number": 3}, {"ci_99": [0.4986626941039894, 0.5496471743960106], "q_25": 0.5162123626666668, "q_75": 0.5296732220833333, "min": 0.5153028906666667, "max": 0.5378555453333332, "mean": 0.52415493425, "std": 0.009113381580443586, "repeat": 4, "number": 3}, {"ci_99": [0.6047256133552908, 0.6407542423113758], "q_25": 0.6171254009166667, "q_75": 0.6263391640833332, "min": 0.6166813576666667, "max": 0.6328290793333332, "mean": 0.6227399278333332, "std": 0.006527670098940999, "repeat": 4, "number": 3}, {"ci_99": [0.6671714668954657, 0.849491873604534], "q_25": 0.7325604026666667, "q_75": 0.7658698307500001, "min": 0.7317428746666668, "max": 0.8213866800000001, "mean": 0.7583316702500001, "std": 0.03692346837284135, "repeat": 4, "number": 3}], "params": [["10000", "30000", "50000"], ["10000", "30000", "50000"]]}, "commit_and_checkout.CheckoutCommit.time_checkout_write_enabled": {"result": [0.14617694150000002, 0.2452321403333333, 0.33993081999999997, 0.33381429916666666, 0.43378838833333333, 0.5553523048333333, 0.5473955675, 0.6710937665000001, 0.7834026778333332], "stats": [{"ci_99": [0.13926786125865614, 0.15465308107467723], "q_25": 0.14467934108333336, "q_75": 0.14845807158333332, "min": 0.14419162833333332, "max": 0.15129637333333334, "mean": 0.1469604711666667, "std": 0.0027954866858670635, "repeat": 4, "number": 3}, {"ci_99": [0.23198678667137884, 0.2615870546619545], "q_25": 0.2425757444166666, "q_75": 0.24944331658333335, "min": 0.24131238566666668, "max": 0.2553710163333333, "mean": 0.24678692066666666, "std": 0.005442537005461496, "repeat": 4, "number": 3}, {"ci_99": [0.300453010453022, 0.3991978947136443], "q_25": 0.33844408808333326, "q_75": 0.3513121845, "min": 0.33432155633333327, "max": 0.38511861399999997, "mean": 0.3498254525833333, "std": 0.020504943835194685, "repeat": 4, "number": 3}, {"ci_99": [0.3199443544112342, 0.34810387658876574], "q_25": 0.33192514025, "q_75": 0.33591327441666663, "min": 0.32676121799999996, "max": 0.3417066456666667, "mean": 0.3340241155, "std": 0.005289502431628659, "repeat": 4, "number": 3}, {"ci_99": [0.41573836277195364, 0.4528442503947132], "q_25": 0.43011906175, "q_75": 0.4379606331666667, "min": 0.42555021899999995, "max": 0.44403823066666676, "mean": 0.43429130658333337, "std": 0.006729206498195357, "repeat": 4, "number": 3}, {"ci_99": [0.5131061895514335, 0.6102617872818995], "q_25": 0.5512186106666667, "q_75": 0.5658176825833333, "min": 0.5425742516666666, "max": 0.5934570923333332, "mean": 0.5616839884166667, "std": 0.019092071790611734, "repeat": 4, "number": 3}, {"ci_99": [0.5009020165258756, 0.6212288196407908], "q_25": 0.54526398325, "q_75": 0.5631970023333333, "min": 0.5447252480000001, "max": 0.6047452893333333, "mean": 0.5610654180833333, "std": 0.025279846687909734, "repeat": 4, "number": 3}, {"ci_99": [0.611011181672593, 0.7149766469940735], "q_25": 0.6583107584166668, "q_75": 0.6757769224166668, "min": 0.6281854456666668, "max": 0.6816026786666667, "mean": 0.6629939143333334, "std": 0.02064073383859806, "repeat": 4, "number": 3}, {"ci_99": [0.7238797118387417, 0.8372564961612585], "q_25": 0.7685492662499999, "q_75": 0.7954215155833332, "min": 0.750748318, "max": 0.8047187423333334, "mean": 0.780568104, "std": 0.020295731699339528, "repeat": 4, "number": 3}], "params": [["10000", "30000", "50000"], ["10000", "30000", "50000"]]}, "commit_and_checkout.MakeCommit.time_commit": {"result": [0.0477581245, 0.09647260499999977, 0.1442005229999999, 0.0909183134999999, 0.14210125449999994, 0.19482224699999995, 0.13879458499999986, 0.20290635600000018, 0.2614451889999999],