{"results": {"arrayset_sample_reads.FLOAT32_DType.time_read_5000_samples": {"result": [2.0093691327500003, 0.20639998625], "stats": [{"ci_99": [1.8830888857678456, 2.1244273837321552], "q_25": 1.9793853957500003, "q_75": 2.03374187175, "min": 1.9394324630000002, "max": 2.056861810499999, "mean": 2.00375813475, "std": 0.04352090393266492, "repeat": 4, "number": 2}, {"ci_99": [0.18273388840154467, 0.23426078384845533], "q_25": 0.20144906449999997, "q_75": 0.21344825787500007, "min": 0.19829919950000008, "max": 0.2228901725000001, "mean": 0.20849733612500004, "std": 0.009359334454239093, "repeat": 4, "number": 2}], "params": [["'hdf5_00'", "'numpy_10'"]]}, "arrayset_sample_reads.UINT16_DType.time_read_5000_samples": {"result": [1.57276675975, 0.12071315024999996], "stats": [{"ci_99": [1.5002650105855828, 1.666125270914416], "q_25": 1.5585627298749998, "q_75": 1.5973991706249997, "min": 1.5547476235, "max": 1.6324994199999998, "mean": 1.5831951407499998, "std": 0.030790281147953923, "repeat": 4, "number": 2}, {"ci_99": [0.10819822322410647, 0.13401872052589367], "q_25": 0.11709132662499996, "q_75": 0.12473029550000003, "min": 0.1161781165000001, "max": 0.12682947050000015, "mean": 0.12110847187500004, "std": 0.0044542491509694995, "repeat": 4, "number": 2}], "params": [["'hdf5_00'", "'numpy_10'"]]}, "arrayset_sample_writes.HDF5_00.time_add_float32_5000_samples": {"result": [2.7978587382500004], "stats": [{"ci_99": [2.5969545301321735, 3.064710764117827], "q_25": 2.75833878575, "q_75": 2.8703525996250003, "min": 2.7565829675000004, "max": 2.9710301445000002, "mean": 2.8308326471250003, "std": 0.0871417367024723, "repeat": 4, "number": 2}]}, "arrayset_sample_writes.HDF5_00.time_add_uint16_5000_samples": {"result": [2.2790554277500004], "stats": [{"ci_99": [2.0691363149655855, 2.474198222034414], "q_25": 2.2280291766249998, "q_75": 2.322693519625, "min": 2.1671255245, "max": 2.3614326940000003, "mean": 2.2716672685, "std": 0.07242933288012826, "repeat": 4, "number": 2}]}, "arrayset_sample_writes.NUMPY_10.time_add_float32_5000_samples": {"result": [0.9885006632500002], "stats": [{"ci_99": [0.9194445514959918, 1.041291917754008], "q_25": 0.97123003725, "q_75": 0.9976388606250002, "min": 0.942753774, "max": 1.001717838, "mean": 0.980368234625, "std": 0.023043097218442415, "repeat": 4, "number": 2}]}, "arrayset_sample_writes.NUMPY_10.time_add_uint16_5000_samples": {"result": [0.6225192187499999], "stats": [{"ci_99": [0.5863443535560277, 0.6628797099439723], "q_25": 0.61692583025, "q_75": 0.6302054202499999, "min": 0.606790115, "max": 0.6466195745, "mean": 0.62461203175, "std": 0.014322388186988097, "repeat": 4, "number": 2}]}, "commit_and_checkout.CheckoutCommit.time_checkout_read_only": {"result": [0.15533332066666666, 0.2364358525, 0.3462512633333333, 0.324650911, 0.4354044121666667, 0.5392590826666668, 0.5087290391666668, 0.5993030158333333, 0.7163033821666667], "stats": [{"ci_99": [0.13251326634367083, 0.17045204482299575], "q_25": 0.15046319974999997, "q_75": 0.1563527765, "min": 0.13800126399999998, "max": 0.15726271700000005, "mean": 0.15148265558333335, "std": 0.007839610829862658, "repeat": 4, "number": 3}, {"ci_99": [0.21430610160441138, 0.25813935739558863], "q_25": 0.22936352449999997, "q_75": 0.2432950575, "min": 0.22761283700000004, "max": 0.244406376, "mean": 0.2362227295, "std": 0.007506685639361033, "repeat": 4, "number": 3}, {"ci_99": [0.32784819148506394, 0.3651106596816026], "q_25": 0.34253855141666667, "q_75": 0.35019213749999994, "min": 0.3373403146666667, "max": 0.3560748609999999, "mean": 0.3464794255833333, "std": 0.006773853751179447, "repeat": 4, "number": 3}, {"ci_99": [0.30752352617915024, 0.34171731465418304], "q_25": 0.3197597581666667, "q_75": 0.32951157325, "min": 0.3172893766666666, "max": 0.33189048299999996, "mean": 0.32462042041666667, "std": 0.0059095709154442675, "repeat": 4, "number": 3}, {"ci_99": [0.4082413725489457, 0.4615763126177207], "q_25": 0.42916832075000005, "q_75": 0.441144934, "min": 0.4213980889999999, "max": 0.447428457, "mean": 0.43490884258333334, "std": 0.009570256325753273, "repeat": 4, "number": 3}, {"ci_99": [0.5190603147900111, 0.562502945709989], "q_25": 0.5353673490833334, "q_75": 0.5446733638333334, "min": 0.5315715143333334, "max": 0.5530368413333333, "mean": 0.54078163025, "std": 0.007960045091243352, "repeat": 4, "number": 3}, {"ci_99": [0.49067241329740424, 0.5284038555359292], "q_25": 0.5038163999166667, "q_75": 0.5144507736666667, "min": 0.5022532826666667, "max": 0.5184411766666667, "mean": 0.5095381344166667, "std": 0.0065615318451494485, "repeat": 4, "number": 3}, {"ci_99": [0.5775344529375106, 0.6281974808958228], "q_25": 0.5960570420833333, "q_75": 0.6061119406666666, "min": 0.5938238473333334, "max": 0.6190339886666667, "mean": 0.6028659669166667, "std": 0.009760505297839681, "repeat": 4, "number": 3}, {"ci_99": [0.7009633590375975, 0.7364812857957359], "q_25": 0.7140829605, "q_75": 0.7209427440833334, "min": 0.7122220730000001, "max": 0.7300604523333334, "mean": 0.7187223224166667, "std": 0.006848901038072258, "repeat": 4, "number": 3}], "params": [["10000", "30000", "50000"], ["10000", "30000", "50000"]]}, "commit_and_checkout.CheckoutCommit.time_checkout_write_enabled": {"result": [0.139167362, 0.23827999899999996, 0.33729793283333337, 0.3182563483333333, 0.41844409166666663, 0.5202627583333335, 0.5177360841666667, 0.6241066739999999, 0.751754029], "stats": [{"ci_99": [0.13234402962458272, 0.14803691104208394], "q_25": 0.13818359366666666, "q_75": 0.14117423866666665, "min": 0.1372521406666667, "max": 0.14517501666666666, "mean": 0.14019047033333334, "std": 0.0030199175233747793, "repeat": 4, "number": 3}, {"ci_99": [0.20970618309635555, 0.2702356677369777], "q_25": 0.23042635041666665, "q_75": 0.24782457399999996, "min": 0.22893602866666665, "max": 0.254387675, "mean": 0.23997092541666665, "std": 0.010530637312705107, "repeat": 4, "number": 3}, {"ci_99": [0.32342789059657107, 0.3532294900700957], "q_25": 0.3346992315, "q_75": 0.3409273916666667, "min": 0.33193651300000004, "max": 0.34678238266666667, "mean": 0.33832869033333335, "std": 0.005479045546845523, "repeat": 4, "number": 3}, {"ci_99": [0.303397193891021, 0.3337323574423123], "q_25": 0.3147859295833333, "q_75": 0.3220351944166667, "min": 0.3116615333333333, "max": 0.3260848726666667, "mean": 0.31856477566666663, "std": 0.005389723950098284, "repeat": 4, "number": 3}, {"ci_99": [0.39753610977940074, 0.4436417555539326], "q_25": 0.4139490671666666, "q_75": 0.4250839571666667, "min": 0.41195720766666666, "max": 0.4335103396666666, "mean": 0.4205889326666666, "std": 0.008366963850286622, "repeat": 4, "number": 3}, {"ci_99": [0.5035380640586816, 0.5325651826079851], "q_25": 0.5160556899166667, "q_75": 0.5222586917500001, "min": 0.5088436626666667, "max": 0.5228373139999999, "mean": 0.5180516233333333, "std": 0.005567083093761747, "repeat": 4, "number": 3}, {"ci_99": [0.49445346868329837, 0.542287491983368], "q_25": 0.5114424130833334, "q_75": 0.5246641514166667, "min": 0.5085618133333333, "max": 0.5294479396666666, "mean": 0.5183704803333333, "std": 0.008315900431739714, "repeat": 4, "number": 3}, {"ci_99": [0.614172730766337, 0.6371556530669962], "q_25": 0.6231134743333333, "q_75": 0.6266573915833332, "min": 0.6212224443333333, "max": 0.6332209753333333, "mean": 0.6256641919166666, "std": 0.004526288511551492, "repeat": 4, "number": 3}, {"ci_99": [0.7384579928670199, 0.7627200196329799], "q_25": 0.7492696963333333, "q_75": 0.7530733389166666, "min": 0.7430578813333333, "max": 0.7557900856666665, "mean": 0.7505890062499999, "std": 0.004659022611805942, "repeat": 4, "number": 3}], "params": [["10000", "30000", "50000"], ["10000", "30000", "50000"]]}, "commit_and_checkout.MakeCommit.time_commit": {"result": [0.048953197000000004, 0.09334541099999993, 0.14718800999999998, 0.09319816550000015, 0.1494778790000001, 0.20234501000000016, 0.14544586999999998, 0.19783540799999977, 0.2569118969999997],