{"results": {"arrayset_sample_reads.FLOAT32_DType.time_read_5000_samples": {"result": [2.0373612717499996, 0.20133925675000003], "stats": [{"ci_99": [1.8086728867032855, 2.2407594990467135], "q_25": 1.97644172675, "q_75": 2.0856357378749997, "min": 1.9126595435000002, "max": 2.1114826845000003, "mean": 2.024716192875, "std": 0.07673095260211255, "repeat": 4, "number": 2}, {"ci_99": [0.17806901984177387, 0.23373061415822619], "q_25": 0.1989496705, "q_75": 0.20828940325, "min": 0.19619971449999996, "max": 0.22472103999999993, "mean": 0.20589981699999998, "std": 0.011116057236309545, "repeat": 4, "number": 2}], "params": [["'hdf5_00'", "'numpy_10'"]]}, "arrayset_sample_reads.UINT16_DType.time_read_5000_samples": {"result": [1.46786097675, 0.11751591549999996], "stats": [{"ci_99": [1.4015660310253097, 1.5223392874746902], "q_25": 1.44935313425, "q_75": 1.48046050175, "min": 1.4289095015, "max": 1.4831791819999998, "mean": 1.4619526592499998, "std": 0.02171231460160437, "repeat": 4, "number": 2}, {"ci_99": [0.10441478670158572, 0.13774955154841423], "q_25": 0.11690999299999999, "q_75": 0.12168809162499994, "min": 0.11618568500000004, "max": 0.13311116049999994, "mean": 0.12108216912499997, "std": 0.006970907776954446, "repeat": 4, "number": 2}], "params": [["'hdf5_00'", "'numpy_10'"]]}, "arrayset_sample_writes.HDF5_00.time_add_float32_5000_samples": {"result": [2.8669167725], "stats": [{"ci_99": [2.6615262939694353, 3.035410985030565], "q_25": 2.8094274926250002, "q_75": 2.9059579193750005, "min": 2.7461836695, "max": 2.9138573434999997, "mean": 2.8484686395, "std": 0.06721170033939018, "repeat": 4, "number": 2}]}, "arrayset_sample_writes.HDF5_00.time_add_uint16_5000_samples": {"result": [2.2828559787500002], "stats": [{"ci_99": [2.08097210662434, 2.49336497612566], "q_25": 2.217433287125, "q_75": 2.352591233, "min": 2.2159065095, "max": 2.3670556984999997, "mean": 2.2871685413750003, "std": 0.07057801609026139, "repeat": 4, "number": 2}]}, "arrayset_sample_writes.NUMPY_10.time_add_float32_5000_samples": {"result": [0.9329250572500001], "stats": [{"ci_99": [0.8685484682624846, 1.021199783987515], "q_25": 0.9280993453750002, "q_75": 0.9496998379999999, "min": 0.9169584955000001, "max": 0.9966878945, "mean": 0.944874126125, "std": 0.030626716409283536, "repeat": 4, "number": 2}]}, "arrayset_sample_writes.NUMPY_10.time_add_uint16_5000_samples": {"result": [0.5957971205000001], "stats": [{"ci_99": [0.5585739508461287, 0.6365177529038717], "q_25": 0.5866484766250001, "q_75": 0.60669449575, "min": 0.5815000075000001, "max": 0.617089159, "mean": 0.5975458518750001, "std": 0.013747816543072616, "repeat": 4, "number": 2}]}, "commit_and_checkout.CheckoutCommit.time_checkout_read_only": {"result": [0.139404042, 0.22641026649999998, 0.331124703, 0.32312508016666663, 0.4364906675000001, 0.5131814608333334, 0.5013676955, 0.6093918418333332, 0.7014350671666667], "stats": [{"ci_99": [0.1348719296409936, 0.14622939802567306], "q_25": 0.13916722141666668, "q_75": 0.14078748441666666, "min": 0.13878810166666666, "max": 0.14460646966666668, "mean": 0.14055066383333334, "std": 0.0023563778789330333, "repeat": 4, "number": 3}, {"ci_99": [0.19712669740908273, 0.27164839525758366], "q_25": 0.22503398741666666, "q_75": 0.23576382541666666, "min": 0.22345489966666668, "max": 0.26127475266666667, "mean": 0.2343875463333333, "std": 0.015581746779019802, "repeat": 4, "number": 3}, {"ci_99": [0.31607004588520793, 0.34192589094812537], "q_25": 0.3274588035, "q_75": 0.3326638679166667, "min": 0.320540682, "max": 0.3332017856666667, "mean": 0.32899796841666673, "std": 0.005048321651316065, "repeat": 4, "number": 3}, {"ci_99": [0.27439176949933985, 0.3805730575006601], "q_25": 0.31062548733333334, "q_75": 0.3399820063333333, "min": 0.3090235083333333, "max": 0.35465598533333337, "mean": 0.32748241349999996, "std": 0.01873137776854529, "repeat": 4, "number": 3}, {"ci_99": [0.38744529183076465, 0.48969644600256873], "q_25": 0.42280173866666676, "q_75": 0.45225979775, "min": 0.41910040666666665, "max": 0.46220173400000003, "mean": 0.43857086891666675, "std": 0.01772309763034586, "repeat": 4, "number": 3}, {"ci_99": [0.4748055963217827, 0.5673214608448838], "q_25": 0.5078265260833335, "q_75": 0.5264184633333333, "min": 0.5063660303333334, "max": 0.5515251623333334, "mean": 0.5210635285833334, "std": 0.01813545160694163, "repeat": 4, "number": 3}, {"ci_99": [0.47769302287429627, 0.5234631321257037], "q_25": 0.49475724233333335, "q_75": 0.5071885306666667, "min": 0.48968112433333344, "max": 0.5098957946666666, "mean": 0.5005780774999999, "std": 0.007987365397272992, "repeat": 4, "number": 3}, {"ci_99": [0.5735865339880869, 0.6423354808452462], "q_25": 0.5987077003333332, "q_75": 0.6186451489166664, "min": 0.5921270253333333, "max": 0.6209333206666666, "mean": 0.6079610074166666, "std": 0.011908720323227923, "repeat": 4, "number": 3}, {"ci_99": [0.6903974425406988, 0.711039182625968], "q_25": 0.6985481539166665, "q_75": 0.7036052258333335, "min": 0.6951827616666667, "max": 0.7048203543333335, "mean": 0.7007183125833334, "std": 0.0036989124261524848, "repeat": 4, "number": 3}], "params": [["10000", "30000", "50000"], ["10000", "30000", "50000"]]}, "commit_and_checkout.CheckoutCommit.time_checkout_write_enabled": {"result": [0.14139091633333334, 0.23904251283333328, 0.32654922583333335, 0.3226169205, 0.41946787249999995, 0.5534715951666667, 0.5448587923333332, 0.6520808491666668, 0.8424745401666667], "stats": [{"ci_99": [0.12557726870904207, 0.158063786290958], "q_25": 0.13684714208333332, "q_75": 0.14636430175000004, "min": 0.13548369833333332, "max": 0.14901657899999998, "mean": 0.1418205275, "std": 0.005606967252154178, "repeat": 4, "number": 3}, {"ci_99": [0.2153876926104413, 0.26762241755622523], "q_25": 0.2345441325833333, "q_75": 0.24600343533333324, "min": 0.23122911633333335, "max": 0.2567060783333333, "mean": 0.2415050550833333, "std": 0.00964137229892433, "repeat": 4, "number": 3}, {"ci_99": [0.31970082959289736, 0.335904623740436], "q_25": 0.32559698408333326, "q_75": 0.3287549684166667, "min": 0.3250264253333333, "max": 0.33308602966666667, "mean": 0.32780272666666666, "std": 0.0031593166006184423, "repeat": 4, "number": 3}, {"ci_99": [0.3098912614753444, 0.337649771857989], "q_25": 0.31942616983333333, "q_75": 0.32696126733333336, "min": 0.31887511833333343, "max": 0.33097310733333335, "mean": 0.3237705166666667, "std": 0.004913977697988636, "repeat": 4, "number": 3}, {"ci_99": [0.3898579829718885, 0.46769866902811125], "q_25": 0.4188741794166667, "q_75": 0.4293720190833332, "min": 0.41881056666666666, "max": 0.4573669923333333, "mean": 0.42877832599999993, "std": 0.01651281808570107, "repeat": 4, "number": 3}, {"ci_99": [0.5043409960470757, 0.5966898111195909], "q_25": 0.5389258924166667, "q_75": 0.5650611063333332, "min": 0.5279409006666667, "max": 0.5671775233333333, "mean": 0.5505154035833333, "std": 0.016137202022839064, "repeat": 4, "number": 3}, {"ci_99": [0.5207954912162657, 0.5676125497837342], "q_25": 0.5370728876666666, "q_75": 0.5519899251666667, "min": 0.5346445026666667, "max": 0.5524539946666667, "mean": 0.5442040204999999, "std": 0.008025668525556558, "repeat": 4, "number": 3}, {"ci_99": [0.5712088445391812, 0.7434787122941525], "q_25": 0.6403749249166667, "q_75": 0.6690497026666667, "min": 0.6175421046666667, "max": 0.7076713106666667, "mean": 0.6573437784166667, "std": 0.03242671882455785, "repeat": 4, "number": 3}, {"ci_99": [0.43919602824916654, 1.2774535839174979], "q_25": 0.7185060842499998, "q_75": 0.982293262, "min": 0.7127841409999999, "max": 1.0355660029999998, "mean": 0.8583248060833333, "std": 0.14395905100511722, "repeat": 4, "number": 3}], "params": [["10000", "30000", "50000"], ["10000", "30000", "50000"]]}, "commit_and_checkout.MakeCommit.time_commit": {"result": [0.053141047500000094, 0.09945179849999997, 0.15310387749999999, 0.09384403650000017, 0.1550182579999999, 0.1985664454999998, 0.14556582100000015, 0.1992313255, 0.24588865299999996],