{"results": {"arrayset_sample_reads.FLOAT32_DType.time_read_5000_samples": {"result": [1.960098098, 0.2116818615], "stats": [{"ci_99": [1.7761657504891795, 2.147357189010821], "q_25": 1.916508674125, "q_75": 2.0053508936249997, "min": 1.875207829, "max": 2.0516418539999997, "mean": 1.9617614697499999, "std": 0.06586787893400933, "repeat": 4, "number": 2}, {"ci_99": [0.17964261577489937, 0.24185468472510038], "q_25": 0.202274364, "q_75": 0.22015614774999995, "min": 0.19664936099999997, "max": 0.2229815169999998, "mean": 0.21074865024999995, "std": 0.010766287194266349, "repeat": 4, "number": 2}], "params": [["'hdf5_00'", "'numpy_10'"]]}, "arrayset_sample_reads.UINT16_DType.time_read_5000_samples": {"result": [1.4384081907499997, 0.11798028400000005], "stats": [{"ci_99": [1.2964587557957463, 1.5852068997042525], "q_25": 1.3946897176249995, "q_75": 1.484551300875, "min": 1.3865902775, "max": 1.4999246519999998, "mean": 1.4408328277499998, "std": 0.04952503552586496, "repeat": 4, "number": 2}, {"ci_99": [0.11630513450962052, 0.11947641899037954], "q_25": 0.11746684987500006, "q_75": 0.11840421087500003, "min": 0.117151848, "max": 0.11845069100000005, "mean": 0.11789077675000004, "std": 0.0005498132883941773, "repeat": 4, "number": 2}], "params": [["'hdf5_00'", "'numpy_10'"]]}, "arrayset_sample_writes.HDF5_00.time_add_float32_5000_samples": {"result": [2.7929829815], "stats": [{"ci_99": [2.7499701012463107, 2.825668864753689], "q_25": 2.784887028375, "q_75": 2.795915436125, "min": 2.7628188525, "max": 2.8024931164999995, "mean": 2.787819483, "std": 0.014956314441993208, "repeat": 4, "number": 2}]}, "arrayset_sample_writes.HDF5_00.time_add_uint16_5000_samples": {"result": [2.3387137585], "stats": [{"ci_99": [2.244633697703598, 2.4278961175464016], "q_25": 2.312028292, "q_75": 2.362950374125, "min": 2.2939618645, "max": 2.3736702490000003, "mean": 2.336264907625, "std": 0.03183805380236776, "repeat": 4, "number": 2}]}, "arrayset_sample_writes.NUMPY_10.time_add_float32_5000_samples": {"result": [0.9581248927500001], "stats": [{"ci_99": [0.9061500599158623, 1.0069250905841378], "q_25": 0.948036317875, "q_75": 0.966626150125, "min": 0.9289727815, "max": 0.980927734, "mean": 0.95653757525, "std": 0.0186254080577026, "repeat": 4, "number": 2}]}, "arrayset_sample_writes.NUMPY_10.time_add_uint16_5000_samples": {"result": [0.5836097977500001], "stats": [{"ci_99": [0.570339019588465, 0.5923129919115352], "q_25": 0.5805853108750001, "q_75": 0.584350492625, "min": 0.5735872885, "max": 0.5844971390000001, "mean": 0.58132600575, "std": 0.004509225330512939, "repeat": 4, "number": 2}]}, "commit_and_checkout.CheckoutCommit.time_checkout_read_only": {"result": [0.25459010233333335, 0.4787578574999999, 0.6945761774999999, 0.5713276693333333, 0.7772352935, 1.0198417838333333, 0.8850599176666667, 1.1051809583333334, 1.3173716665000001], "stats": [{"ci_99": [0.2443040914694267, 0.2633382430305733], "q_25": 0.25210178383333337, "q_75": 0.25630948575, "min": 0.24841072533333333, "max": 0.25769373900000003, "mean": 0.25382116725000003, "std": 0.003486300734815766, "repeat": 4, "number": 3}, {"ci_99": [0.43678802836447017, 0.521127854468863], "q_25": 0.46742101208333325, "q_75": 0.4902947868333333, "min": 0.46047077033333333, "max": 0.4978452803333333, "mean": 0.4789579414166666, "std": 0.01467405427137888, "repeat": 4, "number": 3}, {"ci_99": [0.6561227231485781, 0.7324575863514219], "q_25": 0.6837554145, "q_75": 0.70511091775, "min": 0.677462847, "max": 0.710545417, "mean": 0.69429015475, "std": 0.0132263496910353, "repeat": 4, "number": 3}, {"ci_99": [0.5555826192758149, 0.586471936390852], "q_25": 0.5681498492500001, "q_75": 0.5742050979166667, "min": 0.5628665690000001, "max": 0.5785872036666667, "mean": 0.5710272778333334, "std": 0.00565562433049124, "repeat": 4, "number": 3}, {"ci_99": [0.711724835556121, 0.8506636676105457], "q_25": 0.7669879045833333, "q_75": 0.7914416405, "min": 0.7490885913333333, "max": 0.821217828, "mean": 0.7811942515833333, "std": 0.02598393673629508, "repeat": 4, "number": 3}, {"ci_99": [0.8923100647434067, 1.1498807697565938], "q_25": 0.9836704514166666, "q_75": 1.0572667496666666, "min": 0.9674530456666665, "max": 1.0772450556666666, "mean": 1.02109541725, "std": 0.04451534805768245, "repeat": 4, "number": 3}, {"ci_99": [0.8514594822690617, 0.9174827552309384], "q_25": 0.8753891075833334, "q_75": 0.8941419288333333, "min": 0.8697512883333335, "max": 0.8980133513333333, "mean": 0.8844711187500001, "std": 0.011425573692486824, "repeat": 4, "number": 3}, {"ci_99": [0.9120052738164184, 1.2974192188502487], "q_25": 1.0430484520833334, "q_75": 1.1668447525833332, "min": 1.0313693943333335, "max": 1.1771176743333334, "mean": 1.1047122463333334, "std": 0.06596558765235339, "repeat": 4, "number": 3}, {"ci_99": [1.2015772753986007, 1.432857794768067], "q_25": 1.2824592080000004, "q_75": 1.352129993583333, "min": 1.270028787, "max": 1.3640980203333335, "mean": 1.3172175350833335, "std": 0.039743132146582025, "repeat": 4, "number": 3}], "params": [["10000", "30000", "50000"], ["10000", "30000", "50000"]]}, "commit_and_checkout.CheckoutCommit.time_checkout_write_enabled": {"result": [0.28032969399999996, 0.5108190416666667, 0.7277663679999999, 0.5801979556666667, 0.8129188165000001, 1.0213943248333335, 0.8932545943333334, 1.0846076103333335, 1.3809736263333332], "stats": [{"ci_99": [0.2469961371112145, 0.30965859472211893], "q_25": 0.2705452133333333, "q_75": 0.2881118465833334, "min": 0.26290737333333336, "max": 0.2897427023333334, "mean": 0.2783273659166667, "std": 0.010964687195956108, "repeat": 4, "number": 3}, {"ci_99": [0.401569627059446, 0.6168046692738871], "q_25": 0.47578098274999997, "q_75": 0.5442252070833333, "min": 0.4663825339999999, "max": 0.5487279753333334, "mean": 0.5091871481666667, "std": 0.03686776091319447, "repeat": 4, "number": 3}, {"ci_99": [0.6809862500416681, 0.7732632282916652], "q_25": 0.7176644259999999, "q_75": 0.7372266811666668, "min": 0.703506638, "max": 0.7494595826666668, "mean": 0.7271247391666666, "std": 0.016699025313015405, "repeat": 4, "number": 3}, {"ci_99": [0.5473539264153197, 0.6104919112513468], "q_25": 0.5711337188333333, "q_75": 0.5879871556666667, "min": 0.5635532963333333, "max": 0.5917424676666666, "mean": 0.5789229188333334, "std": 0.011059990173052732, "repeat": 4, "number": 3}, {"ci_99": [0.7554443875867574, 0.8793210205799092], "q_25": 0.8001916699999999, "q_75": 0.8301098505833334, "min": 0.79273312, "max": 0.8509600633333333, "mean": 0.8173827040833334, "std": 0.022274695775476958, "repeat": 4, "number": 3}, {"ci_99": [0.9782813184766008, 1.080805814690066], "q_25": 1.0165167194166667, "q_75": 1.034421172, "min": 1.0115601336666666, "max": 1.0638254830000002, "mean": 1.0295435665833335, "std": 0.020324126527073334, "repeat": 4, "number": 3}, {"ci_99": [0.8442072802796446, 0.9473675335536889], "q_25": 0.8852012766666667, "q_75": 0.9038407245833334, "min": 0.8716489716666667, "max": 0.9249914673333336, "mean": 0.8957874069166668, "std": 0.019192292807063367, "repeat": 4, "number": 3}, {"ci_99": [1.002586594666177, 1.2098839868338236], "q_25": 1.0799105988333335, "q_75": 1.1109323022500002, "min": 1.0752293353333335, "max": 1.180496607, "mean": 1.1062352907500002, "std": 0.04310249958161378, "repeat": 4, "number": 3}, {"ci_99": [1.3266405717064622, 1.4337184626268713], "q_25": 1.3634882951666667, "q_75": 1.3976648483333334, "min": 1.3589972546666667, "max": 1.3997735613333333, "mean": 1.3801795171666666, "std": 0.018337997667288095, "repeat": 4, "number": 3}], "params": [["10000", "30000", "50000"], ["10000", "30000", "50000"]]}, "commit_and_checkout.MakeCommit.time_commit": {"result": [0.10136613350000001, 0.20759853150000007, 0.304502846, 0.20654269950000004, 0.3089328374999999, 0.4122183989999999, 0.2979104505, 0.39964778449999994, 0.5046848519999998], "stats": [{"ci_99": [0.09846217800000001, 0.11034865000000005], "q_25": 0.09925194574999996, "q_75": 0.10366947800000004, "min": 0.09846217800000001,