{"results": {"arrayset_sample_reads.FLOAT32_DType.time_read_5000_samples": {"result": [2.1037656725, 0.19824823525000002], "stats": [{"ci_99": [1.8164517195865368, 2.354696247663462], "q_25": 2.0461734742499997, "q_75": 2.1431661818749994, "min": 1.9283621819999999, "max": 2.2064024074999997, "mean": 2.085573983625, "std": 0.10080712772814315, "repeat": 4, "number": 2}, {"ci_99": [0.16760813617447168, 0.23400872482552823], "q_25": 0.19018989062500002, "q_75": 0.208866775125, "min": 0.18927060249999994, "max": 0.217466649, "mean": 0.2008084305, "std": 0.011660952985004452, "repeat": 4, "number": 2}], "params": [["'hdf5_00'", "'numpy_10'"]]}, "arrayset_sample_reads.UINT16_DType.time_read_5000_samples": {"result": [1.4295936442500001, 0.11255753000000002], "stats": [{"ci_99": [1.400208320591434, 1.4585204751585659], "q_25": 1.4206784989999999, "q_75": 1.4382795431250002, "min": 1.4173024084999994, "max": 1.4409678945000002, "mean": 1.429364397875, "std": 0.010019970419556984, "repeat": 4, "number": 2}, {"ci_99": [0.10901117084079186, 0.11794819715920818], "q_25": 0.11240330100000001, "q_75": 0.113633913, "min": 0.112114614, "max": 0.11668906199999995, "mean": 0.113479684, "std": 0.0018621887156794585, "repeat": 4, "number": 2}], "params": [["'hdf5_00'", "'numpy_10'"]]}, "arrayset_sample_writes.HDF5_00.time_add_float32_5000_samples": {"result": [2.71828945625], "stats": [{"ci_99": [2.511413281545095, 3.038131896454907], "q_25": 2.702264222875, "q_75": 2.790797822375, "min": 2.7008335344999996, "max": 2.961677909, "mean": 2.774772589, "std": 0.10870231434707833, "repeat": 4, "number": 2}]}, "arrayset_sample_writes.HDF5_00.time_add_uint16_5000_samples": {"result": [2.3307954769999997], "stats": [{"ci_99": [1.9544775591228083, 2.7083574046271925], "q_25": 2.2028944302499998, "q_75": 2.459318528625, "min": 2.201754764, "max": 2.4623242094999997, "mean": 2.331417481875, "std": 0.1289118468175722, "repeat": 4, "number": 2}]}, "arrayset_sample_writes.NUMPY_10.time_add_float32_5000_samples": {"result": [1.0043254620000002], "stats": [{"ci_99": [0.973559174710575, 1.0449863442894254], "q_25": 0.998650323875, "q_75": 1.014947897625, "min": 0.9973743964999999, "max": 1.0310657174999998, "mean": 1.0092727595, "std": 0.013421782432253698, "repeat": 4, "number": 2}]}, "arrayset_sample_writes.NUMPY_10.time_add_uint16_5000_samples": {"result": [0.6191650205000001], "stats": [{"ci_99": [0.5763478362358416, 0.6673565402641582], "q_25": 0.6093849179999999, "q_75": 0.63163229075, "min": 0.603226686, "max": 0.6458520259999999, "mean": 0.62185218825, "std": 0.016253979711899805, "repeat": 4, "number": 2}]}, "commit_and_checkout.CheckoutCommit.time_checkout_read_only": {"result": [0.1370660245, 0.2411964231666667, 0.3475758523333334, 0.31274088283333334, 0.4039085358333334, 0.5401813646666667, 0.5022542603333333, 0.5943209166666668, 0.7083275020000002], "stats": [{"ci_99": [0.1217072437044998, 0.15914391212883364], "q_25": 0.13623812575000002, "q_75": 0.14125347666666666, "min": 0.13406573799999996, "max": 0.15350452466666664, "mean": 0.14042557791666666, "std": 0.007650182128421778, "repeat": 4, "number": 3}, {"ci_99": [0.22049839799721296, 0.2602476528361204], "q_25": 0.23577220808333335, "q_75": 0.24579724050000004, "min": 0.23036913133333337, "max": 0.24873012400000002, "mean": 0.2403730254166667, "std": 0.007027267704757916, "repeat": 4, "number": 3}, {"ci_99": [0.3164504334900753, 0.3940025008432581], "q_25": 0.3447099076666667, "q_75": 0.3580924118333334, "min": 0.34347419966666665, "max": 0.3822799643333334, "mean": 0.35522646716666667, "std": 0.01580439779990025, "repeat": 4, "number": 3}, {"ci_99": [0.30515425592444834, 0.32091984607555163], "q_25": 0.31094636466666675, "q_75": 0.31483156916666666, "min": 0.30964543066666667, "max": 0.3170210076666667, "mean": 0.313037051, "std": 0.002795281011779298, "repeat": 4, "number": 3}, {"ci_99": [0.3528640271711563, 0.480250814828844], "q_25": 0.3992195101666668, "q_75": 0.42124644666666666, "min": 0.3973830476666667, "max": 0.46102956466666667, "mean": 0.41655742100000004, "std": 0.02597430706202161, "repeat": 4, "number": 3}, {"ci_99": [0.4737757628992011, 0.6021154734341325], "q_25": 0.51934442425, "q_75": 0.5587825585833335, "min": 0.51027036, "max": 0.5611493833333333, "mean": 0.5379456181666668, "std": 0.022073085555143115, "repeat": 4, "number": 3}, {"ci_99": [0.44764908019356003, 0.5607411329731065], "q_25": 0.4882888254999999, "q_75": 0.5181605414166666, "min": 0.48069602499999986, "max": 0.5315758806666666, "mean": 0.5041951065833332, "std": 0.019817561873745858, "repeat": 4, "number": 3}, {"ci_99": [0.554849136208099, 0.6349994429585675], "q_25": 0.5836934448333334, "q_75": 0.6055517614166667, "min": 0.5778432643333332, "max": 0.6132120606666667, "mean": 0.5949242895833333, "std": 0.013942086097552622, "repeat": 4, "number": 3}, {"ci_99": [0.63775592302844, 0.7815448094715605], "q_25": 0.6885473775000002, "q_75": 0.72943049075, "min": 0.6802249150000002, "max": 0.741721546, "mean": 0.7096503662500001, "std": 0.024881337109504385, "repeat": 4, "number": 3}], "params": [["10000", "30000", "50000"], ["10000", "30000", "50000"]]}, "commit_and_checkout.CheckoutCommit.time_checkout_write_enabled": {"result": [0.14151048649999998, 0.2383823473333333, 0.33521266566666663, 0.316972176, 0.41574376049999995, 0.5135171038333334, 0.5393586788333333, 0.6496035056666667, 0.7451990014999998], "stats": [{"ci_99": [0.12561171052137063, 0.15631433864529606], "q_25": 0.13639567325000002, "q_75": 0.14607783783333333, "min": 0.13451482, "max": 0.1463163053333334, "mean": 0.14096302458333335, "std": 0.0052706308894485895, "repeat": 4, "number": 3}, {"ci_99": [0.22360315771451633, 0.247695741118817], "q_25": 0.23522031849999997, "q_75": 0.23881147825, "min": 0.22690520699999994, "max": 0.23892789599999997, "mean": 0.23564944941666663, "std": 0.0050609326388101426, "repeat": 4, "number": 3}, {"ci_99": [0.30626308867107177, 0.35952782382892823], "q_25": 0.3273498360833333, "q_75": 0.34075828583333334, "min": 0.31838669133333336, "max": 0.3427698023333332, "mean": 0.33289545624999994, "std": 0.00956921332932088, "repeat": 4, "number": 3}, {"ci_99": [0.2863907933422899, 0.3598123541577098], "q_25": 0.31289574200000003, "q_75": 0.32717800774999994, "min": 0.31107532399999993, "max": 0.34738661899999995, "mean": 0.3231015737499999, "std": 0.014436150597684442, "repeat": 4, "number": 3}, {"ci_99": [0.39544079857649056, 0.43674934009017635], "q_25": 0.41103994974999997, "q_75": 0.4207988800833334, "min": 0.406573466, "max": 0.42631929033333343, "mean": 0.41609506933333334, "std": 0.0073504198880778235, "repeat": 4, "number": 3}, {"ci_99": [0.46650466564623366, 0.5825639295204332], "q_25": 0.5081617341666668, "q_75": 0.52988966725, "min": 0.5069677146666667, "max": 0.5641352679999999, "mean": 0.5245342975833333, "std": 0.023284811083044823, "repeat": 4, "number": 3}, {"ci_99": [0.46317859200736794, 0.6128827944926318], "q_25": 0.5149840386666665, "q_75": 0.5624053334166667, "min": 0.5079395696666665, "max": 0.5654658456666666, "mean": 0.53803069325, "std": 0.025651619725528322, "repeat": 4, "number": 3}, {"ci_99": [0.5610641211987619, 0.7242908318012374], "q_25": 0.6304659327500001, "q_75": 0.6618150494166667, "min": 0.594234202, "max": 0.6772686926666666, "mean": 0.6426774765000001, "std": 0.03057343348724794, "repeat": 4, "number": 3}, {"ci_99": [0.7002125471733748, 0.8006140481599583], "q_25": 0.7404628514999999, "q_75": 0.7551494476666666, "min": 0.7291774749999999, "max": 0.7820777126666667, "mean": 0.7504132976666665, "std": 0.019428534794372263, "repeat": 4, "number": 3}], "params": [["10000", "30000", "50000"], ["10000", "30000", "50000"]]}, "commit_and_checkout.MakeCommit.time_commit": {"result": [0.04725842549999998, 0.09438579050000018, 0.14288845550000007, 0.08996293049999998, 0.14280477750000015, 0.19377189900000003, 0.1377032654999999, 0.19419384400000017, 0.25193974750000026],