{"results": {"arrayset_sample_reads.FLOAT32_DType.time_read_5000_samples": {"result": [2.09413787, 0.21089338549999997], "stats": [{"ci_99": [2.03491745356512, 2.1306205806848793], "q_25": 2.08228501325, "q_75": 2.094621873875, "min": 2.0475837125000003, "max": 2.095216616, "mean": 2.082769017125, "std": 0.02032002290997912, "repeat": 4, "number": 2}, {"ci_99": [0.19187203274056602, 0.22960573600943388], "q_25": 0.20589916924999993, "q_75": 0.215733100625, "min": 0.20200930849999987, "max": 0.21915945800000003, "mean": 0.21073888437499996, "std": 0.006604992972840986, "repeat": 4, "number": 2}], "params": [["'hdf5_00'", "'numpy_10'"]]}, "arrayset_sample_reads.UINT16_DType.time_read_5000_samples": {"result": [1.5333896855, 0.11811142775], "stats": [{"ci_99": [1.3483359251409825, 1.7233356443590173], "q_25": 1.475709712375, "q_75": 1.5935157578749999, "min": 1.4654484865000006, "max": 1.6111152815, "mean": 1.5358357847500002, "std": 0.06426807502253484, "repeat": 4, "number": 2}, {"ci_99": [0.11221531455326914, 0.12542015919673094], "q_25": 0.116993273625, "q_75": 0.11993589100000002, "min": 0.11633430749999996, "max": 0.12271378450000014, "mean": 0.11881773687500002, "std": 0.002447394212448311, "repeat": 4, "number": 2}], "params": [["'hdf5_00'", "'numpy_10'"]]}, "arrayset_sample_writes.HDF5_00.time_add_float32_5000_samples": {"result": [2.9767311805], "stats": [{"ci_99": [2.88019333986511, 3.09016999363489], "q_25": 2.9541901631249994, "q_75": 3.0077226841249995, "min": 2.9458326374999997, "max": 3.0414316685, "mean": 2.98518166675, "std": 0.03753586336287898, "repeat": 4, "number": 2}]}, "arrayset_sample_writes.HDF5_00.time_add_uint16_5000_samples": {"result": [2.27142120525], "stats": [{"ci_99": [2.1111070187900327, 2.4298997684599666], "q_25": 2.2179895414999997, "q_75": 2.323935057375, "min": 2.2122273110000004, "max": 2.326943853, "mean": 2.270503393625, "std": 0.054520780045177554, "repeat": 4, "number": 2}]}, "arrayset_sample_writes.NUMPY_10.time_add_float32_5000_samples": {"result": [0.94697358375], "stats": [{"ci_99": [0.8623333916929152, 1.0516263730570854], "q_25": 0.9363908029999999, "q_75": 0.967562663125, "min": 0.9176490079999999, "max": 1.016323354, "mean": 0.956979882375, "std": 0.03642255730173122, "repeat": 4, "number": 2}]}, "arrayset_sample_writes.NUMPY_10.time_add_uint16_5000_samples": {"result": [0.6146091985], "stats": [{"ci_99": [0.5768915565482375, 0.6463970429517625], "q_25": 0.6072977385, "q_75": 0.61895575975, "min": 0.5905569435, "max": 0.6268018585, "mean": 0.61164429975, "std": 0.013209877954826735, "repeat": 4, "number": 2}]}, "commit_and_checkout.CheckoutCommit.time_checkout_read_only": {"result": [0.14270787483333336, 0.24080516116666673, 0.3396850585000001, 0.33288411716666666, 0.42744619900000014, 0.5288840405, 0.5259581808333333, 0.6371633003333332, 0.7308108273333334], "stats": [{"ci_99": [0.1265901226883508, 0.16196799797831585], "q_25": 0.13849868366666665, "q_75": 0.1484882515, "min": 0.13841579866666665, "max": 0.15328469299999994, "mean": 0.14427906033333332, "std": 0.006232724931917542, "repeat": 4, "number": 3}, {"ci_99": [0.2352887452517944, 0.24858970158153892], "q_25": 0.24021046466666673, "q_75": 0.24253391991666665, "min": 0.23969966666666667, "max": 0.24644690466666663, "mean": 0.24193922341666668, "std": 0.0026583491851373724, "repeat": 4, "number": 3}, {"ci_99": [0.3151089135525032, 0.37803707444749707], "q_25": 0.33794124041666673, "q_75": 0.34831681208333337, "min": 0.3378925856666668, "max": 0.36902927333333335, "mean": 0.3465729940000001, "std": 0.01304310625965572, "repeat": 4, "number": 3}, {"ci_99": [0.3137290145495041, 0.35339860811716234], "q_25": 0.3271043954166666, "q_75": 0.3393435330833333, "min": 0.32641390666666653, "max": 0.3420731043333333, "mean": 0.3335638113333333, "std": 0.006819977619316833, "repeat": 4, "number": 3}, {"ci_99": [0.3910037469412302, 0.4639267910587699], "q_25": 0.4162616460833335, "q_75": 0.4386498219166667, "min": 0.4129394983333334, "max": 0.44202917966666666, "mean": 0.4274652690000001, "std": 0.012512043783401884, "repeat": 4, "number": 3}, {"ci_99": [0.4789321490092084, 0.5857970246574583], "q_25": 0.5151540892500001, "q_75": 0.5460945380833333, "min": 0.513608806, "max": 0.5580814603333332, "mean": 0.5323645868333333, "std": 0.01861874180154892, "repeat": 4, "number": 3}, {"ci_99": [0.5036583309863418, 0.5479038456803247], "q_25": 0.5223789065833333, "q_75": 0.5293603625833333, "min": 0.5139380423333334, "max": 0.5372699493333333, "mean": 0.5257810883333334, "std": 0.008268718728813572, "repeat": 4, "number": 3}, {"ci_99": [0.5927929769870655, 0.678234280679601], "q_25": 0.62934467425, "q_75": 0.6433322549166666, "min": 0.6114385609999999, "max": 0.6562893536666667, "mean": 0.6355136288333334, "std": 0.015996303369774374, "repeat": 4, "number": 3}, {"ci_99": [0.6674731532425757, 0.7849443725907569], "q_25": 0.7118882380833333, "q_75": 0.7451313521666666, "min": 0.6968138833333333, "max": 0.7463995136666665, "mean": 0.7262087629166666, "std": 0.020617839884022913, "repeat": 4, "number": 3}], "params": [["10000", "30000", "50000"], ["10000", "30000", "50000"]]}, "commit_and_checkout.CheckoutCommit.time_checkout_write_enabled": {"result": [0.1434277975, 0.23511424166666664, 0.3270869791666666, 0.33374260916666665, 0.4440188893333334, 0.5434335285, 0.5469505288333333, 0.6417785530000001, 0.7390722756666668], "stats": [{"ci_99": [0.1356445313654838, 0.15319952980118287], "q_25": 0.14189682858333336, "q_75": 0.14595299949999999, "min": 0.14125157133333333, "max": 0.149580956, "mean": 0.14442203058333333, "std": 0.003244472960869841, "repeat": 4, "number": 3}, {"ci_99": [0.2161264618369824, 0.2540780939963509], "q_25": 0.22870101608333337, "q_75": 0.24151550349999995, "min": 0.2284416703333334, "max": 0.24173895800000003, "mean": 0.23510227791666669, "std": 0.006489717185397126, "repeat": 4, "number": 3}, {"ci_99": [0.3134701637891069, 0.348168206210893], "q_25": 0.32647918183333324, "q_75": 0.33142698233333334, "min": 0.3257473993333333, "max": 0.3433553823333333, "mean": 0.33081918499999996, "std": 0.007262967312070771, "repeat": 4, "number": 3}, {"ci_99": [0.3024737806236816, 0.35986418370965173], "q_25": 0.32550118891666663, "q_75": 0.3394104024166667, "min": 0.31519187366666657, "max": 0.34199883666666664, "mean": 0.3311689821666666, "std": 0.010392022868762492, "repeat": 4, "number": 3}, {"ci_99": [0.4145708687074452, 0.47974375595922175], "q_25": 0.44074096941666674, "q_75": 0.45043523225000004, "min": 0.4331264166666666, "max": 0.467465054, "mean": 0.44715731233333333, "std": 0.012550540031965662, "repeat": 4, "number": 3}, {"ci_99": [0.5211506480159964, 0.573581725817337], "q_25": 0.5413378461666667, "q_75": 0.5494618692500001, "min": 0.5376676596666667, "max": 0.5649300309999998, "mean": 0.5473661869166666, "std": 0.010428367835934345, "repeat": 4, "number": 3}, {"ci_99": [0.49896241679874387, 0.5901808443679228], "q_25": 0.5342398205000001, "q_75": 0.5572823389166666, "min": 0.5211767150000001, "max": 0.5632087496666666, "mean": 0.5445716305833332, "std": 0.016168174197057964, "repeat": 4, "number": 3}, {"ci_99": [0.6093387486879678, 0.6676482416453657], "q_25": 0.6338751408333335, "q_75": 0.6463969073333333, "min": 0.6209437723333334, "max": 0.6494731023333334, "mean": 0.6384934951666668, "std": 0.01090809814580089, "repeat": 4, "number": 3}, {"ci_99": [0.6519246009793325, 0.8424852898540004], "q_25": 0.7183583039166667, "q_75": 0.7679189171666666, "min": 0.7125717266666666, "max": 0.7981035036666665, "mean": 0.7472049454166666, "std": 0.0340153076688931, "repeat": 4, "number": 3}], "params": [["10000", "30000", "50000"], ["10000", "30000", "50000"]]}, "commit_and_checkout.MakeCommit.time_commit": {"result": [0.047565261000000025, 0.09502032950000006, 0.14526613099999997, 0.09368400399999999, 0.14956380450000017, 0.20452961850000007, 0.14412049449999997, 0.19837087949999999, 0.2534148815],