{"results": {"arrayset_sample_reads.FLOAT32_DType.time_read_5000_samples": {"result": [2.04888399475, 0.22122802349999998], "stats": [{"ci_99": [1.8702185417224775, 2.277094609277523], "q_25": 2.00909394525, "q_75": 2.113446625, "min": 2.0080358625, "max": 2.18882245, "mean": 2.0736565755000003, "std": 0.07400545269815945, "repeat": 4, "number": 2}, {"ci_99": [0.18534058026513223, 0.25639216248486774], "q_25": 0.21116147037500005, "q_75": 0.23093292449999991, "min": 0.20504841350000003, "max": 0.23596102499999994, "mean": 0.22086637137499998, "std": 0.012321154274033555, "repeat": 4, "number": 2}], "params": [["'hdf5_00'", "'numpy_10'"]]}, "arrayset_sample_reads.UINT16_DType.time_read_5000_samples": {"result": [1.5859332005, 0.12599627474999997], "stats": [{"ci_99": [1.5191012122947634, 1.6629252767052367], "q_25": 1.567179101625, "q_75": 1.609767343375, "min": 1.5669138015000001, "max": 1.6252727754999998, "mean": 1.5910132445, "std": 0.025014627962703335, "repeat": 4, "number": 2}, {"ci_99": [0.10643468169400554, 0.1417517688059944], "q_25": 0.12254385524999989, "q_75": 0.12754564475000005, "min": 0.11287763699999998, "max": 0.13150271449999995, "mean": 0.12409322524999997, "std": 0.006856370482784148, "repeat": 4, "number": 2}], "params": [["'hdf5_00'", "'numpy_10'"]]}, "arrayset_sample_writes.HDF5_00.time_add_float32_5000_samples": {"result": [2.92485710575], "stats": [{"ci_99": [2.731981542816279, 3.2024691294337213], "q_25": 2.9137812018749996, "q_75": 2.9783012400000004, "min": 2.8875428459999997, "max": 3.1316442870000003, "mean": 2.967225336125, "std": 0.0961559674801789, "repeat": 4, "number": 2}]}, "arrayset_sample_writes.HDF5_00.time_add_uint16_5000_samples": {"result": [2.2715020837499997], "stats": [{"ci_99": [2.2174346206221482, 2.3563279296278514], "q_25": 2.2700270852499997, "q_75": 2.288356273625, "min": 2.267069761, "max": 2.337451172, "mean": 2.2868812751250003, "std": 0.02925460774102989, "repeat": 4, "number": 2}]}, "arrayset_sample_writes.NUMPY_10.time_add_float32_5000_samples": {"result": [1.0239382194999997], "stats": [{"ci_99": [0.9784170676070375, 1.0563511433929624], "q_25": 1.014623301625, "q_75": 1.026699023375, "min": 0.9906855295, "max": 1.0309744535, "mean": 1.0173841055, "std": 0.015708216940357924, "repeat": 4, "number": 2}]}, "arrayset_sample_writes.NUMPY_10.time_add_uint16_5000_samples": {"result": [0.5943911335000001], "stats": [{"ci_99": [0.5691610004015234, 0.6132514403484766], "q_25": 0.587794424375, "q_75": 0.5978029295, "min": 0.5776339625, "max": 0.598408652, "mean": 0.5912062203749999, "std": 0.008321287711808203, "repeat": 4, "number": 2}]}, "commit_and_checkout.CheckoutCommit.time_checkout_read_only": {"result": [0.13849576350000004, 0.24031379766666666, 0.35064693049999995, 0.3407887173333333, 0.4327372521666666, 0.5396097516666667, 0.5248066408333333, 0.6438665326666667, 0.7360507501666664], "stats": [{"ci_99": [0.12766243291589388, 0.1496990129174395], "q_25": 0.13506450375, "q_75": 0.14211198266666672, "min": 0.134682062, "max": 0.14304930266666668, "mean": 0.1386807229166667, "std": 0.003773993630572817, "repeat": 4, "number": 3}, {"ci_99": [0.23330221616761743, 0.24824807583238256], "q_25": 0.23867161866666664, "q_75": 0.24241732500000002, "min": 0.23778402366666665, "max": 0.24468896499999995, "mean": 0.240775146, "std": 0.0026606201965076303, "repeat": 4, "number": 3}, {"ci_99": [0.3299023713862925, 0.37627679311370765], "q_25": 0.3484374251666666, "q_75": 0.35529908758333334, "min": 0.34332551066666667, "max": 0.36773895733333334, "mean": 0.35308958225, "std": 0.008977548499917602, "repeat": 4, "number": 3}, {"ci_99": [0.30886617016355455, 0.3737512366697786], "q_25": 0.33140997775000003, "q_75": 0.350687443, "min": 0.328468389, "max": 0.35518899, "mean": 0.34130870341666664, "std": 0.011170683320820612, "repeat": 4, "number": 3}, {"ci_99": [0.42252629866147956, 0.4424669726718537], "q_25": 0.43012526124999995, "q_75": 0.43510862658333327, "min": 0.4276199669999999, "max": 0.4368920713333333, "mean": 0.4324966356666666, "std": 0.0035189572626952168, "repeat": 4, "number": 3}, {"ci_99": [0.5105149445016185, 0.5793184976650483], "q_25": 0.5356893064166667, "q_75": 0.5488371663333332, "min": 0.5330132446666666, "max": 0.5674341363333332, "mean": 0.5449167210833332, "std": 0.013448023098631334, "repeat": 4, "number": 3}, {"ci_99": [0.4915382636302316, 0.5571141323697684], "q_25": 0.5186857886666667, "q_75": 0.5304470501666666, "min": 0.5068450736666666, "max": 0.5408464366666667, "mean": 0.5243261979999999, "std": 0.012128702906331388, "repeat": 4, "number": 3}, {"ci_99": [0.6135391220034534, 0.6819621603298802], "q_25": 0.6394208358333334, "q_75": 0.6521963380000001, "min": 0.6342061703333334, "max": 0.6690633290000001, "mean": 0.6477506411666667, "std": 0.013062511170013683, "repeat": 4, "number": 3}, {"ci_99": [0.725096690374927, 0.7500238642917395], "q_25": 0.7337955746666665, "q_75": 0.7398154528333333, "min": 0.7333105406666666, "max": 0.7448290683333333, "mean": 0.7375602773333332, "std": 0.004588528970065341, "repeat": 4, "number": 3}], "params": [["10000", "30000", "50000"], ["10000", "30000", "50000"]]}, "commit_and_checkout.CheckoutCommit.time_checkout_write_enabled": {"result": [0.14189678266666664, 0.23605921666666663, 0.344163358, 0.3383121803333333, 0.4472740213333334, 0.5450189841666667, 0.5259399768333333, 0.644729981, 0.7610174005000001], "stats": [{"ci_99": [0.12783354419586954, 0.15696557230413052], "q_25": 0.13758290766666664, "q_75": 0.14671343325, "min": 0.13725808966666667, "max": 0.148546578, "mean": 0.14239955824999997, "std": 0.005002506860239272, "repeat": 4, "number": 3}, {"ci_99": [0.22134525014468143, 0.2530946070219853], "q_25": 0.23243002266666665, "q_75": 0.2408491225833333, "min": 0.2313168116666667, "max": 0.24544446933333333, "mean": 0.23721992858333332, "std": 0.0056217235755997765, "repeat": 4, "number": 3}, {"ci_99": [0.32929176564336815, 0.3654417391899651], "q_25": 0.3423741264999999, "q_75": 0.3491559839166667, "min": 0.34158986899999993, "max": 0.35955042466666676, "mean": 0.34736675241666665, "std": 0.007193854045892503, "repeat": 4, "number": 3}, {"ci_99": [0.3239232751179652, 0.35392910654870136], "q_25": 0.33596003233333327, "q_75": 0.34127833883333336, "min": 0.3317526123333333, "max": 0.3473277903333334, "mean": 0.3389261908333333, "std": 0.005581327897268292, "repeat": 4, "number": 3}, {"ci_99": [0.37413126052718204, 0.5189045576394846], "q_25": 0.4244772085833333, "q_75": 0.46931472183333345, "min": 0.4171724653333333, "max": 0.47435112833333326, "mean": 0.44651790908333333, "std": 0.02483042680687445, "repeat": 4, "number": 3}, {"ci_99": [0.5171667293354614, 0.5861557891645386], "q_25": 0.5418598570833334, "q_75": 0.5548203863333334, "min": 0.5413713923333332, "max": 0.5752356763333334, "mean": 0.55166125925, "std": 0.013854871271918005, "repeat": 4, "number": 3}, {"ci_99": [0.511218960376056, 0.5386026841239441], "q_25": 0.5230540796666666, "q_75": 0.5277967194166666, "min": 0.5167668476666668, "max": 0.5309964876666667, "mean": 0.52491082225, "std": 0.0051654295064391545, "repeat": 4, "number": 3}, {"ci_99": [0.586985593631491, 0.734087557368509], "q_25": 0.6417054263333334, "q_75": 0.6635611301666667, "min": 0.6391560063333334, "max": 0.7135303336666667, "mean": 0.6605365755, "std": 0.03071898053166657, "repeat": 4, "number": 3}, {"ci_99": [0.7225302405136083, 0.8017074351530589], "q_25": 0.7526663056666667, "q_75": 0.7704699326666667, "min": 0.7439171996666666, "max": 0.7825233506666667, "mean": 0.7621188378333333, "std": 0.014222715997021691, "repeat": 4, "number": 3}], "params": [["10000", "30000", "50000"], ["10000", "30000", "50000"]]}, "commit_and_checkout.MakeCommit.time_commit": {"result": [0.050755004999999964, 0.09560926950000004, 0.1578513184999999, 0.09963567299999987, 0.15277824100000004, 0.2055061545000001, 0.14947674049999993, 0.19673967400000003, 0.257921571], "stats": [{"ci_99": [0.04746348399999989, 0.053571303000000015],