{"results": {"arrayset_sample_reads.FLOAT32_DType.time_read_5000_samples": {"result": [1.6109854685, 0.13626689724999996], "stats": [{"ci_99": [1.3361583652438587, 1.9010948137561408], "q_25": 1.5232769515000002, "q_75": 1.7063351064999996, "min": 1.5212222755000004, "max": 1.7313131454999997, "mean": 1.6186265895, "std": 0.09675853497948646, "repeat": 4, "number": 2}, {"ci_99": [0.13373574724601336, 0.13919421600398663], "q_25": 0.13571896825000002, "q_75": 0.13701291062499993, "min": 0.135368728, "max": 0.137957404, "mean": 0.13646498162499998, "std": 0.00098481059859176, "repeat": 4, "number": 2}], "params": [["'hdf5_00'", "'numpy_10'"]]}, "arrayset_sample_reads.UINT16_DType.time_read_5000_samples": {"result": [1.44278238525, 0.08878983675000002], "stats": [{"ci_99": [1.3712632831979843, 1.5027642158020156], "q_25": 1.4305892119999997, "q_75": 1.4492069227500002, "min": 1.3964873989999997, "max": 1.4660028285000006, "mean": 1.4370137495000002, "std": 0.025252080765763706, "repeat": 4, "number": 2}, {"ci_99": [0.06920137559252659, 0.11464070015747335], "q_25": 0.08588121000000001, "q_75": 0.094829664625, "min": 0.0837093135, "max": 0.10639516449999997, "mean": 0.091921037875, "std": 0.008747672394591715, "repeat": 4, "number": 2}], "params": [["'hdf5_00'", "'numpy_10'"]]}, "arrayset_sample_writes.HDF5_00.time_add_float32_5000_samples": {"result": [3.641888045], "stats": [{"ci_99": [3.034467808641975, 4.434786224358023], "q_25": 3.529339343875, "q_75": 3.847175717625, "min": 3.4951676305, "max": 4.1595643455, "mean": 3.7346270165, "std": 0.2624783321157674, "repeat": 4, "number": 2}]}, "arrayset_sample_writes.HDF5_00.time_add_uint16_5000_samples": {"result": [2.74568355025], "stats": [{"ci_99": [2.467713673046277, 2.9573131892037208], "q_25": 2.67952915575, "q_75": 2.778667825625, "min": 2.5580513085000005, "max": 2.8006353155, "mean": 2.712513431125, "std": 0.09373043957858958, "repeat": 4, "number": 2}]}, "arrayset_sample_writes.NUMPY_10.time_add_float32_5000_samples": {"result": [0.9623586505], "stats": [{"ci_99": [0.7646707383658261, 1.1885345908841742], "q_25": 0.92057891225, "q_75": 1.018382402875, "min": 0.8890146739999998, "max": 1.0926786835, "mean": 0.976602664625, "std": 0.07665710658919493, "repeat": 4, "number": 2}]}, "arrayset_sample_writes.NUMPY_10.time_add_uint16_5000_samples": {"result": [0.6021420767499999], "stats": [{"ci_99": [0.5337183751815336, 0.6595212565684662], "q_25": 0.58577771925, "q_75": 0.612984173375, "min": 0.5602128630000001, "max": 0.621982247, "mean": 0.596619815875, "std": 0.02319874437743049, "repeat": 4, "number": 2}]}, "commit_and_checkout.CheckoutCommit.time_checkout_read_only": {"result": [0.14526288800000003, 0.24071513000000005, 0.349920522, 0.3286185513333333, 0.4312950368333334, 0.5534655386666666, 0.5569178605, 0.6450069068333333, 0.7791629470000001], "stats": [{"ci_99": [0.1300506331796977, 0.15903481865363553], "q_25": 0.14058042358333334, "q_75": 0.14922519033333334, "min": 0.1379240753333333, "max": 0.14972105233333333, "mean": 0.14454272591666667, "std": 0.005012322632642446, "repeat": 4, "number": 3}, {"ci_99": [0.20757010980514684, 0.284785034194853], "q_25": 0.2364070331666667, "q_75": 0.25048566883333334, "min": 0.23201194866666666, "max": 0.2712680793333333, "mean": 0.246177572, "std": 0.015050258027351396, "repeat": 4, "number": 3}, {"ci_99": [0.317892720432492, 0.37770394440084154], "q_25": 0.340690547, "q_75": 0.35702830741666675, "min": 0.332639184, "max": 0.35871310166666664, "mean": 0.3477983324166667, "std": 0.010531434885150731, "repeat": 4, "number": 3}, {"ci_99": [0.31668988903775347, 0.3433048344622466], "q_25": 0.32591662983333325, "q_75": 0.33269928325000003, "min": 0.32537123933333334, "max": 0.3373811050000001, "mean": 0.32999736175, "std": 0.004806895203694614, "repeat": 4, "number": 3}, {"ci_99": [0.399019303364463, 0.45948956013553705], "q_25": 0.42251211858333343, "q_75": 0.43803735, "min": 0.4134562433333333, "max": 0.44097141, "mean": 0.42925443175000005, "std": 0.010743051547329161, "repeat": 4, "number": 3}, {"ci_99": [0.5110051488530855, 0.5885097831469147], "q_25": 0.5433067136666666, "q_75": 0.5599162909999998, "min": 0.5269920876666666, "max": 0.5651066989999999, "mean": 0.5497574659999999, "std": 0.014369494139354011, "repeat": 4, "number": 3}, {"ci_99": [0.5238283436999701, 0.5927470329666966], "q_25": 0.5480124585833333, "q_75": 0.56719309025, "min": 0.5447180363333334, "max": 0.5745969959999998, "mean": 0.5582876883333333, "std": 0.011997796489377972, "repeat": 4, "number": 3}, {"ci_99": [0.6123357577797028, 0.6791975730536304], "q_25": 0.6408956883333333, "q_75": 0.6498778839166668, "min": 0.6287685223333334, "max": 0.6642843256666667, "mean": 0.6457666654166667, "std": 0.012579790844025539, "repeat": 4, "number": 3}, {"ci_99": [0.6708391043211751, 0.9100226386788243], "q_25": 0.7528229738333333, "q_75": 0.8167708446666666, "min": 0.7492610613333334, "max": 0.8541365306666663, "mean": 0.7904308714999999, "std": 0.04263979960008415, "repeat": 4, "number": 3}], "params": [["10000", "30000", "50000"], ["10000", "30000", "50000"]]}, "commit_and_checkout.CheckoutCommit.time_checkout_write_enabled": {"result": [0.14761222333333335, 0.24890694866666668, 0.33636697499999996, 0.334967852, 0.45132179633333325, 0.5480771355, 0.5355326236666667, 0.6252117356666667, 0.7252518788333334], "stats": [{"ci_99": [0.13800473470500302, 0.16113977512833033], "q_25": 0.14634737949999999, "q_75": 0.15083709875, "min": 0.145815569, "max": 0.157249004, "mean": 0.14957225491666667, "std": 0.004557802270314135, "repeat": 4, "number": 3}, {"ci_99": [0.19993320035346207, 0.30478887531320475], "q_25": 0.2416819605, "q_75": 0.259586026, "min": 0.228490136, "max": 0.283140118, "mean": 0.2523610378333333, "std": 0.019729578806808826, "repeat": 4, "number": 3}, {"ci_99": [0.30526211277928933, 0.36607889072071054], "q_25": 0.3260591585833333, "q_75": 0.3459783181666667, "min": 0.3238253903333333, "max": 0.34612266666666675, "mean": 0.33567050175, "std": 0.01040955315084942, "repeat": 4, "number": 3}, {"ci_99": [0.27226707965937125, 0.4247580358406283], "q_25": 0.3266288035833334, "q_75": 0.35685160616666656, "min": 0.3248495083333333, "max": 0.39926501866666647, "mean": 0.34851255774999995, "std": 0.030094309209992388, "repeat": 4, "number": 3}, {"ci_99": [0.4236094009591787, 0.4816093732074879], "q_25": 0.4472064635833333, "q_75": 0.4567247198333333, "min": 0.4386824623333334, "max": 0.4691114933333334, "mean": 0.4526093870833333, "std": 0.01087244993620832, "repeat": 4, "number": 3}, {"ci_99": [0.5394114922636943, 0.5580151254029724], "q_25": 0.5466969945000001, "q_75": 0.5500934498333333, "min": 0.5445565490000001, "max": 0.5541424153333333, "mean": 0.5487133088333334, "std": 0.003480378988323145, "repeat": 4, "number": 3}, {"ci_99": [0.5079480393576881, 0.5567356239756455], "q_25": 0.5303090384166667, "q_75": 0.5375654169166668, "min": 0.5163674796666666, "max": 0.5419345996666668, "mean": 0.5323418316666667, "std": 0.009594632594720112, "repeat": 4, "number": 3}, {"ci_99": [0.5400586877682326, 0.7384558985651013], "q_25": 0.6163011002500001, "q_75": 0.6481679285833334, "min": 0.6018068190000001, "max": 0.7047988823333333, "mean": 0.6392572931666667, "std": 0.03913461759754833, "repeat": 4, "number": 3}, {"ci_99": [0.657787046706876, 0.8061874921264575], "q_25": 0.7083731175833333, "q_75": 0.7488660306666667, "min": 0.7066397493333332, "max": 0.7708055706666667, "mean": 0.7319872694166667, "std": 0.026322669053275675, "repeat": 4, "number": 3}], "params": [["10000", "30000", "50000"], ["10000", "30000", "50000"]]}, "commit_and_checkout.MakeCommit.time_commit": {"result": [0.04755756750000001, 0.09325274150000007, 0.15210927549999997, 0.0958987805, 0.15088296850000005, 0.1938274845000001, 0.14798475850000004, 0.2057339745000002, 0.2549027525000003], "stats": [{"ci_99": [0.04290781099999985, 0.055501779000000084], "q_25": 0.04549942899999998, "q_75": 0.05004372825, "min": 0.04290781099999985,