{"results": {"arrayset_sample_reads.FLOAT32_DType.time_read_5000_samples": {"result": [2.09725582125, 0.19802671150000006], "stats": [{"ci_99": [1.8874047485241172, 2.430128756975881], "q_25": 2.0931614444999997, "q_75": 2.1628611295000004, "min": 2.083385187, "max": 2.3571701815000003, "mean": 2.15876675275, "std": 0.11468967577603453, "repeat": 4, "number": 2}, {"ci_99": [0.1797672322044873, 0.2261062857955127], "q_25": 0.1966727761250001, "q_75": 0.20429069437499997, "min": 0.19628351899999996, "max": 0.2194100939999999, "mean": 0.202936759, "std": 0.009576674128570299, "repeat": 4, "number": 2}], "params": [["'hdf5_00'", "'numpy_10'"]]}, "arrayset_sample_reads.UINT16_DType.time_read_5000_samples": {"result": [1.5304125162499997, 0.11982144175000004], "stats": [{"ci_99": [1.369140854623531, 1.73619304312647], "q_25": 1.49741323675, "q_75": 1.5856662283749998, "min": 1.4899114224999999, "max": 1.6599313405, "mean": 1.5526669488749998, "std": 0.067629068578568, "repeat": 4, "number": 2}, {"ci_99": [0.11424377000872903, 0.126929346741271], "q_25": 0.11901155125000004, "q_75": 0.12139644887500001, "min": 0.11813063499999998, "max": 0.124572715, "mean": 0.12058655837500001, "std": 0.0024302696816074555, "repeat": 4, "number": 2}], "params": [["'hdf5_00'", "'numpy_10'"]]}, "arrayset_sample_writes.HDF5_00.time_add_float32_5000_samples": {"result": [2.94235569875], "stats": [{"ci_99": [2.7963499030843337, 3.0554150506656654], "q_25": 2.9085814932500003, "q_75": 2.959656682375, "min": 2.844537521, "max": 2.974280989, "mean": 2.925882476875, "std": 0.0495251792680543, "repeat": 4, "number": 2}]}, "arrayset_sample_writes.HDF5_00.time_add_uint16_5000_samples": {"result": [2.29368662175], "stats": [{"ci_99": [2.173382277481691, 2.4303962370183094], "q_25": 2.2741945329999993, "q_75": 2.3213813460000003, "min": 2.2439195934999994, "max": 2.376264192, "mean": 2.30188925725, "std": 0.047967217768069934, "repeat": 4, "number": 2}]}, "arrayset_sample_writes.NUMPY_10.time_add_float32_5000_samples": {"result": [0.93264760175], "stats": [{"ci_99": [0.9045650713438822, 0.9698658951561178], "q_25": 0.9283006745, "q_75": 0.9415624105000001, "min": 0.9256482349999999, "max": 0.9579184944999999, "mean": 0.9372154832499999, "std": 0.012531247850233998, "repeat": 4, "number": 2}]}, "arrayset_sample_writes.NUMPY_10.time_add_uint16_5000_samples": {"result": [0.60172911325], "stats": [{"ci_99": [0.5538315974728585, 0.6623217747771415], "q_25": 0.593276500125, "q_75": 0.61652929925, "min": 0.5878997294999999, "max": 0.6409487884999999, "mean": 0.608076686125, "std": 0.020353063324474698, "repeat": 4, "number": 2}]}, "commit_and_checkout.CheckoutCommit.time_checkout_read_only": {"result": [0.1353042673333334, 0.23503565583333336, 0.3284363313333333, 0.31475419316666664, 0.40876163516666675, 0.510569722, 0.5215014509999998, 0.634639824, 0.7110498073333332], "stats": [{"ci_99": [0.1259547653542518, 0.14910439447908164], "q_25": 0.13463771125000004, "q_75": 0.13819613600000002, "min": 0.133831111, "max": 0.145678674, "mean": 0.1375295799166667, "std": 0.00475149325226673, "repeat": 4, "number": 3}, {"ci_99": [0.22843091368371582, 0.24416244398295092], "q_25": 0.23425867716666668, "q_75": 0.23707365750000003, "min": 0.23356962066666664, "max": 0.24154578300000007, "mean": 0.23629667883333336, "std": 0.0031132522557014027, "repeat": 4, "number": 3}, {"ci_99": [0.30171590934669557, 0.3591078796533045], "q_25": 0.3217912193333334, "q_75": 0.3370570064999999, "min": 0.31962803833333336, "max": 0.3451468769999999, "mean": 0.33041189449999997, "std": 0.010141569639956, "repeat": 4, "number": 3}, {"ci_99": [0.30095335046811195, 0.3270467346985548], "q_25": 0.3117494196666667, "q_75": 0.31700481608333336, "min": 0.3066675646666668, "max": 0.3198242193333334, "mean": 0.31400004258333336, "std": 0.0048026102583859165, "repeat": 4, "number": 3}, {"ci_99": [0.39690874194110365, 0.42138933239222964], "q_25": 0.40633133400000004, "q_75": 0.4115793383333334, "min": 0.4034672099999999, "max": 0.4156056683333333, "mean": 0.4091490371666667, "std": 0.004433569582753764, "repeat": 4, "number": 3}, {"ci_99": [0.4642872555530351, 0.5741970714469649], "q_25": 0.50259604625, "q_75": 0.5272158392499999, "min": 0.5020949569999998, "max": 0.553734253, "mean": 0.5192421634999999, "std": 0.02095257057922807, "repeat": 4, "number": 3}, {"ci_99": [0.46447721443817636, 0.5782746458951571], "q_25": 0.5072302088333333, "q_75": 0.5356471723333331, "min": 0.4947610013333333, "max": 0.5477398173333333, "mean": 0.5213759301666665, "std": 0.020050314569004128, "repeat": 4, "number": 3}, {"ci_99": [0.5640466863644967, 0.6975527504688366], "q_25": 0.6124533694166667, "q_75": 0.6529861730000001, "min": 0.6003962166666666, "max": 0.653523009, "mean": 0.6307997184166667, "std": 0.023077709956548887, "repeat": 4, "number": 3}, {"ci_99": [0.6796081908178532, 0.7462930215154802], "q_25": 0.7064540636666667, "q_75": 0.7175463498333331, "min": 0.6974004386666669, "max": 0.7323023713333333, "mean": 0.7129506061666667, "std": 0.012534990385037808, "repeat": 4, "number": 3}], "params": [["10000", "30000", "50000"], ["10000", "30000", "50000"]]}, "commit_and_checkout.CheckoutCommit.time_checkout_write_enabled": {"result": [0.1359123465, 0.23023703799999995, 0.32938762583333336, 0.32125458599999995, 0.43504326783333336, 0.5244629758333332, 0.4997671763333333, 0.6169902035, 0.7300286408333333], "stats": [{"ci_99": [0.13298263571581448, 0.1387199704508522], "q_25": 0.13523023908333334, "q_75": 0.1365334105, "min": 0.1343965303333333, "max": 0.13718398900000003, "mean": 0.13585130308333335, "std": 0.0010279385511427217, "repeat": 4, "number": 3}, {"ci_99": [0.21063503752773263, 0.260299021138934], "q_25": 0.22874458041666665, "q_75": 0.23695948691666663, "min": 0.22830360166666663, "max": 0.25309043966666667, "mean": 0.2354670293333333, "std": 0.010249700687637019, "repeat": 4, "number": 3}, {"ci_99": [0.31607924067378357, 0.34260151332621647], "q_25": 0.32519544050000004, "q_75": 0.33353256233333334, "min": 0.32414166, "max": 0.33444459633333334, "mean": 0.329340377, "std": 0.004543940762851989, "repeat": 4, "number": 3}, {"ci_99": [0.30318940678465667, 0.3347527983820099], "q_25": 0.31658296966666666, "q_75": 0.32364271891666657, "min": 0.30919843066666663, "max": 0.3241768076666666, "mean": 0.31897110258333333, "std": 0.005974993479533106, "repeat": 4, "number": 3}, {"ci_99": [0.4132289996988092, 0.45534774546785733], "q_25": 0.4290359334166667, "q_75": 0.440295707, "min": 0.42413413266666683, "max": 0.4429328219999998, "mean": 0.4342883725833333, "std": 0.007369329979337938, "repeat": 4, "number": 3}, {"ci_99": [0.4825702669080977, 0.5787415785919022], "q_25": 0.5195465656666666, "q_75": 0.5355723329166666, "min": 0.5119288786666667, "max": 0.5617688606666668, "mean": 0.53065592275, "std": 0.018753161397009065, "repeat": 4, "number": 3}, {"ci_99": [0.48110590145872206, 0.5276933108746111], "q_25": 0.4981621105, "q_75": 0.5060046719999999, "min": 0.497328539, "max": 0.520735533, "mean": 0.5043996061666667, "std": 0.009530271171257335, "repeat": 4, "number": 3}, {"ci_99": [0.5660949053966037, 0.6858466669367298], "q_25": 0.607462535, "q_75": 0.6354984546666667, "min": 0.607325951, "max": 0.6625767866666665, "mean": 0.6259707861666666, "std": 0.022520839560212377, "repeat": 4, "number": 3}, {"ci_99": [0.6948730003507549, 0.761144281649245], "q_25": 0.7223096331666667, "q_75": 0.7357276486666666, "min": 0.7093107496666667, "max": 0.7426665326666667, "mean": 0.728008641, "std": 0.012202011605453972, "repeat": 4, "number": 3}], "params": [["10000", "30000", "50000"], ["10000", "30000", "50000"]]}, "commit_and_checkout.MakeCommit.time_commit": {"result": [0.04728525500000008, 0.09956898900000005, 0.154343658, 0.08916153950000016, 0.14464307600000015, 0.19361390450000016, 0.1381835105000001, 0.190719501, 0.24614184799999994], "stats": [{"ci_99": [0.04375145300000005, 0.059748606999999954], "q_25": 0.044933148499999964,