{"results": {"arrayset_data.HDF5_00_FLOAT32_Read_1000.time_read": {"result": [0.3012177804999999], "stats": [{"ci_99": [0.2808073338145425, 0.3306297146854573], "q_25": 0.29913636849999986, "q_75": 0.30779993625, "min": 0.29763627999999986, "max": 0.3228022560000001, "mean": 0.30571852424999996, "std": 0.010033587250474837, "repeat": 4, "number": 1}]}, "arrayset_data.HDF5_00_FLOAT32_Read_5000.time_read": {"result": [1.5034508159999997], "stats": [{"ci_99": [1.4788771861263414, 1.5280634838736586], "q_25": 1.4993445967500003, "q_75": 1.5075765542499995, "min": 1.4906034030000015, "max": 1.5163763049999996, "mean": 1.5034703350000003, "std": 0.009151049365735135, "repeat": 4, "number": 1}]}, "arrayset_data.HDF5_00_FLOAT32_Write_1000.time_write": {"result": [0.6917302085], "stats": [{"ci_99": [0.6652762726038274, 0.7220762503961726], "q_25": 0.68465872, "q_75": 0.7007477499999999, "min": 0.683587312, "max": 0.707657317, "mean": 0.6936762615000001, "std": 0.009937254631609242, "repeat": 4, "number": 1}]}, "arrayset_data.HDF5_00_FLOAT32_Write_5000.time_write": {"result": [3.238436556], "stats": [{"ci_99": [3.098174242244033, 3.446437737255968], "q_25": 3.22638431925, "q_75": 3.2843582265, "min": 3.21821934, "max": 3.394131507, "mean": 3.27230598975, "std": 0.07112527461072879, "repeat": 4, "number": 1}]}, "arrayset_data.HDF5_00_UINT16_Read_1000.time_read": {"result": [0.2526809039999999], "stats": [{"ci_99": [0.24825665917643555, 0.25649029332356427], "q_25": 0.2513606912499999, "q_75": 0.2536936889999999, "min": 0.250326952, "max": 0.25380514499999995, "mean": 0.25237347624999995, "std": 0.0014431458744599088, "repeat": 4, "number": 1}]}, "arrayset_data.HDF5_00_UINT16_Read_5000.time_read": {"result": [1.3612543065], "stats": [{"ci_99": [1.1827081468514096, 1.5334392106485906], "q_25": 1.3312466174999997, "q_75": 1.3880813677500001, "min": 1.2626739449999995, "max": 1.4471121570000003, "mean": 1.3580736787499998, "std": 0.06548175577088149, "repeat": 4, "number": 1}]}, "arrayset_data.HDF5_00_UINT16_Write_1000.time_write": {"result": [0.5725969329999999], "stats": [{"ci_99": [0.5049733214612682, 0.6377238655387317], "q_25": 0.5527820192499999, "q_75": 0.5911635072499999, "min": 0.542102197, "max": 0.598098311, "mean": 0.5713485935, "std": 0.02292631725790799, "repeat": 4, "number": 1}]}, "arrayset_data.HDF5_00_UINT16_Write_5000.time_write": {"result": [2.6654598524999997], "stats": [{"ci_99": [2.290659670209087, 2.974079711290914], "q_25": 2.600957609, "q_75": 2.69687193425, "min": 2.41876937, "max": 2.779789688, "mean": 2.63236969075, "std": 0.13188644616007614, "repeat": 4, "number": 1}]}, "arrayset_data.NUMPY_10_FLOAT32_Read_1000.time_read": {"result": [0.03673274050000008], "stats": [{"ci_99": [0.03217998694605606, 0.04287812355394408], "q_25": 0.035991129750000045, "q_75": 0.03827066600000009, "min": 0.035738468999999995, "max": 0.040912271000000056, "mean": 0.037529055250000054, "std": 0.0020484693572795356, "repeat": 4, "number": 1}]}, "arrayset_data.NUMPY_10_FLOAT32_Read_5000.time_read": {"result": [0.18008121249999987], "stats": [{"ci_99": [0.13527055069059615, 0.2275584703094038], "q_25": 0.17271878725, "q_75": 0.18877693574999976, "min": 0.15871220800000008, "max": 0.2067834089999998, "mean": 0.1814145104999999, "std": 0.017154019260977756, "repeat": 4, "number": 1}]}, "arrayset_data.NUMPY_10_FLOAT32_Write_1000.time_write": {"result": [0.17159277450000002], "stats": [{"ci_99": [0.16258823813164636, 0.18234572386835368], "q_25": 0.16985106725000002, "q_75": 0.17420868825000002, "min": 0.168526517, "max": 0.178155858, "mean": 0.172466981, "std": 0.003633181895332589, "repeat": 4, "number": 1}]}, "arrayset_data.NUMPY_10_FLOAT32_Write_5000.time_write": {"result": [0.8800761305000001], "stats": [{"ci_99": [0.8342509850643143, 0.9307445654356856], "q_25": 0.8680921955, "q_75": 0.8944817102500001, "min": 0.8637764299999999, "max": 0.9060624100000001, "mean": 0.8824977752500001, "std": 0.016881337114333823, "repeat": 4, "number": 1}]}, "arrayset_data.NUMPY_10_UINT16_Read_1000.time_read": {"result": [0.024986374499999964], "stats": [{"ci_99": [0.0212830987289711, 0.02898872477102883], "q_25": 0.024456060499999974, "q_75": 0.025666225749999966, "min": 0.023254486999999935, "max": 0.02731641100000004, "mean": 0.025135911749999976, "std": 0.0014467851841288655, "repeat": 4, "number": 1}]}, "arrayset_data.NUMPY_10_UINT16_Read_5000.time_read": {"result": [0.10922755650000016], "stats": [{"ci_99": [0.1013360573328605, 0.11724522616713964], "q_25": 0.10776128400000012, "q_75": 0.11075691425000012, "min": 0.1052672400000001, "max": 0.11344021399999993, "mean": 0.10929064175000008, "std": 0.0029249328726830386, "repeat": 4, "number": 1}]}, "arrayset_data.NUMPY_10_UINT16_Write_1000.time_write": {"result": [0.11723522249999999], "stats": [{"ci_99": [0.0956534414157895, 0.13859193558421043], "q_25": 0.11011795249999998, "q_75": 0.12423995849999998, "min": 0.10915792099999999, "max": 0.12486238799999994, "mean": 0.11712268849999997, "std": 0.007344577436829645, "repeat": 4, "number": 1}]}, "arrayset_data.NUMPY_10_UINT16_Write_5000.time_write": {"result": [0.5602432225], "stats": [{"ci_99": [0.5438078403083993, 0.5735566836916006], "q_25": 0.556687684, "q_75": 0.5622378004999999, "min": 0.5495294589999999, "max": 0.564713144, "mean": 0.5586822619999999, "std": 0.005651411893843845, "repeat": 4, "number": 1}]}, "commit_and_checkout.CheckoutCommit.time_checkout_read_only": {"result": [0.06704022300000001, 0.13258985, 0.20890078000000006, 0.27836310999999997], "stats": [{"ci_99": [0.06045564312021164, 0.0751010583797884], "q_25": 0.06563349300000001, "q_75": 0.06918508075000002, "min": 0.06510979800000005, "max": 0.07192315900000001, "mean": 0.06777835075000002, "std": 0.0026658364322427303, "repeat": 4, "number": 1}, {"ci_99": [0.11945431656019402, 0.14939866893980583], "q_25": 0.12965123099999998, "q_75": 0.13736511175, "min": 0.1296368579999998, "max": 0.14288941300000002, "mean": 0.13442649274999996, "std": 0.005443409474899271, "repeat": 4, "number": 1}, {"ci_99": [0.16134041599148907, 0.2582677105085111], "q_25": 0.19487606424999995, "q_75": 0.22382877900000012, "min": 0.19085709699999986, "max": 0.23055759600000003, "mean": 0.20980406325, "std": 0.01668195122992686, "repeat": 4, "number": 1}, {"ci_99": [0.2459471291290063, 0.3097631138709936], "q_25": 0.267823128, "q_75": 0.28839510349999997, "min": 0.26535711000000006, "max": 0.2893371560000002, "mean": 0.2778551215, "std": 0.010925104432209568, "repeat": 4, "number": 1}], "params": [["5000", "20000"], ["5000", "20000"]]}, "commit_and_checkout.CheckoutCommit.time_checkout_write_enabled": {"result": [0.0680395715, 0.14070826749999998, 0.20608145300000003, 0.2953766709999999], "stats": [{"ci_99": [0.06359585338598495, 0.07311614111401503], "q_25": 0.06707255625000005, "q_75": 0.06932301249999995, "min": 0.06640934399999998, "max": 0.07093550199999998, "mean": 0.06835599725, "std": 0.0017143818518415405, "repeat": 4, "number": 1}, {"ci_99": [0.1346597902099812, 0.14518303729001888], "q_25": 0.13923272624999997, "q_75": 0.14139695500000005, "min": 0.136556448, "max": 0.14171267200000015, "mean": 0.13992141375000003, "std": 0.0020279732843993116, "repeat": 4, "number": 1}, {"ci_99": [0.19636382572414568, 0.21472008327585432], "q_25": 0.20363026950000007, "q_75": 0.20799313799999997, "min": 0.2006443950000001, "max": 0.2093605169999999, "mean": 0.2055419545, "std": 0.0032935113828851913, "repeat": 4, "number": 1}, {"ci_99": [0.2314938058202185, 0.36242831117978114], "q_25": 0.2780494945, "q_75": 0.3142882349999999, "min": 0.26997977500000014, "max": 0.32711111699999984, "mean": 0.2969610585, "std": 0.022751569179217557, "repeat": 4, "number": 1}], "params": [["5000", "20000"], ["5000", "20000"]]}, "commit_and_checkout.MakeCommit.time_commit": {"result": [0.024398531000000057, 0.06193814149999999, 0.055723106999999994, 0.09098001250000004], "stats": [{"ci_99": [0.020920505538812674, 0.02776619346118731],