{"results": {"arrayset_sample_reads.FLOAT32_DType.time_read_5000_samples": {"result": [2.140220501, 0.21699123750000004], "stats": [{"ci_99": [2.0465572388133264, 2.239301518936674], "q_25": 2.120267158125, "q_75": 2.16288272175, "min": 2.0983523684999996, "max": 2.192924145, "mean": 2.142929378875, "std": 0.034717528841302976, "repeat": 4, "number": 2}, {"ci_99": [0.19667254410680904, 0.24437608639319125], "q_25": 0.21311572175000004, "q_75": 0.22439983100000005, "min": 0.2131038755000001, "max": 0.2350109105, "mean": 0.22052431525000005, "std": 0.008942422866130425, "repeat": 4, "number": 2}], "params": [["'hdf5_00'", "'numpy_10'"]]}, "arrayset_sample_reads.UINT16_DType.time_read_5000_samples": {"result": [1.5847578125, 0.13238557524999994], "stats": [{"ci_99": [1.4703550451529905, 1.6901619255970084], "q_25": 1.55575936175, "q_75": 1.6092569361249998, "min": 1.524040127, "max": 1.6274781895, "mean": 1.580258485375, "std": 0.03908222380032736, "repeat": 4, "number": 2}, {"ci_99": [0.11824809550883503, 0.14825085899116489], "q_25": 0.12985250487500002, "q_75": 0.13578254762499986, "min": 0.12651154850000002, "max": 0.14171520999999987, "mean": 0.13324947724999994, "std": 0.005536028913006383, "repeat": 4, "number": 2}], "params": [["'hdf5_00'", "'numpy_10'"]]}, "arrayset_sample_writes.HDF5_00.time_add_float32_5000_samples": {"result": [3.1294821662500003], "stats": [{"ci_99": [2.8700486000690715, 3.3902050081809305], "q_25": 3.0509315102500003, "q_75": 3.2086774601250005, "min": 3.0256966075, "max": 3.2358462765000002, "mean": 3.130126804125, "std": 0.08933374035947779, "repeat": 4, "number": 2}]}, "arrayset_sample_writes.HDF5_00.time_add_uint16_5000_samples": {"result": [2.4208372689999997], "stats": [{"ci_99": [2.1312622869995894, 2.7015783845004107], "q_25": 2.331999854625, "q_75": 2.5052577501249997, "min": 2.2971011850000003, "max": 2.52690562, "mean": 2.41642033575, "std": 0.09798488860114672, "repeat": 4, "number": 2}]}, "arrayset_sample_writes.NUMPY_10.time_add_float32_5000_samples": {"result": [0.9932233632499999], "stats": [{"ci_99": [0.9683390472813079, 1.009414797968692], "q_25": 0.9876061199999999, "q_75": 0.994494165875, "min": 0.9743216159999999, "max": 0.9947393480000001, "mean": 0.988876922625, "std": 0.0084681148188195, "repeat": 4, "number": 2}]}, "arrayset_sample_writes.NUMPY_10.time_add_uint16_5000_samples": {"result": [0.64738095325], "stats": [{"ci_99": [0.5688387787200301, 0.70130924727997], "q_25": 0.6325140471250001, "q_75": 0.649940919125, "min": 0.5884544755000001, "max": 0.6570796699999999, "mean": 0.6350740129999999, "std": 0.027205775346706783, "repeat": 4, "number": 2}]}, "commit_and_checkout.CheckoutCommit.time_checkout_read_only": {"result": [0.14760938283333336, 0.24403864333333333, 0.34433696300000005, 0.35876325116666663, 0.7953200860000001, 0.8093645674999999, 0.8651265711666667, 0.8790390614999999, 0.7523780456666669], "stats": [{"ci_99": [0.1297462860715096, 0.17414360776182378], "q_25": 0.14601531966666667, "q_75": 0.15353901008333334, "min": 0.1451126106666666, "max": 0.16744841133333335, "mean": 0.15194494691666666, "std": 0.009055067446278372, "repeat": 4, "number": 3}, {"ci_99": [0.2366449299124224, 0.25427666442091096], "q_25": 0.24278173558333332, "q_75": 0.24671770491666667, "min": 0.2427457723333333, "max": 0.25102012966666676, "mean": 0.2454607971666667, "std": 0.0033698008975050525, "repeat": 4, "number": 3}, {"ci_99": [0.3170513765044248, 0.3739296173289085], "q_25": 0.3407962110833333, "q_75": 0.3490312488333334, "min": 0.33157348933333336, "max": 0.36171457233333343, "mean": 0.3454904969166667, "std": 0.010723808440128733, "repeat": 4, "number": 3}, {"ci_99": [0.2603161231288037, 0.4684466827045296], "q_25": 0.3308452986666666, "q_75": 0.3922993554166666, "min": 0.32728994266666667, "max": 0.4127091666666665, "mean": 0.3643814029166666, "std": 0.03606856401441015, "repeat": 4, "number": 3}, {"ci_99": [-0.4306259283683965, 2.181566084368408], "q_25": 0.4485688501666667, "q_75": 1.2222213138333335, "min": 0.4229861406666667, "max": 1.4882539993333335, "mean": 0.8754700780000002, "std": 0.4532891976182237, "repeat": 4, "number": 3}, {"ci_99": [-0.12443586654553485, 1.8472250812122033], "q_25": 0.5300188566666667, "q_75": 1.1407403181666664, "min": 0.5292151906666668, "max": 1.2976341036666665, "mean": 0.8613946073333334, "std": 0.3397908087187111, "repeat": 4, "number": 3}, {"ci_99": [-0.13300725093406318, 1.901608363100728], "q_25": 0.5401390609166666, "q_75": 1.2092880663333336, "min": 0.5323407726666666, "max": 1.2746083093333336, "mean": 0.8843005560833335, "std": 0.3481448204812686, "repeat": 4, "number": 3}, {"ci_99": [0.18658243476727143, 1.5550821843993967], "q_25": 0.6475791961666666, "q_75": 1.1022921749166665, "min": 0.6165632986666666, "max": 1.1086878166666667, "mean": 0.8708323095833332, "std": 0.23406829822506908, "repeat": 4, "number": 3}, {"ci_99": [0.6932989685739085, 0.8038741869260919], "q_25": 0.7410069074166667, "q_75": 0.7599577160000002, "min": 0.7160019106666667, "max": 0.773588309, "mean": 0.74858657775, "std": 0.020820865954961763, "repeat": 4, "number": 3}], "params": [["10000", "30000", "50000"], ["10000", "30000", "50000"]]}, "commit_and_checkout.CheckoutCommit.time_checkout_write_enabled": {"result": [0.14259290550000003, 0.2501671178333333, 0.34801502333333334, 0.33836470116666667, 0.4745340106666666, 0.5601563979999999, 0.5398743808333333, 0.639730409, 0.7659091156666666], "stats": [{"ci_99": [0.12016705648822293, 0.1762002303451105], "q_25": 0.14013367125, "q_75": 0.1506428776666667, "min": 0.14011051200000005, "max": 0.1674382506666667, "mean": 0.1481836434166667, "std": 0.011296547025702727, "repeat": 4, "number": 3}, {"ci_99": [0.215658558489102, 0.29804508934423113], "q_25": 0.24774180841666668, "q_75": 0.2592771333333333, "min": 0.24204778866666668, "max": 0.2850252713333334, "mean": 0.25685182391666667, "std": 0.016604436804813025, "repeat": 4, "number": 3}, {"ci_99": [0.3165599504510945, 0.3776876755489055], "q_25": 0.34259483375000005, "q_75": 0.3525440025833334, "min": 0.3301723790000001, "max": 0.3622928263333333, "mean": 0.34712381300000006, "std": 0.011427075018314905, "repeat": 4, "number": 3}, {"ci_99": [0.30812854551624685, 0.379910700483753], "q_25": 0.33401611900000006, "q_75": 0.34836820516666667, "min": 0.33198927300000003, "max": 0.3673598166666667, "mean": 0.344019623, "std": 0.013968103075576884, "repeat": 4, "number": 3}, {"ci_99": [0.3586414069389149, 0.6326184832277517], "q_25": 0.45833163900000007, "q_75": 0.5118323167499998, "min": 0.4486063660000001, "max": 0.5848453929999999, "mean": 0.4956299450833333, "std": 0.05337753522109404, "repeat": 4, "number": 3}, {"ci_99": [0.5469926919625667, 0.5770219210374333], "q_25": 0.5585043056666666, "q_75": 0.5636593988333334, "min": 0.5561021896666668, "max": 0.5716142403333334, "mean": 0.5620073065000001, "std": 0.005819472198826207, "repeat": 4, "number": 3}, {"ci_99": [0.510048427704855, 0.574945004295145], "q_25": 0.5321469715833334, "q_75": 0.5502241252500001, "min": 0.5312516973333333, "max": 0.5589864050000001, "mean": 0.542496716, "std": 0.011429055002334616, "repeat": 4, "number": 3}, {"ci_99": [0.6120630788167191, 0.680214547183281], "q_25": 0.6370330051666666, "q_75": 0.6488362168333334, "min": 0.6353970536666665, "max": 0.6696973803333334, "mean": 0.646138813, "std": 0.01380026925525893, "repeat": 4, "number": 3}, {"ci_99": [0.7518664657134372, 0.7791889494532295], "q_25": 0.7629521883333332, "q_75": 0.7684846349166667, "min": 0.7582537953333333, "max": 0.7720388036666668, "mean": 0.7655277075833333, "std": 0.0049865755975617276, "repeat": 4, "number": 3}], "params": [["10000", "30000", "50000"], ["10000", "30000", "50000"]]}, "commit_and_checkout.MakeCommit.time_commit": {"result": [0.04774344350000004, 0.09342353550000004, 0.14949449500000012, 0.09121364799999998, 0.14754662350000003, 0.2070244429999999, 0.14779430849999997, 0.2139580525, 0.25677831149999997],