{"results": {"arrayset_sample_reads.FLOAT32_DType.time_read_5000_samples": {"result": [2.11050587825, 0.20289659100000002], "stats": [{"ci_99": [2.0485297298979206, 2.1779532796020793], "q_25": 2.0967576648750006, "q_75": 2.126989718125, "min": 2.0849451255, "max": 2.147009137, "mean": 2.11324150475, "std": 0.023175445248779777, "repeat": 4, "number": 2}, {"ci_99": [0.1730446638940544, 0.23554044910594557], "q_25": 0.19412089899999999, "q_75": 0.21306824849999997, "min": 0.19316031249999988, "max": 0.21821673149999987, "mean": 0.20429255649999994, "std": 0.01077842506333329, "repeat": 4, "number": 2}], "params": [["'hdf5_00'", "'numpy_10'"]]}, "arrayset_sample_reads.UINT16_DType.time_read_5000_samples": {"result": [1.6106135034999998, 0.12136099974999998], "stats": [{"ci_99": [1.549662320012961, 1.6748730957370395], "q_25": 1.5962694585000001, "q_75": 1.6266117528749997, "min": 1.5843603900000005, "max": 1.6434834344999993, "mean": 1.6122677078749998, "std": 0.02221467571230927, "repeat": 4, "number": 2}, {"ci_99": [0.09560394750092854, 0.1577117012490714], "q_25": 0.11788993574999995, "q_75": 0.130128888375, "min": 0.11669427749999994, "max": 0.14721502050000002, "mean": 0.12665782437499998, "std": 0.012215399418672376, "repeat": 4, "number": 2}], "params": [["'hdf5_00'", "'numpy_10'"]]}, "arrayset_sample_writes.HDF5_00.time_add_float32_5000_samples": {"result": [2.9791301085], "stats": [{"ci_99": [2.811498987316602, 3.144720802433397], "q_25": 2.92993039875, "q_75": 3.0273096046250005, "min": 2.90739369, "max": 3.0467856725, "mean": 2.9781098948749998, "std": 0.05743456413525983, "repeat": 4, "number": 2}]}, "arrayset_sample_writes.HDF5_00.time_add_uint16_5000_samples": {"result": [2.41012606375], "stats": [{"ci_99": [2.035123106368652, 2.775933240381348], "q_25": 2.28768045275, "q_75": 2.527973784375, "min": 2.2628350685, "max": 2.5390254975, "mean": 2.405528173375, "std": 0.12677923016087017, "repeat": 4, "number": 2}]}, "arrayset_sample_writes.NUMPY_10.time_add_float32_5000_samples": {"result": [0.951731685], "stats": [{"ci_99": [0.8943851705743278, 1.008630639175672], "q_25": 0.9374667671250001, "q_75": 0.96577282275, "min": 0.924582657, "max": 0.9779855925000001, "mean": 0.9515079048750001, "std": 0.020155318308935122, "repeat": 4, "number": 2}]}, "arrayset_sample_writes.NUMPY_10.time_add_uint16_5000_samples": {"result": [0.62818868975], "stats": [{"ci_99": [0.6047983380437794, 0.6464020642062205], "q_25": 0.62256509325, "q_75": 0.6312237976249999, "min": 0.6127582965, "max": 0.6332651284999999, "mean": 0.6256002011249999, "std": 0.007876469073220304, "repeat": 4, "number": 2}]}, "commit_and_checkout.CheckoutCommit.time_checkout_read_only": {"result": [0.13524498983333336, 0.228001429, 0.3465850073333333, 0.32555145316666667, 0.4285968443333334, 0.5235875901666667, 0.5338204206666667, 0.6379151719999999, 0.7471937398333334], "stats": [{"ci_99": [0.12151113493017347, 0.15506678473649324], "q_25": 0.13354391941666668, "q_75": 0.13999003025, "min": 0.13308099266666665, "max": 0.14958486699999995, "mean": 0.13828895983333334, "std": 0.0066715232466917325, "repeat": 4, "number": 3}, {"ci_99": [0.21389781936189003, 0.24682403380477666], "q_25": 0.22551802625, "q_75": 0.23284432933333332, "min": 0.22488232799999994, "max": 0.24055852033333333, "mean": 0.23036092658333332, "std": 0.006234177435827882, "repeat": 4, "number": 3}, {"ci_99": [0.33459131224993066, 0.3569607935834027], "q_25": 0.34427153725000004, "q_75": 0.3480895229999999, "min": 0.339140743, "max": 0.350793454, "mean": 0.34577605291666663, "std": 0.004220135636625366, "repeat": 4, "number": 3}, {"ci_99": [0.30332335103318897, 0.34750372096681104], "q_25": 0.31852996775, "q_75": 0.3324350214166667, "min": 0.31670811299999996, "max": 0.33384312466666666, "mean": 0.325413536, "std": 0.0075690873474985165, "repeat": 4, "number": 3}, {"ci_99": [0.40573678574218, 0.45215634425782003], "q_25": 0.42395616125, "q_75": 0.4335872480833334, "min": 0.41766194700000003, "max": 0.4409306243333333, "mean": 0.42894656500000006, "std": 0.008428146871867843, "repeat": 4, "number": 3}, {"ci_99": [0.48428583903773526, 0.5779812234622644], "q_25": 0.518380459, "q_75": 0.5363406624166667, "min": 0.515336116, "max": 0.5620228286666668, "mean": 0.53113353125, "std": 0.01838981427980177, "repeat": 4, "number": 3}, {"ci_99": [0.5032692222922865, 0.5555571840410469], "q_25": 0.5260441065, "q_75": 0.5371895173333333, "min": 0.5125313469999999, "max": 0.5374806243333333, "mean": 0.5294132031666667, "std": 0.01012842843772493, "repeat": 4, "number": 3}, {"ci_99": [0.5711357714749794, 0.6894429618583541], "q_25": 0.62231206975, "q_75": 0.6458924689166666, "min": 0.5931470879999999, "max": 0.6521800346666667, "mean": 0.6302893666666666, "std": 0.022606629205606625, "repeat": 4, "number": 3}, {"ci_99": [0.7145666131753967, 0.7700635198246032], "q_25": 0.7394983, "q_75": 0.7500105063333333, "min": 0.7236760590000001, "max": 0.7511967273333333, "mean": 0.7423150665000001, "std": 0.011018454637410099, "repeat": 4, "number": 3}], "params": [["10000", "30000", "50000"], ["10000", "30000", "50000"]]}, "commit_and_checkout.CheckoutCommit.time_checkout_write_enabled": {"result": [0.14266062816666666, 0.23923344266666663, 0.3377115081666666, 0.3401658173333333, 0.4391365709999999, 0.5364353838333334, 0.5295057923333333, 0.6400685086666666, 0.7770558529999999], "stats": [{"ci_99": [0.13133351211384256, 0.15515693038615733], "q_25": 0.14099257583333333, "q_75": 0.14491327358333334, "min": 0.13758414033333333, "max": 0.1500754883333333, "mean": 0.14324522124999997, "std": 0.004470730762100846, "repeat": 4, "number": 3}, {"ci_99": [0.20126798636216892, 0.2948435728044974], "q_25": 0.23673768883333327, "q_75": 0.25055153341666664, "min": 0.2327921393333333, "max": 0.2809640936666667, "mean": 0.2480557795833333, "std": 0.019198897110440268, "repeat": 4, "number": 3}, {"ci_99": [0.29579410712323484, 0.38608576154343144], "q_25": 0.3267627675, "q_75": 0.35188867500000004, "min": 0.32477555799999996, "max": 0.36356116300000013, "mean": 0.34093993433333336, "std": 0.01585457345681605, "repeat": 4, "number": 3}, {"ci_99": [0.31437412159190853, 0.3656281040747579], "q_25": 0.3341991656666667, "q_75": 0.34596776449999994, "min": 0.32743412266666666, "max": 0.35223869399999996, "mean": 0.3400011128333333, "std": 0.009155522830413314, "repeat": 4, "number": 3}, {"ci_99": [0.41699143587201953, 0.4565828412946469], "q_25": 0.4345115965833332, "q_75": 0.44141211300000005, "min": 0.4242276063333332, "max": 0.44464780600000003, "mean": 0.4367871385833333, "std": 0.007639324561180219, "repeat": 4, "number": 3}, {"ci_99": [0.49647758331475395, 0.5770916281852462], "q_25": 0.5272990279166667, "q_75": 0.5459209616666668, "min": 0.5176758876666666, "max": 0.5565917676666666, "mean": 0.53678460575, "std": 0.014387566556415429, "repeat": 4, "number": 3}, {"ci_99": [0.5050113371330555, 0.5552334868669445], "q_25": 0.5218831313333333, "q_75": 0.537745073, "min": 0.5210695223333334, "max": 0.5404085409999998, "mean": 0.530122412, "std": 0.008611149316433375, "repeat": 4, "number": 3}, {"ci_99": [0.5806006756044402, 0.6969908190622268], "q_25": 0.6221976090833333, "q_75": 0.6566666469166665, "min": 0.6135029893333334, "max": 0.6615429826666667, "mean": 0.6387957473333333, "std": 0.020054695439749044, "repeat": 4, "number": 3}, {"ci_99": [0.7364609067750725, 0.8121781297249276], "q_25": 0.7656391830833332, "q_75": 0.7857361881666667, "min": 0.7547431953333333, "max": 0.7884231716666669, "mean": 0.77431951825, "std": 0.013400772486462625, "repeat": 4, "number": 3}], "params": [["10000", "30000", "50000"], ["10000", "30000", "50000"]]}, "commit_and_checkout.MakeCommit.time_commit": {"result": [0.04786969649999995, 0.09730908100000002, 0.15313114000000005, 0.09185150100000006, 0.14804352649999997, 0.2064305645000002, 0.147817651, 0.20584547649999974, 0.2554185050000002], "stats": [{"ci_99": [0.04633490699999987, 0.049967537000000006], "q_25": 0.0471802845,