{"results": {"arrayset_sample_reads.FLOAT32_DType.time_read_5000_samples": {"result": [1.99346525425, 0.19957642750000004], "stats": [{"ci_99": [1.9534260576672215, 2.046165792332779], "q_25": 1.9895512888750002, "q_75": 2.003709890375, "min": 1.9819030690000004, "max": 2.0303501225000007, "mean": 1.9997959250000001, "std": 0.018286553161818018, "repeat": 4, "number": 2}, {"ci_99": [0.19121559892402318, 0.20795615207597692], "q_25": 0.19694810899999998, "q_75": 0.20221419400000012, "min": 0.1963463645000001, "max": 0.20284428250000008, "mean": 0.19958587550000007, "std": 0.002867910393845878, "repeat": 4, "number": 2}], "params": [["'hdf5_00'", "'numpy_10'"]]}, "arrayset_sample_reads.UINT16_DType.time_read_5000_samples": {"result": [1.45685953175, 0.12153925100000007], "stats": [{"ci_99": [1.3437845941174782, 1.5554746083825215], "q_25": 1.423284302625, "q_75": 1.483204830375, "min": 1.3975145384999998, "max": 1.4872848030000005, "mean": 1.4496296012499998, "std": 0.03703703882960871, "repeat": 4, "number": 2}, {"ci_99": [0.1169358082420483, 0.1271883342579518], "q_25": 0.12072735412500002, "q_75": 0.1228739681250001, "min": 0.12004751250000001, "max": 0.12512227050000002, "mean": 0.12206207125000004, "std": 0.0019140964457610482, "repeat": 4, "number": 2}], "params": [["'hdf5_00'", "'numpy_10'"]]}, "arrayset_sample_writes.HDF5_00.time_add_float32_5000_samples": {"result": [2.920108645], "stats": [{"ci_99": [2.5282872481303134, 3.301726406369685], "q_25": 2.80621129925, "q_75": 3.028904173, "min": 2.746128683, "max": 3.073681336, "mean": 2.91500682725, "std": 0.13357822217105655, "repeat": 4, "number": 2}]}, "arrayset_sample_writes.HDF5_00.time_add_uint16_5000_samples": {"result": [2.1614998080000003], "stats": [{"ci_99": [2.04473711057839, 2.295182554671609], "q_25": 2.1291390785, "q_75": 2.202320562125, "min": 2.1268256555, "max": 2.230014059, "mean": 2.169959832625, "std": 0.04360623687690926, "repeat": 4, "number": 2}]}, "arrayset_sample_writes.NUMPY_10.time_add_float32_5000_samples": {"result": [0.93044334125], "stats": [{"ci_99": [0.86921597671581, 1.0017500902841903], "q_25": 0.9167240025000001, "q_75": 0.9492023722499999, "min": 0.9096337680000002, "max": 0.9714116835, "mean": 0.9354830335, "std": 0.023810520684541862, "repeat": 4, "number": 2}]}, "arrayset_sample_writes.NUMPY_10.time_add_uint16_5000_samples": {"result": [0.57935505775], "stats": [{"ci_99": [0.5404841247111646, 0.6205445010388353], "q_25": 0.568648094875, "q_75": 0.5912212757499999, "min": 0.5644607950000001, "max": 0.598886341, "mean": 0.580514312875, "std": 0.013886426373355012, "repeat": 4, "number": 2}]}, "commit_and_checkout.CheckoutCommit.time_checkout_read_only": {"result": [0.2565197653333333, 0.46277037200000004, 0.6718792681666667, 0.5841704065, 0.8035543721666667, 0.9965979351666667, 0.8664359595000001, 1.1184338425, 1.3407253586666665], "stats": [{"ci_99": [0.2365627156669872, 0.27664566283301284], "q_25": 0.25039911033333334, "q_75": 0.26272484425, "min": 0.24870819733333338, "max": 0.264669029, "mean": 0.25660418925, "std": 0.006876835511748642, "repeat": 4, "number": 3}, {"ci_99": [0.4501484364838743, 0.47620900101612573], "q_25": 0.45982808341666664, "q_75": 0.4661210073333334, "min": 0.4574261146666667, "max": 0.4697480163333334, "mean": 0.46317871875000005, "std": 0.004630194291733395, "repeat": 4, "number": 3}, {"ci_99": [0.6417857209362374, 0.7036903762304292], "q_25": 0.6624081758333333, "q_75": 0.6822091409166666, "min": 0.6618815133333333, "max": 0.6853121446666667, "mean": 0.6727380485833334, "std": 0.010609680923234725, "repeat": 4, "number": 3}, {"ci_99": [0.52279357455362, 0.6315173746130462], "q_25": 0.5730195754999999, "q_75": 0.5883063055833333, "min": 0.541561933, "max": 0.5987191523333332, "mean": 0.5771554745833333, "std": 0.021396233649812964, "repeat": 4, "number": 3}, {"ci_99": [0.7245704310259747, 0.8688490446406913], "q_25": 0.7800831673333333, "q_75": 0.8201809426666667, "min": 0.7592325173333333, "max": 0.8204976896666668, "mean": 0.7967097378333334, "std": 0.025544044546385914, "repeat": 4, "number": 3}, {"ci_99": [0.9532793703261899, 1.0604438991738103], "q_25": 0.9945403749166667, "q_75": 1.008919195, "min": 0.9894473776666665, "max": 1.044803291, "mean": 1.00686163475, "std": 0.022100745095661876, "repeat": 4, "number": 3}, {"ci_99": [0.8354657164500444, 0.9034940180499557], "q_25": 0.8606121330000001, "q_75": 0.87530369375, "min": 0.855820202, "max": 0.889227348, "mean": 0.86947986725, "std": 0.012557936507532669, "repeat": 4, "number": 3}, {"ci_99": [1.0327430166978044, 1.1981345936355288], "q_25": 1.1025081764166667, "q_75": 1.13136447125, "min": 1.0693996236666667, "max": 1.1554879120000001, "mean": 1.1154388051666666, "std": 0.030778611704358947, "repeat": 4, "number": 3}, {"ci_99": [1.262434112429978, 1.4336030700700215], "q_25": 1.323673203, "q_75": 1.3650707469166667, "min": 1.315240428, "max": 1.3953832196666667, "mean": 1.34801859125, "std": 0.03094278508765881, "repeat": 4, "number": 3}], "params": [["10000", "30000", "50000"], ["10000", "30000", "50000"]]}, "commit_and_checkout.CheckoutCommit.time_checkout_write_enabled": {"result": [0.2714088405, 0.49362747633333337, 0.7277645278333335, 0.5655529836666667, 0.8011746436666667, 0.9793782073333333, 0.8782023501666667, 1.0515525993333332, 1.2697310021666666], "stats": [{"ci_99": [0.25480278441741616, 0.28827600208258386], "q_25": 0.26653257025, "q_75": 0.2764156635, "min": 0.264733304, "max": 0.2786065880000001, "mean": 0.27153939325000004, "std": 0.005763665040447345, "repeat": 4, "number": 3}, {"ci_99": [0.4622777510305364, 0.5224663086361302], "q_25": 0.48351771716666675, "q_75": 0.502481789, "min": 0.47956732266666674, "max": 0.502665844, "mean": 0.4923720298333334, "std": 0.010340548266964813, "repeat": 4, "number": 3}, {"ci_99": [0.6577385116062117, 0.8010230438937884], "q_25": 0.7174197695833334, "q_75": 0.7397255359999999, "min": 0.6931827303333332, "max": 0.7688113249999998, "mean": 0.72938077775, "std": 0.026835417004029024, "repeat": 4, "number": 3}, {"ci_99": [0.4995940701133005, 0.6564387817200332], "q_25": 0.5545749096666667, "q_75": 0.5889944999166669, "min": 0.5532851406666667, "max": 0.6276745956666668, "mean": 0.5780164259166667, "std": 0.030044850047522578, "repeat": 4, "number": 3}, {"ci_99": [0.714044297408629, 0.8935178854247047], "q_25": 0.77770269225, "q_75": 0.8272530428333335, "min": 0.7671840450000001, "max": 0.8455910333333335, "mean": 0.8037810914166668, "std": 0.031218037216760093, "repeat": 4, "number": 3}, {"ci_99": [0.9386257189952213, 1.0364768383381122], "q_25": 0.9758558368333333, "q_75": 0.9910736491666666, "min": 0.9704309153333336, "max": 1.0210177846666668, "mean": 0.9875512786666667, "std": 0.019701447159880477, "repeat": 4, "number": 3}, {"ci_99": [0.7470306279384741, 1.0259544040615252], "q_25": 0.8418168298333333, "q_75": 0.9228780363333333, "min": 0.8368030723333334, "max": 0.9527622913333333, "mean": 0.886492516, "std": 0.0484982948569598, "repeat": 4, "number": 3}, {"ci_99": [0.9449718171453168, 1.221601865188017], "q_25": 1.0488302134166667, "q_75": 1.0860092270833333, "min": 1.0455521576666669, "max": 1.1844900083333334, "mean": 1.0832868411666667, "std": 0.0584923572815464, "repeat": 4, "number": 3}, {"ci_99": [1.1983594686017192, 1.3622201272316143], "q_25": 1.2549929726666667, "q_75": 1.2950278274166669, "min": 1.2534237786666669, "max": 1.3282734086666668, "mean": 1.2802897979166667, "std": 0.03021306288989556, "repeat": 4, "number": 3}], "params": [["10000", "30000", "50000"], ["10000", "30000", "50000"]]}, "commit_and_checkout.MakeCommit.time_commit": {"result": [0.09760407800000004, 0.19700123649999995, 0.296191247, 0.19628619200000008, 0.3025763665000003, 0.4010060529999995, 0.310592165, 0.38500305200000007, 0.4950317915000001], "stats": [{"ci_99": [0.09695979700000001, 0.11195539499999996], "q_25": 0.09728729675000009, "q_75": 0.10158536224999995, "min": 0.09695979700000001, "max": 0.11195539499999996,