{"results": {"arrayset_sample_reads.FLOAT32_DType.time_read_5000_samples": {"result": [1.6140173255000003, 0.13369489075000007], "stats": [{"ci_99": [1.5340006464063913, 1.6983972038436086], "q_25": 1.5944431861250001, "q_75": 1.6357730645, "min": 1.580287628, "max": 1.6564734214999994, "mean": 1.616198925125, "std": 0.02899376641830219, "repeat": 4, "number": 2}, {"ci_99": [0.12412979540370847, 0.14512637659629168], "q_25": 0.13222212550000015, "q_75": 0.13610085125, "min": 0.13017768400000007, "max": 0.14094487850000004, "mean": 0.13462808600000006, "std": 0.003959227049250578, "repeat": 4, "number": 2}], "params": [["'hdf5_00'", "'numpy_10'"]]}, "arrayset_sample_reads.UINT16_DType.time_read_5000_samples": {"result": [1.3831138097500002, 0.09141349675000005], "stats": [{"ci_99": [1.1737800469152546, 1.6545795240847452], "q_25": 1.3460881035, "q_75": 1.4512054917500006, "min": 1.3291129860000002, "max": 1.5613785365, "mean": 1.4141797855000002, "std": 0.09055639351379353, "repeat": 4, "number": 2}, {"ci_99": [0.07897701542241607, 0.10060528382758394], "q_25": 0.08889481375, "q_75": 0.09230983262500006, "min": 0.0825567264999999, "max": 0.09378087850000005, "mean": 0.08979114962500001, "std": 0.004296757094887445, "repeat": 4, "number": 2}], "params": [["'hdf5_00'", "'numpy_10'"]]}, "arrayset_sample_writes.HDF5_00.time_add_float32_5000_samples": {"result": [3.4442609315], "stats": [{"ci_99": [3.279900650662504, 3.6396084850874955], "q_25": 3.412909823875, "q_75": 3.4911056755, "min": 3.3870758545000004, "max": 3.5634205539999995, "mean": 3.4597545678750006, "std": 0.06622524668049237, "repeat": 4, "number": 2}]}, "arrayset_sample_writes.HDF5_00.time_add_uint16_5000_samples": {"result": [2.5153387385], "stats": [{"ci_99": [2.401372007182049, 2.641322958067952], "q_25": 2.501712597125, "q_75": 2.534973624, "min": 2.4637169090000004, "max": 2.5909955445, "mean": 2.5213474826250004, "std": 0.04540427362857288, "repeat": 4, "number": 2}]}, "arrayset_sample_writes.NUMPY_10.time_add_float32_5000_samples": {"result": [0.8998720535000001], "stats": [{"ci_99": [0.8807686248132449, 0.9146632564367552], "q_25": 0.896245739, "q_75": 0.9013422551250001, "min": 0.8866791169999999, "max": 0.9044405385000001, "mean": 0.897715940625, "std": 0.006646654161143378, "repeat": 4, "number": 2}]}, "arrayset_sample_writes.NUMPY_10.time_add_uint16_5000_samples": {"result": [0.579239571], "stats": [{"ci_99": [0.5165562443696932, 0.6714871786303068], "q_25": 0.5718407525, "q_75": 0.60142053, "min": 0.5709230165000001, "max": 0.6466846875, "mean": 0.5940217115, "std": 0.031002341656069143, "repeat": 4, "number": 2}]}, "commit_and_checkout.CheckoutCommit.time_checkout_read_only": {"result": [0.140951138, 0.23943242866666664, 0.3496829106666667, 0.32226022350000005, 0.42307903783333334, 0.5169795738333333, 0.5089380253333333, 0.6256054208333333, 0.7465248381666667], "stats": [{"ci_99": [0.13458089267274717, 0.1486173166605862], "q_25": 0.14012319350000002, "q_75": 0.14242704916666665, "min": 0.13858029100000002, "max": 0.1459138516666667, "mean": 0.1415991046666667, "std": 0.0026817318997974537, "repeat": 4, "number": 3}, {"ci_99": [0.22453609652604203, 0.25212204780729125], "q_25": 0.2350093204166666, "q_75": 0.24275218041666666, "min": 0.23136670066666656, "max": 0.24308473066666667, "mean": 0.23832907216666663, "std": 0.004850767867500275, "repeat": 4, "number": 3}, {"ci_99": [0.3311535835267205, 0.36851876813994633], "q_25": 0.34422033216666675, "q_75": 0.35529875433333336, "min": 0.3422761266666667, "max": 0.35770275533333334, "mean": 0.3498361758333334, "std": 0.006431240353443953, "repeat": 4, "number": 3}, {"ci_99": [0.2844448926599079, 0.3728635211734256], "q_25": 0.31713395475000006, "q_75": 0.33378047566666674, "min": 0.3127618950000001, "max": 0.3573344856666667, "mean": 0.32865420691666675, "std": 0.01720328382164159, "repeat": 4, "number": 3}, {"ci_99": [0.3699630047956401, 0.4824041605376929], "q_25": 0.40731281308333334, "q_75": 0.4419498074166667, "min": 0.4072617173333333, "max": 0.45131453766666674, "mean": 0.42618358266666667, "std": 0.019396858211784072, "repeat": 4, "number": 3}, {"ci_99": [0.4885060034460949, 0.5461163075539052], "q_25": 0.5078979425833332, "q_75": 0.5263927867499999, "min": 0.5067504673333333, "max": 0.528535007, "mean": 0.5173111555, "std": 0.009862465791219334, "repeat": 4, "number": 3}, {"ci_99": [0.4621048187717324, 0.5685420458949342], "q_25": 0.5050223751666666, "q_75": 0.5192390825000001, "min": 0.4936586276666666, "max": 0.549759051, "mean": 0.5153234323333333, "std": 0.020837196737037517, "repeat": 4, "number": 3}, {"ci_99": [0.616363188482818, 0.6348799756838486], "q_25": 0.623431194, "q_75": 0.6277958089166666, "min": 0.6212062680000002, "max": 0.6300692186666667, "mean": 0.6256215820833334, "std": 0.0032932351348362947, "repeat": 4, "number": 3}, {"ci_99": [0.6832130832293768, 0.8067694386039563], "q_25": 0.727836058, "q_75": 0.7636800410833332, "min": 0.7174933859999998, "max": 0.7694219813333332, "mean": 0.7449912609166666, "std": 0.02134412501301034, "repeat": 4, "number": 3}], "params": [["10000", "30000", "50000"], ["10000", "30000", "50000"]]}, "commit_and_checkout.CheckoutCommit.time_checkout_write_enabled": {"result": [0.14730619133333336, 0.24165264866666664, 0.3493177656666667, 0.3465701196666666, 0.45172826533333327, 0.5729221803333334, 0.5379292405, 0.6502051240000001, 0.7464593846666667], "stats": [{"ci_99": [0.1365904039833529, 0.15715455884998053], "q_25": 0.14521328916666668, "q_75": 0.14896538358333336, "min": 0.1411294316666667, "max": 0.15174811133333332, "mean": 0.1468724814166667, "std": 0.003814482960287672, "repeat": 4, "number": 3}, {"ci_99": [0.21154203391978937, 0.2728533657468769], "q_25": 0.23318339566666665, "q_75": 0.2506669528333333, "min": 0.22966175066666664, "max": 0.25582375133333324, "mean": 0.24219769983333328, "std": 0.010604932205357485, "repeat": 4, "number": 3}, {"ci_99": [0.30660484561536006, 0.39408953371797323], "q_25": 0.34386806, "q_75": 0.3557968953333334, "min": 0.32814502800000006, "max": 0.3746081993333334, "mean": 0.3503471896666667, "std": 0.016460096502363665, "repeat": 4, "number": 3}, {"ci_99": [0.3252065595645014, 0.3785711174354986], "q_25": 0.34506925066666666, "q_75": 0.35338970750000004, "min": 0.3436345806666667, "max": 0.3707805340000001, "mean": 0.3518888385, "std": 0.010996568551360495, "repeat": 4, "number": 3}, {"ci_99": [0.43764371214183884, 0.4647731073581611], "q_25": 0.4474835380833333, "q_75": 0.45545313699999995, "min": 0.4450658583333334, "max": 0.45631125, "mean": 0.45120840975, "std": 0.0046893916113279165, "repeat": 4, "number": 3}, {"ci_99": [0.4903874525710791, 0.6734983767622549], "q_25": 0.5626079477500002, "q_75": 0.59225714725, "min": 0.543091828, "max": 0.6388354700000001, "mean": 0.5819429146666667, "std": 0.035135209911869886, "repeat": 4, "number": 3}, {"ci_99": [0.4957925857370491, 0.5953287190962847], "q_25": 0.53092266525, "q_75": 0.5525672276666667, "min": 0.5293940820000002, "max": 0.5769900466666666, "mean": 0.5455606524166667, "std": 0.019039859309335543, "repeat": 4, "number": 3}, {"ci_99": [0.617656347047338, 0.6803916842859956], "q_25": 0.6433012955833334, "q_75": 0.6559278440833334, "min": 0.6319990313333333, "max": 0.6636867833333334, "mean": 0.6490240156666668, "std": 0.011481626395314488, "repeat": 4, "number": 3}, {"ci_99": [0.6768129897446923, 0.8021320812553072], "q_25": 0.726932875, "q_75": 0.7589990451666666, "min": 0.70440672, "max": 0.7605646526666666, "mean": 0.7394725354999999, "std": 0.022698984354321966, "repeat": 4, "number": 3}], "params": [["10000", "30000", "50000"], ["10000", "30000", "50000"]]}, "commit_and_checkout.MakeCommit.time_commit": {"result": [0.04869841050000001, 0.09284371949999992, 0.14379956250000014, 0.0930081470000001, 0.14404526549999996, 0.1924277084999999, 0.13707326800000008, 0.19695754499999985, 0.2456656595000002], "stats": [{"ci_99": [0.04560150400000018, 0.051220241],