{"results": {"arrayset_sample_reads.FLOAT32_DType.time_read_5000_samples": {"result": [2.0565010940000006, 0.19429134325000008], "stats": [{"ci_99": [1.5547554199331926, 2.615230837066812], "q_25": 1.9071553820000005, "q_75": 2.2343388405000004, "min": 1.9059542015000002, "max": 2.3210161245000003, "mean": 2.0849931285000003, "std": 0.18286251658565694, "repeat": 4, "number": 2}, {"ci_99": [0.1706645729855924, 0.21802614376440765], "q_25": 0.1866442078750001, "q_75": 0.20199249375, "min": 0.1855506145, "max": 0.20324813249999996, "mean": 0.19434535837500003, "std": 0.008103786021658498, "repeat": 4, "number": 2}], "params": [["'hdf5_00'", "'numpy_10'"]]}, "arrayset_sample_reads.UINT16_DType.time_read_5000_samples": {"result": [1.4702037837500002, 0.1242810947500001], "stats": [{"ci_99": [1.3767537218974693, 1.57115366860253], "q_25": 1.443855915625, "q_75": 1.500301563375, "min": 1.4369895325, "max": 1.5184176809999999, "mean": 1.47395369525, "std": 0.03364965485898863, "repeat": 4, "number": 2}, {"ci_99": [0.11576922770568457, 0.1345777027943155], "q_25": 0.12227962325, "q_75": 0.12717493675000013, "min": 0.1218637535, "max": 0.13026791799999993, "mean": 0.12517346525000003, "std": 0.0033704858000615763, "repeat": 4, "number": 2}], "params": [["'hdf5_00'", "'numpy_10'"]]}, "arrayset_sample_writes.HDF5_00.time_add_float32_5000_samples": {"result": [3.002749489], "stats": [{"ci_99": [2.7727565452702385, 3.183061192479762], "q_25": 2.9476055136249997, "q_75": 3.03305284425, "min": 2.8518604180000002, "max": 3.0542760795, "mean": 2.9779088688749997, "std": 0.07751361698964877, "repeat": 4, "number": 2}]}, "arrayset_sample_writes.HDF5_00.time_add_uint16_5000_samples": {"result": [2.3181300997499994], "stats": [{"ci_99": [2.070400933933649, 2.5390371193163515], "q_25": 2.265296586875, "q_75": 2.3575525394999994, "min": 2.1724444415, "max": 2.4101714655, "mean": 2.304719026625, "std": 0.08650752882573197, "repeat": 4, "number": 2}]}, "arrayset_sample_writes.NUMPY_10.time_add_float32_5000_samples": {"result": [0.98864942725], "stats": [{"ci_99": [0.9440245702316395, 1.0304234477683605], "q_25": 0.977702809, "q_75": 0.9981706272500002, "min": 0.9651939445, "max": 1.006403237, "mean": 0.9872240090000001, "std": 0.015403615913349994, "repeat": 4, "number": 2}]}, "arrayset_sample_writes.NUMPY_10.time_add_uint16_5000_samples": {"result": [0.6109102875000001], "stats": [{"ci_99": [0.556383894616617, 0.6607770603833831], "q_25": 0.6005750118750001, "q_75": 0.618915753125, "min": 0.579123225, "max": 0.6333781100000001, "mean": 0.6085804775000001, "std": 0.01945374453113601, "repeat": 4, "number": 2}]}, "commit_and_checkout.CheckoutCommit.time_checkout_read_only": {"result": [0.1496747195, 0.239816718, 0.34064535583333333, 0.32435039816666666, 0.42713416849999997, 0.5336956731666669, 0.5163470951666667, 0.6188345151666667, 0.731676811], "stats": [{"ci_99": [0.10148101976591054, 0.21404945890075622], "q_25": 0.14422314833333333, "q_75": 0.16321681049999998, "min": 0.1368485873333333, "max": 0.194862931, "mean": 0.1577652393333333, "std": 0.022150500997549668, "repeat": 4, "number": 3}, {"ci_99": [0.20230104132457147, 0.276971483342095], "q_25": 0.2295306663333333, "q_75": 0.24992231400000003, "min": 0.22298925033333328, "max": 0.255922363, "mean": 0.23963626233333332, "std": 0.012979079853879966, "repeat": 4, "number": 3}, {"ci_99": [0.28620577513758555, 0.39398888352908107], "q_25": 0.3234889534166666, "q_75": 0.35725373174999997, "min": 0.3185389896666666, "max": 0.360559616, "mean": 0.3400973293333333, "std": 0.018472720645544106, "repeat": 4, "number": 3}, {"ci_99": [0.2829485110491663, 0.3699755822841669], "q_25": 0.3124036788333333, "q_75": 0.33840876599999997, "min": 0.3108885843333333, "max": 0.346258806, "mean": 0.3264620466666666, "std": 0.01504316264018036, "repeat": 4, "number": 3}, {"ci_99": [0.3457622234216071, 0.5176093480783928], "q_25": 0.4079296179166666, "q_75": 0.4508903363333333, "min": 0.3964233286666666, "max": 0.47605147733333336, "mean": 0.43168578574999994, "std": 0.030518886196835505, "repeat": 4, "number": 3}, {"ci_99": [0.48573822982515436, 0.5806035456748461], "q_25": 0.51891147, "q_75": 0.5479550909166668, "min": 0.513678191, "max": 0.5516140136666667, "mean": 0.5331708877500001, "std": 0.016284474810067208, "repeat": 4, "number": 3}, {"ci_99": [0.47084230435978436, 0.5509472908068821], "q_25": 0.5042991783333334, "q_75": 0.5229427144166667, "min": 0.4867154373333335, "max": 0.5241695626666667, "mean": 0.5108947975833333, "std": 0.014973858180548841, "repeat": 4, "number": 3}, {"ci_99": [0.511612555275352, 0.725102692224648], "q_25": 0.5839279231666666, "q_75": 0.65326421575, "min": 0.5781182226666667, "max": 0.6576432420000001, "mean": 0.61835762375, "std": 0.036527623693096846, "repeat": 4, "number": 3}, {"ci_99": [0.6920730234619891, 0.7886448695380109], "q_25": 0.7280788339166667, "q_75": 0.7439569235833334, "min": 0.7243913076666667, "max": 0.7736908563333333, "mean": 0.7403589465, "std": 0.019544584284412143, "repeat": 4, "number": 3}], "params": [["10000", "30000", "50000"], ["10000", "30000", "50000"]]}, "commit_and_checkout.CheckoutCommit.time_checkout_write_enabled": {"result": [0.14472025416666662, 0.251205216, 0.361575942, 0.3213997266666666, 0.41970403266666667, 0.5363841345, 0.5152917845, 0.6053771363333333, 0.734304287], "stats": [{"ci_99": [0.13825002916616186, 0.1518206048338381], "q_25": 0.14294746024999996, "q_75": 0.14680811091666665, "min": 0.14246376400000002, "max": 0.14823699566666662, "mean": 0.14503531699999997, "std": 0.002358835696885583, "repeat": 4, "number": 3}, {"ci_99": [0.2132063610985813, 0.3020110887347516], "q_25": 0.24491285383333333, "q_75": 0.2639010870833333, "min": 0.24251611333333334, "max": 0.28550835433333327, "mean": 0.25760872491666664, "std": 0.016945073438841735, "repeat": 4, "number": 3}, {"ci_99": [0.34402343772131166, 0.3762147906120217], "q_25": 0.35782945216666673, "q_75": 0.363865604, "min": 0.3504363136666668, "max": 0.366888259, "mean": 0.3601191141666667, "std": 0.006064450836289117, "repeat": 4, "number": 3}, {"ci_99": [0.311740946598058, 0.3315083897352752], "q_25": 0.31931245366666666, "q_75": 0.32371194116666663, "min": 0.3170104946666667, "max": 0.3266887246666667, "mean": 0.3216246681666666, "std": 0.0035539068742897056, "repeat": 4, "number": 3}, {"ci_99": [0.37895958679414543, 0.4762221348725218], "q_25": 0.413386031, "q_75": 0.4339088625, "min": 0.41205602699999994, "max": 0.45889935100000007, "mean": 0.42759086083333336, "std": 0.018808111019772686, "repeat": 4, "number": 3}, {"ci_99": [0.46874399995107946, 0.6022164750489204], "q_25": 0.51394908825, "q_75": 0.55791528375, "min": 0.510255413, "max": 0.5588972680000001, "mean": 0.5354802375, "std": 0.022833567462197578, "repeat": 4, "number": 3}, {"ci_99": [0.4476975861455441, 0.5873042966877895], "q_25": 0.49643295833333334, "q_75": 0.5363597675833334, "min": 0.4900494103333332, "max": 0.5493707863333332, "mean": 0.5175009414166667, "std": 0.024181012664855388, "repeat": 4, "number": 3}, {"ci_99": [0.5512027383032894, 0.6779998966967102], "q_25": 0.59566978325, "q_75": 0.6243086705833333, "min": 0.593897675, "max": 0.653753322333333, "mean": 0.6146013174999999, "std": 0.023968301766232047, "repeat": 4, "number": 3}, {"ci_99": [0.6329880428019669, 0.8532192231980332], "q_25": 0.7088355471666667, "q_75": 0.7685723728333335, "min": 0.7038155216666667, "max": 0.7999904363333336, "mean": 0.743103633, "std": 0.038945355941491906, "repeat": 4, "number": 3}], "params": [["10000", "30000", "50000"], ["10000", "30000", "50000"]]}, "commit_and_checkout.MakeCommit.time_commit": {"result": [0.046523593500000016, 0.09053783199999998, 0.14375869649999995, 0.08939443949999998, 0.14378325549999987, 0.19294810549999986, 0.14254528950000023, 0.18843969299999985, 0.23473897399999988], "stats": [{"ci_99": [0.04470122700000001, 0.05141421099999999], "q_25": 0.046049673750000075, "q_75": 0.04726994075000002, "min": 0.04470122700000001,