{"results": {"arrayset_sample_reads.FLOAT32_DType.time_read_5000_samples": {"result": [1.9899669872499999, 0.20695000825000004], "stats": [{"ci_99": [1.8114114767551355, 2.189549623744863], "q_25": 1.9576583825, "q_75": 2.0327891549999997, "min": 1.9152967445000002, "max": 2.1066914820000004, "mean": 2.00048055025, "std": 0.06967733448072225, "repeat": 4, "number": 2}, {"ci_99": [0.1772405615745267, 0.23538294017547354], "q_25": 0.19868596762500004, "q_75": 0.21457579150000003, "min": 0.19287047700000004, "max": 0.21847651, "mean": 0.20631175087500003, "std": 0.01011791678622432, "repeat": 4, "number": 2}], "params": [["'hdf5_00'", "'numpy_10'"]]}, "arrayset_sample_reads.UINT16_DType.time_read_5000_samples": {"result": [1.5823210592499999, 0.12179840250000001], "stats": [{"ci_99": [1.5280424799323706, 1.6421812958176292], "q_25": 1.5731479728749997, "q_75": 1.5942849742500003, "min": 1.5585311175, "max": 1.6172743155, "mean": 1.585111887875, "std": 0.021175046257765805, "repeat": 4, "number": 2}, {"ci_99": [0.11336514108191745, 0.1297710676680825], "q_25": 0.11976846237499997, "q_75": 0.12359804450000003, "min": 0.11739839449999989, "max": 0.12527721800000002, "mean": 0.12156810437499999, "std": 0.0029293715021828435, "repeat": 4, "number": 2}], "params": [["'hdf5_00'", "'numpy_10'"]]}, "arrayset_sample_writes.HDF5_00.time_add_float32_5000_samples": {"result": [2.969449772], "stats": [{"ci_99": [2.7650020136439157, 3.252141508106085], "q_25": 2.937399039125, "q_75": 3.04062249375, "min": 2.9304699095, "max": 3.16491759, "mean": 3.008571760875, "std": 0.09403993087809903, "repeat": 4, "number": 2}]}, "arrayset_sample_writes.HDF5_00.time_add_uint16_5000_samples": {"result": [2.329692502], "stats": [{"ci_99": [2.154552287702206, 2.564634354297795], "q_25": 2.295908909, "q_75": 2.3933769139999996, "min": 2.295425192, "max": 2.483563088, "mean": 2.3595933209999997, "std": 0.07670576125712304, "repeat": 4, "number": 2}]}, "arrayset_sample_writes.NUMPY_10.time_add_float32_5000_samples": {"result": [0.9475138387500002], "stats": [{"ci_99": [0.9332251686693755, 0.9642750653306247], "q_25": 0.9436494380000002, "q_75": 0.9526145177500001, "min": 0.9435597605000001, "max": 0.95641303, "mean": 0.9487501170000001, "std": 0.005434236632318771, "repeat": 4, "number": 2}]}, "arrayset_sample_writes.NUMPY_10.time_add_uint16_5000_samples": {"result": [0.58652923275], "stats": [{"ci_99": [0.5809727637086621, 0.5929492822913377], "q_25": 0.5850302576249999, "q_75": 0.5884599981249999, "min": 0.5848838909999999, "max": 0.5899017354999999, "mean": 0.586961023, "std": 0.002094112778269609, "repeat": 4, "number": 2}]}, "commit_and_checkout.CheckoutCommit.time_checkout_read_only": {"result": [0.14410611150000002, 0.24005379416666667, 0.34928081266666666, 0.3460470686666667, 0.46562022016666677, 0.5396169996666667, 0.5185116721666667, 0.6040954386666667, 0.7079884034999999], "stats": [{"ci_99": [0.13241452126579809, 0.15460285490086864], "q_25": 0.14070490833333332, "q_75": 0.14690989125000004, "min": 0.13813528733333333, "max": 0.14768724200000002, "mean": 0.14350868808333334, "std": 0.003872925115557067, "repeat": 4, "number": 3}, {"ci_99": [0.23595924117252945, 0.24503666016080386], "q_25": 0.23909378024999997, "q_75": 0.24145796458333332, "min": 0.23891788199999997, "max": 0.2429663323333333, "mean": 0.24049795066666665, "std": 0.0016285769134389346, "repeat": 4, "number": 3}, {"ci_99": [0.3155678764839406, 0.3825513996827262], "q_25": 0.33938609208333337, "q_75": 0.3589543586666667, "min": 0.3348243793333334, "max": 0.3628525476666667, "mean": 0.34905963808333335, "std": 0.01154596843194142, "repeat": 4, "number": 3}, {"ci_99": [0.3143871839540391, 0.3759623802126274], "q_25": 0.3390033625833333, "q_75": 0.3522184881666667, "min": 0.3290397473333333, "max": 0.35956524366666676, "mean": 0.34517478208333335, "std": 0.011142940883380302, "repeat": 4, "number": 3}, {"ci_99": [0.40023574666471184, 0.5162742926686217], "q_25": 0.45343245200000015, "q_75": 0.4704427878333334, "min": 0.4204349500000002, "max": 0.4813446883333334, "mean": 0.4582550196666668, "std": 0.022775032214139457, "repeat": 4, "number": 3}, {"ci_99": [0.516037142499205, 0.561058364667462], "q_25": 0.5322517443333333, "q_75": 0.5459130089166667, "min": 0.5284719383333334, "max": 0.5464850766666668, "mean": 0.5385477535833334, "std": 0.007767875991215297, "repeat": 4, "number": 3}, {"ci_99": [0.449635657376366, 0.5960696676236343], "q_25": 0.4992170207500001, "q_75": 0.5421473139166667, "min": 0.49700352300000006, "max": 0.5573837826666668, "mean": 0.5228526625000001, "std": 0.0254311605979246, "repeat": 4, "number": 3}, {"ci_99": [0.556246446150199, 0.6540087051831341], "q_25": 0.5913634344166666, "q_75": 0.6178595799166667, "min": 0.5845066406666666, "max": 0.6278127846666667, "mean": 0.6051275756666668, "std": 0.01703105319544026, "repeat": 4, "number": 3}, {"ci_99": [0.6636104002576866, 0.7483292095756469], "q_25": 0.69793139725, "q_75": 0.7160268111666666, "min": 0.682946978, "max": 0.7249554346666667, "mean": 0.7059698049166666, "std": 0.015410271826166328, "repeat": 4, "number": 3}], "params": [["10000", "30000", "50000"], ["10000", "30000", "50000"]]}, "commit_and_checkout.CheckoutCommit.time_checkout_write_enabled": {"result": [0.14449720616666667, 0.2401232663333333, 0.33553907549999995, 0.3153817539999999, 0.4273250283333333, 0.521351122, 0.5155108139999999, 0.6238093136666667, 0.7390830355], "stats": [{"ci_99": [0.1247881888080511, 0.1642974563586156], "q_25": 0.13792803716666666, "q_75": 0.15111199158333335, "min": 0.13752518366666666, "max": 0.15165169433333334, "mean": 0.14454282258333334, "std": 0.006756532992117381, "repeat": 4, "number": 3}, {"ci_99": [0.22081080961159794, 0.2546781285550688], "q_25": 0.2352903303333333, "q_75": 0.2425774050833333, "min": 0.22717331333333332, "max": 0.24355803033333331, "mean": 0.2377444690833333, "std": 0.006440393668606653, "repeat": 4, "number": 3}, {"ci_99": [0.3046735520298558, 0.3671322836368107], "q_25": 0.32896314666666665, "q_75": 0.3424788466666666, "min": 0.3208183076666666, "max": 0.35171521266666667, "mean": 0.3359029178333333, "std": 0.01126558105463527, "repeat": 4, "number": 3}, {"ci_99": [0.30713628840775886, 0.3211593782589077], "q_25": 0.3135949451666666, "q_75": 0.3159346421666666, "min": 0.3093363786666667, "max": 0.3164914466666667, "mean": 0.3141478333333333, "std": 0.002826549967709842, "repeat": 4, "number": 3}, {"ci_99": [0.389034150245108, 0.4792500700882253], "q_25": 0.4247835750833333, "q_75": 0.4366835634166667, "min": 0.4173281683333334, "max": 0.4645902156666666, "mean": 0.43414211016666665, "std": 0.01804679556955835, "repeat": 4, "number": 3}, {"ci_99": [0.48799028908291237, 0.5665607480837545], "q_25": 0.5164771953333332, "q_75": 0.5321494452500001, "min": 0.5137635843333334, "max": 0.552636246, "mean": 0.5272755185833333, "std": 0.015227014814825803, "repeat": 4, "number": 3}, {"ci_99": [0.5100568071634268, 0.522114538336573], "q_25": 0.5149212242499999, "q_75": 0.5166752625, "min": 0.5134797249999999, "max": 0.5198413379999999, "mean": 0.5160856727499998, "std": 0.002322752223488895, "repeat": 4, "number": 3}, {"ci_99": [0.584113290903349, 0.6611158325966509], "q_25": 0.6150081009166667, "q_75": 0.6314157745, "min": 0.6022908336666667, "max": 0.6405487860000001, "mean": 0.62261456175, "std": 0.013956818509596307, "repeat": 4, "number": 3}, {"ci_99": [0.69988157825146, 0.7769365144152065], "q_25": 0.7262601313333333, "q_75": 0.7512319505, "min": 0.7233680163333333, "max": 0.7521020979999999, "mean": 0.7384090463333333, "std": 0.013190016754220534, "repeat": 4, "number": 3}], "params": [["10000", "30000", "50000"], ["10000", "30000", "50000"]]}, "commit_and_checkout.MakeCommit.time_commit": {"result": [0.047051798499999964, 0.09170596450000001, 0.14396225200000012, 0.09070911099999995, 0.1455213944999999, 0.2049765159999999, 0.14026261950000007, 0.1920742900000002, 0.2589243059999997],