{"results": {"arrayset_sample_reads.FLOAT32_DType.time_read_5000_samples": {"result": [1.99549005025, 0.19771887774999997], "stats": [{"ci_99": [1.8112455694061702, 2.2075975990938277], "q_25": 1.9583639957499999, "q_75": 2.04654763875, "min": 1.9267640815, "max": 2.119942155, "mean": 2.00942158425, "std": 0.07219692389134486, "repeat": 4, "number": 2}, {"ci_99": [0.19070550599275204, 0.20610372000724794], "q_25": 0.19628915424999993, "q_75": 0.1998343365, "min": 0.1954039555, "max": 0.20277674099999987, "mean": 0.19840461299999995, "std": 0.00281224147686635, "repeat": 4, "number": 2}], "params": [["'hdf5_00'", "'numpy_10'"]]}, "arrayset_sample_reads.UINT16_DType.time_read_5000_samples": {"result": [1.5154437457499998, 0.12116331424999999], "stats": [{"ci_99": [1.473389321911587, 1.561668009338413], "q_25": 1.5077647245, "q_75": 1.525207686875, "min": 1.497225309, "max": 1.5420018620000002, "mean": 1.517528665625, "std": 0.01623704538235856, "repeat": 4, "number": 2}, {"ci_99": [0.10848978443756174, 0.13740260456243827], "q_25": 0.1201226145, "q_75": 0.12398689425000001, "min": 0.11711360100000012, "max": 0.1323445485, "mean": 0.12294619450000002, "std": 0.005672485581316668, "repeat": 4, "number": 2}], "params": [["'hdf5_00'", "'numpy_10'"]]}, "arrayset_sample_writes.HDF5_00.time_add_float32_5000_samples": {"result": [2.9272590229999995], "stats": [{"ci_99": [2.8137643635988865, 3.0448743534011133], "q_25": 2.8935398565, "q_75": 2.963038525, "min": 2.8843525845, "max": 2.9784068035, "mean": 2.9293193585, "std": 0.03974842671969171, "repeat": 4, "number": 2}]}, "arrayset_sample_writes.HDF5_00.time_add_uint16_5000_samples": {"result": [2.2546600442500004], "stats": [{"ci_99": [2.1242093966458704, 2.3872544506041304], "q_25": 2.214207237875, "q_75": 2.2961847300000002, "min": 2.2052119085, "max": 2.3083956975, "mean": 2.255731923625, "std": 0.045093518133713956, "repeat": 4, "number": 2}]}, "arrayset_sample_writes.NUMPY_10.time_add_float32_5000_samples": {"result": [0.97261388775], "stats": [{"ci_99": [0.9053697767490061, 1.013777259750994], "q_25": 0.95932053225, "q_75": 0.9728668737500001, "min": 0.9196656915000001, "max": 0.9734006060000002, "mean": 0.95957351825, "std": 0.023043094071400223, "repeat": 4, "number": 2}]}, "arrayset_sample_writes.NUMPY_10.time_add_uint16_5000_samples": {"result": [0.6163946787500001], "stats": [{"ci_99": [0.5471067616441454, 0.6767385406058545], "q_25": 0.5986629032499999, "q_75": 0.629654426625, "min": 0.576813604, "max": 0.6380876430000001, "mean": 0.611922651125, "std": 0.023321662150558076, "repeat": 4, "number": 2}]}, "commit_and_checkout.CheckoutCommit.time_checkout_read_only": {"result": [0.14118072666666664, 0.22663057183333335, 0.3249864855, 0.31436012733333335, 0.41160539266666685, 0.5103466596666667, 0.5052141918333335, 0.6145036669999999, 0.716695485], "stats": [{"ci_99": [0.1258050013245735, 0.15776638034209312], "q_25": 0.13693867475, "q_75": 0.14602774274999997, "min": 0.13557641200000004, "max": 0.14920489799999995, "mean": 0.1417856908333333, "std": 0.005545923941939489, "repeat": 4, "number": 3}, {"ci_99": [0.2119233309498968, 0.2433953502167698], "q_25": 0.22366356375, "q_75": 0.23062634866666668, "min": 0.220996487, "max": 0.23637973166666662, "mean": 0.22765934058333331, "std": 0.005726944895443433, "repeat": 4, "number": 3}, {"ci_99": [0.30871414562064287, 0.3473084530460238], "q_25": 0.3226634438333333, "q_75": 0.33033434100000003, "min": 0.3215051283333333, "max": 0.34056709799999996, "mean": 0.3280112993333333, "std": 0.007513001808561992, "repeat": 4, "number": 3}, {"ci_99": [0.3004951024205725, 0.33095221991276086], "q_25": 0.31145233425, "q_75": 0.31863145424999995, "min": 0.309874483, "max": 0.3242999069999999, "mean": 0.3157236611666666, "std": 0.005541427519736504, "repeat": 4, "number": 3}, {"ci_99": [0.39962939171098893, 0.42084651778901117], "q_25": 0.40934353200000007, "q_75": 0.4124998154166668, "min": 0.4033090939999999, "max": 0.4144319396666667, "mean": 0.4102379547500001, "std": 0.004167246552286027, "repeat": 4, "number": 3}, {"ci_99": [0.4849893735135755, 0.5395058299864247], "q_25": 0.50327133625, "q_75": 0.5193229251666667, "min": 0.503016348, "max": 0.5252807396666667, "mean": 0.5122476017500001, "std": 0.009487297347169198, "repeat": 4, "number": 3}, {"ci_99": [0.46122650885225974, 0.5644699553144069], "q_25": 0.50067684, "q_75": 0.5173855839166668, "min": 0.493753992, "max": 0.5472105526666667, "mean": 0.5128482320833334, "std": 0.02044419028160501, "repeat": 4, "number": 3}, {"ci_99": [0.5672526755032851, 0.6694301043300482], "q_25": 0.6021807466666667, "q_75": 0.63066431025, "min": 0.6002993466666666, "max": 0.6440588789999999, "mean": 0.6183413899166665, "std": 0.01795789290851792, "repeat": 4, "number": 3}, {"ci_99": [0.6791640187633661, 0.7572564847366337], "q_25": 0.7067750095833334, "q_75": 0.7281307271666665, "min": 0.7025742333333334, "max": 0.7368758036666666, "mean": 0.71821025175, "std": 0.01362594144442697, "repeat": 4, "number": 3}], "params": [["10000", "30000", "50000"], ["10000", "30000", "50000"]]}, "commit_and_checkout.CheckoutCommit.time_checkout_write_enabled": {"result": [0.1384909165, 0.2340639323333333, 0.33287858733333336, 0.3215179636666667, 0.43887639199999995, 0.5357964565000001, 0.5065866578333335, 0.6293914171666666, 0.764671484], "stats": [{"ci_99": [0.13122505518363548, 0.14711682014969787], "q_25": 0.13703755533333334, "q_75": 0.14062429883333333, "min": 0.13601106033333335, "max": 0.14369085733333334, "mean": 0.13917093766666666, "std": 0.0029072697660645704, "repeat": 4, "number": 3}, {"ci_99": [0.2293812018665743, 0.23857053946675905], "q_25": 0.2329072430833333, "q_75": 0.23513255991666665, "min": 0.2317166283333333, "max": 0.23605898966666672, "mean": 0.23397587066666667, "std": 0.0016289349416349099, "repeat": 4, "number": 3}, {"ci_99": [0.3284416781753431, 0.3366147129913237], "q_25": 0.33196305141666665, "q_75": 0.33344373150000006, "min": 0.33007322566666675, "max": 0.33428238200000004, "mean": 0.3325281955833334, "std": 0.0015421351998742012, "repeat": 4, "number": 3}, {"ci_99": [0.3002402244198414, 0.3435059429134919], "q_25": 0.3160003298333333, "q_75": 0.3273907175, "min": 0.31245969933333334, "max": 0.331996708, "mean": 0.32187308366666667, "std": 0.007566014188570886, "repeat": 4, "number": 3}, {"ci_99": [0.4055194832393012, 0.46268236292736575], "q_25": 0.4306101384166667, "q_75": 0.44236717666666664, "min": 0.4154639496666667, "max": 0.4431869586666668, "mean": 0.43410092308333337, "std": 0.01113786277618365, "repeat": 4, "number": 3}, {"ci_99": [0.4875771345089489, 0.5933586798243845], "q_25": 0.5250662652500001, "q_75": 0.5511980984166667, "min": 0.520676142, "max": 0.5696025736666667, "mean": 0.5404679071666667, "std": 0.019078361116628965, "repeat": 4, "number": 3}, {"ci_99": [0.49149150839193434, 0.5271888347747324], "q_25": 0.5046638025833334, "q_75": 0.5112630268333334, "min": 0.5030885123333334, "max": 0.5210988583333332, "mean": 0.5093401715833334, "std": 0.007007515448685337, "repeat": 4, "number": 3}, {"ci_99": [0.5941665200610533, 0.6702687932722801], "q_25": 0.6249065556666666, "q_75": 0.6367025181666667, "min": 0.6150091156666667, "max": 0.6550786766666666, "mean": 0.6322176566666666, "std": 0.014470204020190698, "repeat": 4, "number": 3}, {"ci_99": [0.7553924573238577, 0.7739568591761422], "q_25": 0.7633654715833332, "q_75": 0.7659806706666666, "min": 0.7597500523333333, "max": 0.7696056126666667, "mean": 0.7646746582499999, "std": 0.0034851981878797475, "repeat": 4, "number": 3}], "params": [["10000", "30000", "50000"], ["10000", "30000", "50000"]]}, "commit_and_checkout.MakeCommit.time_commit": {"result": [0.04952604149999995, 0.09526903050000013, 0.15248071150000014, 0.09498729449999999, 0.155476563, 0.19620893399999995, 0.13890928400000002, 0.19278359150000002, 0.247169521], "stats": [{"ci_99": [0.04637194099999997, 0.070882004], "q_25": 0.047357587000000034, "q_75": 0.050172658249999946,