{"results": {"arrayset_sample_reads.FLOAT32_DType.time_read_5000_samples": {"result": [1.9857066404999997, 0.19976975850000006], "stats": [{"ci_99": [1.8426224951794101, 2.13883395082059], "q_25": 1.9463248786249996, "q_75": 2.0301099848749997, "min": 1.9322758205, "max": 2.0592237905, "mean": 1.9907282229999999, "std": 0.05139738361273931, "repeat": 4, "number": 2}, {"ci_99": [0.18471051311228742, 0.21148590363771266], "q_25": 0.19555374887500004, "q_75": 0.20231421800000007, "min": 0.190425163, "max": 0.2024281535000001, "mean": 0.19809820837500006, "std": 0.004893288867413673, "repeat": 4, "number": 2}], "params": [["'hdf5_00'", "'numpy_10'"]]}, "arrayset_sample_reads.UINT16_DType.time_read_5000_samples": {"result": [1.5194932525000002, 0.11929780100000004], "stats": [{"ci_99": [1.4421690287298732, 1.611709449520127], "q_25": 1.5018395705000003, "q_75": 1.5445929211249998, "min": 1.4956307555, "max": 1.5731396960000001, "mean": 1.526939239125, "std": 0.03046028442036793, "repeat": 4, "number": 2}, {"ci_99": [0.10867429569138815, 0.13418495855861187], "q_25": 0.11832143325000002, "q_75": 0.12240599487500003, "min": 0.11698966499999996, "max": 0.13013324150000005, "mean": 0.12142962712500002, "std": 0.005126463875583663, "repeat": 4, "number": 2}], "params": [["'hdf5_00'", "'numpy_10'"]]}, "arrayset_sample_writes.HDF5_00.time_add_float32_5000_samples": {"result": [2.8127570557499997], "stats": [{"ci_99": [2.7036117424510975, 2.952579586298902], "q_25": 2.791229502125, "q_75": 2.849623217999999, "min": 2.7850557365000004, "max": 2.9018128094999995, "mean": 2.8280956643749997, "std": 0.046139277808957095, "repeat": 4, "number": 2}]}, "arrayset_sample_writes.HDF5_00.time_add_uint16_5000_samples": {"result": [2.2551192457499996], "stats": [{"ci_99": [2.1060091624213886, 2.3767176045786114], "q_25": 2.217711344625, "q_75": 2.278771284625, "min": 2.1624416670000004, "max": 2.2927733755, "mean": 2.2413633835, "std": 0.049927216760811556, "repeat": 4, "number": 2}]}, "arrayset_sample_writes.NUMPY_10.time_add_float32_5000_samples": {"result": [0.9788429837499999], "stats": [{"ci_99": [0.9164468765475426, 1.043838731702457], "q_25": 0.9609836378749999, "q_75": 0.99800215, "min": 0.9546955385, "max": 1.0081897105, "mean": 0.980142804125, "std": 0.02199167688422418, "repeat": 4, "number": 2}]}, "arrayset_sample_writes.NUMPY_10.time_add_uint16_5000_samples": {"result": [0.60225401475], "stats": [{"ci_99": [0.5520402703675218, 0.6623681803824781], "q_25": 0.5924018925, "q_75": 0.617056347625, "min": 0.5854133535, "max": 0.6388955184999999, "mean": 0.6072042253749999, "std": 0.020256903930064383, "repeat": 4, "number": 2}]}, "commit_and_checkout.CheckoutCommit.time_checkout_read_only": {"result": [0.13652432783333335, 0.23575499050000004, 0.33877150133333334, 0.32374438083333335, 0.420681043, 0.5313378475, 0.5151773553333334, 0.6149188444999999, 0.725538249], "stats": [{"ci_99": [0.1275938926390195, 0.14538338202764717], "q_25": 0.13419264758333332, "q_75": 0.13882031758333335, "min": 0.13240546733333333, "max": 0.14050042633333334, "mean": 0.13648863733333336, "std": 0.0031143356017506443, "repeat": 4, "number": 3}, {"ci_99": [0.21201938125824393, 0.2645369327417561], "q_25": 0.23215576416666667, "q_75": 0.24187738333333342, "min": 0.22735598966666673, "max": 0.25424665733333335, "mean": 0.23827815700000005, "std": 0.009937478220130204, "repeat": 4, "number": 3}, {"ci_99": [0.3248867664870698, 0.353348128179597], "q_25": 0.3353645991666667, "q_75": 0.3425243495, "min": 0.3328696326666667, "max": 0.3460571540000001, "mean": 0.3391174473333334, "std": 0.005017416286959368, "repeat": 4, "number": 3}, {"ci_99": [0.2897040795656647, 0.35846107343433553], "q_25": 0.31841823, "q_75": 0.3294087273333333, "min": 0.30631452600000014, "max": 0.3425270183333333, "mean": 0.32408257650000005, "std": 0.012840036781123219, "repeat": 4, "number": 3}, {"ci_99": [0.3907616446860717, 0.44470437831392856], "q_25": 0.4137219996666667, "q_75": 0.4246920548333334, "min": 0.40133483266666675, "max": 0.4282351273333333, "mean": 0.41773301150000003, "std": 0.010156206795153453, "repeat": 4, "number": 3}, {"ci_99": [0.5175123513628369, 0.542120080637163], "q_25": 0.528089985, "q_75": 0.5330640785, "min": 0.522171193, "max": 0.5344179759999999, "mean": 0.529816216, "std": 0.004677183954341687, "repeat": 4, "number": 3}, {"ci_99": [0.49180545380439644, 0.5411958896956035], "q_25": 0.5092758329166667, "q_75": 0.5224021941666667, "min": 0.5067937666666666, "max": 0.5288542096666666, "mean": 0.51650067175, "std": 0.0086866359933, "repeat": 4, "number": 3}, {"ci_99": [0.5952435777296442, 0.6347916739370222], "q_25": 0.6111158815, "q_75": 0.6188205888333332, "min": 0.6050350489999999, "max": 0.6251977653333333, "mean": 0.6150176258333333, "std": 0.007239044857044388, "repeat": 4, "number": 3}, {"ci_99": [0.6722372598993145, 0.7702445734340185], "q_25": 0.7128494913333333, "q_75": 0.7339296743333333, "min": 0.6928357613333332, "max": 0.7410514073333333, "mean": 0.7212409166666667, "std": 0.018087727039589947, "repeat": 4, "number": 3}], "params": [["10000", "30000", "50000"], ["10000", "30000", "50000"]]}, "commit_and_checkout.CheckoutCommit.time_checkout_write_enabled": {"result": [0.13903134499999997, 0.2336551346666667, 0.3378205356666667, 0.32052438549999995, 0.4227853981666666, 0.5329987165000001, 0.5085909268333333, 0.6435651193333334, 0.7211285581666667], "stats": [{"ci_99": [0.13281405016125564, 0.14660815500541102], "q_25": 0.13752386599999997, "q_75": 0.1412185815833333, "min": 0.137378197, "max": 0.1434035233333333, "mean": 0.13971110258333333, "std": 0.0024625936984510955, "repeat": 4, "number": 3}, {"ci_99": [0.23042289546975522, 0.23621247919691146], "q_25": 0.23301437025, "q_75": 0.23395845175000005, "min": 0.231472146, "max": 0.23448833400000002, "mean": 0.23331768733333336, "std": 0.0011220827041764202, "repeat": 4, "number": 3}, {"ci_99": [0.3047986462974463, 0.37261138853588677], "q_25": 0.3275439210833333, "q_75": 0.34898163200000004, "min": 0.32655385233333317, "max": 0.352625146, "mean": 0.33870501741666664, "std": 0.01162814237268714, "repeat": 4, "number": 3}, {"ci_99": [0.30456729230511415, 0.3394634301948858], "q_25": 0.31804528249999997, "q_75": 0.32449446425, "min": 0.314555378, "max": 0.332457296, "mean": 0.32201536125, "std": 0.006568752468363373, "repeat": 4, "number": 3}, {"ci_99": [0.4070209575254528, 0.44531838514121386], "q_25": 0.4217574694999999, "q_75": 0.42719759999999996, "min": 0.4196203220000001, "max": 0.43948756699999986, "mean": 0.4261696713333333, "std": 0.0078000972778883414, "repeat": 4, "number": 3}, {"ci_99": [0.4941283420344279, 0.5727337254655724], "q_25": 0.5212037915000001, "q_75": 0.54522595875, "min": 0.5181166100000001, "max": 0.5496100919999999, "mean": 0.5334310337500001, "std": 0.01349513777185568, "repeat": 4, "number": 3}, {"ci_99": [0.46428954883071916, 0.5618432500026137], "q_25": 0.49856775116666674, "q_75": 0.5230895750833332, "min": 0.4952312216666668, "max": 0.5398525223333334, "mean": 0.5130663994166667, "std": 0.017567451922987223, "repeat": 4, "number": 3}, {"ci_99": [0.6154674394995696, 0.6679389770004305], "q_25": 0.6362789372500001, "q_75": 0.6489893903333335, "min": 0.627524874, "max": 0.6521577203333333, "mean": 0.64170320825, "std": 0.009426254184637823, "repeat": 4, "number": 3}, {"ci_99": [0.6952015190737564, 0.7561697782595771], "q_25": 0.71706605575, "q_75": 0.7297481510833335, "min": 0.715366968, "max": 0.7451185103333335, "mean": 0.7256856486666667, "std": 0.011727013882221589, "repeat": 4, "number": 3}], "params": [["10000", "30000", "50000"], ["10000", "30000", "50000"]]}, "commit_and_checkout.MakeCommit.time_commit": {"result": [0.04837298849999999, 0.09487081199999997, 0.1500792855, 0.09354495549999997, 0.14626455949999995, 0.2044061239999999, 0.14791025000000002, 0.2029585224999999, 0.2577871140000001], "stats": [{"ci_99": [0.04493153500000002, 0.057649027999999936], "q_25": 0.04711499925000007,