{"results": {"arrayset_sample_reads.FLOAT32_DType.time_read_5000_samples": {"result": [2.10701093375, 0.34569015000000025], "stats": [{"ci_99": [-1.6071440980435314, 8.157000722043534], "q_25": 2.073823983375, "q_75": 3.308115262375, "min": 2.018001432, "max": 6.8676899485, "mean": 3.274928312, "std": 2.0746257784813373, "repeat": 4, "number": 2}, {"ci_99": [-0.11423409658746153, 0.8303218775874615], "q_25": 0.19927524562500004, "q_75": 0.5044587948750003, "min": 0.19398590400000004, "max": 0.546809358, "mean": 0.35804389050000013, "std": 0.16178761962316698, "repeat": 4, "number": 2}], "params": [["'hdf5_00'", "'numpy_10'"]]}, "arrayset_sample_reads.UINT16_DType.time_read_5000_samples": {"result": [1.8179659662499996, 0.12348810899999996], "stats": [{"ci_99": [0.8561683408717228, 3.07398583962828], "q_25": 1.7258559965, "q_75": 2.0571870599999995, "min": 1.5314580185, "max": 2.69291841, "mean": 1.9650770902499997, "std": 0.43662157363497256, "repeat": 4, "number": 2}, {"ci_99": [0.10893072924278863, 0.13699791150721133], "q_25": 0.12042471537499996, "q_75": 0.12602771399999993, "min": 0.11533659649999994, "max": 0.12954446699999989, "mean": 0.12296432037499994, "std": 0.005142191266613239, "repeat": 4, "number": 2}], "params": [["'hdf5_00'", "'numpy_10'"]]}, "arrayset_sample_writes.HDF5_00.time_add_float32_5000_samples": {"result": [2.8691685205], "stats": [{"ci_99": [2.763439686554465, 2.9912410186955367], "q_25": 2.8466300057500002, "q_75": 2.8998788673750004, "min": 2.831137219, "max": 2.9398871504999997, "mean": 2.877340352625, "std": 0.041182880125155065, "repeat": 4, "number": 2}]}, "arrayset_sample_writes.HDF5_00.time_add_uint16_5000_samples": {"result": [2.3298536482500003], "stats": [{"ci_99": [2.202098014575415, 2.527993794424585], "q_25": 2.3232906428750004, "q_75": 2.3716089098749995, "min": 2.317911797, "max": 2.4825645245, "mean": 2.3650459045, "std": 0.06810790486289696, "repeat": 4, "number": 2}]}, "arrayset_sample_writes.NUMPY_10.time_add_float32_5000_samples": {"result": [0.99226259675], "stats": [{"ci_99": [0.9817241111363658, 1.0028821771136343], "q_25": 0.989773862375, "q_75": 0.9947918785000001, "min": 0.9872939915000001, "max": 0.9973933915000002, "mean": 0.9923031441250001, "std": 0.0037593463803236343, "repeat": 4, "number": 2}]}, "arrayset_sample_writes.NUMPY_10.time_add_uint16_5000_samples": {"result": [0.617141048], "stats": [{"ci_99": [0.5975067336081836, 0.6391146091418163], "q_25": 0.6125613401250001, "q_75": 0.62289037925, "min": 0.6098094119999999, "max": 0.6291511775, "mean": 0.618310671375, "std": 0.007405240496288528, "repeat": 4, "number": 2}]}, "commit_and_checkout.CheckoutCommit.time_checkout_read_only": {"result": [0.14370549483333334, 0.2272563125, 0.34995976733333334, 0.336602465, 0.431433909, 0.566423868, 0.6070402648333333, 0.6355315435, 0.7349139906666667], "stats": [{"ci_99": [0.1351250360047201, 0.1570506923286133], "q_25": 0.14327411933333334, "q_75": 0.1465192396666667, "min": 0.1429372653333333, "max": 0.15400320166666667, "mean": 0.14608786416666666, "std": 0.0045862251893075585, "repeat": 4, "number": 3}, {"ci_99": [0.213410761134243, 0.24604964086575704], "q_25": 0.2260793565833334, "q_75": 0.23090715691666663, "min": 0.22368980333333344, "max": 0.24071837566666665, "mean": 0.22973020100000002, "std": 0.0065145241862860455, "repeat": 4, "number": 3}, {"ci_99": [0.32486817962683606, 0.3728524053731638], "q_25": 0.34363391941666666, "q_75": 0.3551861404166667, "min": 0.3364171466666668, "max": 0.3591044886666667, "mean": 0.34886029250000006, "std": 0.00855759827640197, "repeat": 4, "number": 3}, {"ci_99": [0.3038331167788457, 0.3746376713878213], "q_25": 0.32911624216666674, "q_75": 0.3467216169166667, "min": 0.32548800866666666, "max": 0.3582486376666667, "mean": 0.33923539408333336, "std": 0.012680254313960705, "repeat": 4, "number": 3}, {"ci_99": [0.3925530464546868, 0.4680169473786464], "q_25": 0.41890903558333337, "q_75": 0.44280987033333324, "min": 0.41468353733333324, "max": 0.4435886323333332, "mean": 0.4302849969166666, "std": 0.01294391552232339, "repeat": 4, "number": 3}, {"ci_99": [0.5061959053939109, 0.6256530389394225], "q_25": 0.5503727428333334, "q_75": 0.5819755973333334, "min": 0.5385266323333334, "max": 0.5923235203333336, "mean": 0.5659244721666667, "std": 0.02086257045782762, "repeat": 4, "number": 3}, {"ci_99": [0.4329221989282154, 0.7892107027384523], "q_25": 0.5513916578333332, "q_75": 0.6667150578333333, "min": 0.5486394823333333, "max": 0.6815457913333335, "mean": 0.6110664508333333, "std": 0.06100798310071416, "repeat": 4, "number": 3}, {"ci_99": [0.5914311369411123, 0.6906593913922208], "q_25": 0.6307711520833335, "q_75": 0.6458056555833334, "min": 0.6205032213333336, "max": 0.6726147483333333, "mean": 0.6410452641666667, "std": 0.019254799557689113, "repeat": 4, "number": 3}, {"ci_99": [0.6441077284500063, 0.8622759253833266], "q_25": 0.7270552053333335, "q_75": 0.7610506122499999, "min": 0.7150976443333334, "max": 0.8278416819999999, "mean": 0.7531918269166668, "std": 0.043937243330709586, "repeat": 4, "number": 3}], "params": [["10000", "30000", "50000"], ["10000", "30000", "50000"]]}, "commit_and_checkout.CheckoutCommit.time_checkout_write_enabled": {"result": [0.14427921866666665, 0.25392910033333327, 0.34096726033333324, 0.34036230133333334, 0.4523009651666666, 0.5641317848333334, 0.5319676449999999, 0.6877564061666666, 0.7741318760000001], "stats": [{"ci_99": [0.13977878985919925, 0.14957675130746745], "q_25": 0.1431518745, "q_75": 0.14580511475, "min": 0.14293558500000003, "max": 0.14721705999999998, "mean": 0.14467777058333334, "std": 0.001734069194477108, "repeat": 4, "number": 3}, {"ci_99": [0.1838941477282097, 0.3351476541051239], "q_25": 0.23583731799999993, "q_75": 0.27761268325, "min": 0.23246330400000004, "max": 0.297762099, "mean": 0.2595209009166667, "std": 0.026612050656862788, "repeat": 4, "number": 3}, {"ci_99": [0.3165465887780098, 0.3678987573886569], "q_25": 0.3336114859166666, "q_75": 0.3495784475, "min": 0.3334962066666667, "max": 0.35345996500000004, "mean": 0.3422226730833333, "std": 0.00884119946038896, "repeat": 4, "number": 3}, {"ci_99": [0.29220956680080645, 0.4008445921991936], "q_25": 0.3324242289166666, "q_75": 0.3544651519166667, "min": 0.3256136766666667, "max": 0.37977003866666664, "mean": 0.3465270795, "std": 0.020510507357404843, "repeat": 4, "number": 3}, {"ci_99": [0.3294683727344385, 0.6165288179322279], "q_25": 0.43887130008333336, "q_75": 0.48642826041666654, "min": 0.4195349603333334, "max": 0.5678574906666666, "mean": 0.4729985953333333, "std": 0.056592651237632435, "repeat": 4, "number": 3}, {"ci_99": [0.4702176993562403, 0.6581969826437605], "q_25": 0.5328525780833333, "q_75": 0.5954865477500001, "min": 0.5305932573333334, "max": 0.5979725370000001, "mean": 0.564207341, "std": 0.032146897366643355, "repeat": 4, "number": 3}, {"ci_99": [0.46724408052574007, 0.5974344366409268], "q_25": 0.5159987683333334, "q_75": 0.5483081352500001, "min": 0.5023089503333334, "max": 0.5631127940000001, "mean": 0.5323392585833334, "std": 0.022963458440265087, "repeat": 4, "number": 3}, {"ci_99": [0.5622768466732241, 0.8103938984934427], "q_25": 0.64922273075, "q_75": 0.724869048, "min": 0.635089027, "max": 0.7347396509999999, "mean": 0.6863353725833333, "std": 0.042606090484293424, "repeat": 4, "number": 3}, {"ci_99": [0.5857327218116889, 0.9708529933549767], "q_25": 0.7132229843333333, "q_75": 0.8392017492500001, "min": 0.7116906453333334, "max": 0.853217033, "mean": 0.7782928575833334, "std": 0.0659165725373071, "repeat": 4, "number": 3}], "params": [["10000", "30000", "50000"], ["10000", "30000", "50000"]]}, "commit_and_checkout.MakeCommit.time_commit": {"result": [0.04667117899999995, 0.09514254499999997, 0.15927925350000005, 0.09701579449999986, 0.1612968600000001, 0.20230443099999995, 0.14327406350000016, 0.20109446350000015, 0.2561245889999999], "stats": [{"ci_99": [0.04521891899999997, 0.04986376699999995],