{"results": {"arrayset_sample_reads.FLOAT32_DType.time_read_5000_samples": {"result": [2.0206771915, 0.3603526425], "stats": [{"ci_99": [0.40802626100711303, 4.656733347242888], "q_25": 2.004916644125, "q_75": 2.5481403515, "min": 1.9920081575, "max": 4.0961566760000006, "mean": 2.532379804125, "std": 0.902959205563619, "repeat": 4, "number": 2}, {"ci_99": [-0.05191913711335738, 0.7900804673633599], "q_25": 0.23722014862499988, "q_75": 0.4922131590000002, "min": 0.207749874, "max": 0.5478675015000003, "mean": 0.3690806651250001, "std": 0.14476066801722948, "repeat": 4, "number": 2}], "params": [["'hdf5_00'", "'numpy_10'"]]}, "arrayset_sample_reads.UINT16_DType.time_read_5000_samples": {"result": [1.5631508632499997, 0.1253518045], "stats": [{"ci_99": [-0.7894387701409431, 5.417476989140939], "q_25": 1.5461608413749999, "q_75": 2.331009131375, "min": 1.5303518174999997, "max": 4.599422894000001, "mean": 2.3140191095000002, "std": 1.3195724555978314, "repeat": 4, "number": 2}, {"ci_99": [0.11244998399067087, 0.14160450700932906], "q_25": 0.12288256375000003, "q_75": 0.12949648624999996, "min": 0.12173213199999999, "max": 0.135673241, "mean": 0.1270272455, "std": 0.005410787581506242, "repeat": 4, "number": 2}], "params": [["'hdf5_00'", "'numpy_10'"]]}, "arrayset_sample_writes.HDF5_00.time_add_float32_5000_samples": {"result": [3.11014694075], "stats": [{"ci_99": [2.711365448212417, 3.5673533095375842], "q_25": 3.023630696625, "q_75": 3.225875623, "min": 2.9651139420000003, "max": 3.372029692, "mean": 3.1393593788750005, "std": 0.154259956623631, "repeat": 4, "number": 2}]}, "arrayset_sample_writes.HDF5_00.time_add_uint16_5000_samples": {"result": [2.3322722220000003], "stats": [{"ci_99": [2.199765650562231, 2.4736546559377697], "q_25": 2.3010475127500003, "q_75": 2.3679348625000003, "min": 2.2767578680000002, "max": 2.405538301, "mean": 2.3367101532500003, "std": 0.048581901361094505, "repeat": 4, "number": 2}]}, "arrayset_sample_writes.NUMPY_10.time_add_float32_5000_samples": {"result": [1.00398631575], "stats": [{"ci_99": [0.9346038941823718, 1.0883172375676282], "q_25": 0.9913105216249999, "q_75": 1.02413636, "min": 0.9811055045, "max": 1.0567641275, "mean": 1.011460565875, "std": 0.02853765032952064, "repeat": 4, "number": 2}]}, "arrayset_sample_writes.NUMPY_10.time_add_uint16_5000_samples": {"result": [0.6716423302500001], "stats": [{"ci_99": [0.5654697293631944, 0.7468494376368053], "q_25": 0.647637165875, "q_75": 0.6801647478749999, "min": 0.5949332525, "max": 0.686420421, "mean": 0.6561595835, "std": 0.036147917303933075, "repeat": 4, "number": 2}]}, "commit_and_checkout.CheckoutCommit.time_checkout_read_only": {"result": [0.26801220933333336, 0.48651098666666664, 0.7043068198333333, 0.5997361036666666, 0.8192845393333333, 1.0798787946666666, 1.4288900275000003, 1.430752145, 1.3775709138333334], "stats": [{"ci_99": [0.2580859133685705, 0.2754443712980961], "q_25": 0.2653718555833333, "q_75": 0.26940549608333336, "min": 0.2614766483333333, "max": 0.2695595023333333, "mean": 0.2667651423333333, "std": 0.0032591653672637173, "repeat": 4, "number": 3}, {"ci_99": [0.45513644645538914, 0.5162039053779444], "q_25": 0.47690495216666656, "q_75": 0.49527621041666675, "min": 0.47242796066666665, "max": 0.4972307696666666, "mean": 0.4856701759166666, "std": 0.010512871910350401, "repeat": 4, "number": 3}, {"ci_99": [0.6661148326798214, 0.7640475741535118], "q_25": 0.7018696890833332, "q_75": 0.7175183341666665, "min": 0.7014977663333332, "max": 0.7502134076666666, "mean": 0.7150812034166666, "std": 0.020381717344529524, "repeat": 4, "number": 3}, {"ci_99": [0.5100135352690846, 0.6887021063975816], "q_25": 0.5754392184999999, "q_75": 0.6236547060000001, "min": 0.5592508199999999, "max": 0.6387082560000001, "mean": 0.5993578208333334, "std": 0.03111186002550739, "repeat": 4, "number": 3}, {"ci_99": [0.7183446134821218, 0.9054252910178783], "q_25": 0.788656476, "q_75": 0.8425130155833334, "min": 0.765639506, "max": 0.8433312243333333, "mean": 0.8118849522499999, "std": 0.03275266822223625, "repeat": 4, "number": 3}, {"ci_99": [0.07265285496908014, 2.6892312086975774], "q_25": 1.0494287198333334, "q_75": 1.4113921066666666, "min": 1.0266305883333333, "max": 2.3373799496666665, "mean": 1.3809420318333332, "std": 0.5528635781046414, "repeat": 4, "number": 3}, {"ci_99": [-0.4860703138235898, 3.7000948941569103], "q_25": 0.9291140489166667, "q_75": 2.1067882687500004, "min": 0.9003732046666667, "max": 2.6698959010000003, "mean": 1.6070122901666668, "std": 0.7370717555453467, "repeat": 4, "number": 3}, {"ci_99": [0.6092759180245292, 2.3611117903088052], "q_25": 1.198802469, "q_75": 1.7171435301666669, "min": 1.1822223680000004, "max": 1.8970487586666671, "mean": 1.485193854166667, "std": 0.30408827295878027, "repeat": 4, "number": 3}, {"ci_99": [1.2273062131850119, 1.5485797026483212], "q_25": 1.3577906650833333, "q_75": 1.4077232066666665, "min": 1.3136883313333334, "max": 1.4829416726666667, "mean": 1.3879429579166667, "std": 0.060838445940886575, "repeat": 4, "number": 3}], "params": [["10000", "30000", "50000"], ["10000", "30000", "50000"]]}, "commit_and_checkout.CheckoutCommit.time_checkout_write_enabled": {"result": [0.2844564028333333, 0.4982214064999999, 0.7630074443333333, 0.5925245228333332, 0.8200816518333334, 1.8542566115, 1.2580942181666666, 1.1383651554999998, 1.3799163823333331], "stats": [{"ci_99": [0.25915298268720804, 0.3111588348127919], "q_25": 0.2801124704166666, "q_75": 0.28949984116666666, "min": 0.2723924096666666, "max": 0.29931841966666667, "mean": 0.28515590874999996, "std": 0.009627202867135845, "repeat": 4, "number": 3}, {"ci_99": [0.4464932270196214, 0.5746569618137115], "q_25": 0.49370269058333327, "q_75": 0.5150938103333332, "min": 0.4905385853333333, "max": 0.5553189793333334, "mean": 0.5105750944166666, "std": 0.02613763059393941, "repeat": 4, "number": 3}, {"ci_99": [0.6982501464575275, 0.8270124045424724], "q_25": 0.74145464975, "q_75": 0.7841840700833335, "min": 0.7390335960000001, "max": 0.7854766173333333, "mean": 0.7626312755000001, "std": 0.022021680375571586, "repeat": 4, "number": 3}, {"ci_99": [0.5665496300413724, 0.6185960546252943], "q_25": 0.5847153690833333, "q_75": 0.6003819960833333, "min": 0.5820289073333335, "max": 0.6032134163333334, "mean": 0.5925728423333333, "std": 0.008944252607517087, "repeat": 4, "number": 3}, {"ci_99": [0.6877790532694298, 1.0339283808972375], "q_25": 0.8168749626666667, "q_75": 0.86406040625, "min": 0.8154697376666666, "max": 0.9877818270000001, "mean": 0.8608537170833334, "std": 0.07333172854920093, "repeat": 4, "number": 3}, {"ci_99": [-0.5620303883549409, 4.2818857711882625], "q_25": 1.0409281505, "q_75": 2.6732561524166667, "min": 1.0140466380000002, "max": 2.717150904666667, "mean": 1.859927691416667, "std": 0.8283155099536724, "repeat": 4, "number": 3}, {"ci_99": [0.2255071433677862, 2.3045865597988797], "q_25": 0.911896412, "q_75": 1.6112446577499997, "min": 0.905476573, "max": 1.6385223970000002, "mean": 1.2650468515833333, "std": 0.3555358871878523, "repeat": 4, "number": 3}, {"ci_99": [0.743901076054627, 1.7609982942787028], "q_25": 1.1196744214166667, "q_75": 1.27114041925, "min": 1.111939860666667, "max": 1.621128569, "mean": 1.2524496851666667, "std": 0.2134343683293171, "repeat": 4, "number": 3}, {"ci_99": [1.2737812533503028, 1.4788619249830304], "q_25": 1.3474425611666665, "q_75": 1.4087954103333333, "min": 1.3309213366666666, "max": 1.4145322553333333, "mean": 1.3763215891666665, "std": 0.03536062014232471, "repeat": 4, "number": 3}], "params": [["10000", "30000", "50000"], ["10000", "30000", "50000"]]}, "commit_and_checkout.MakeCommit.time_commit": {"result": [0.10374611550000012, 0.2159362525000002, 0.30637887799999997, 0.21074438000000006, 0.3134865919999999, 0.4013106580000003, 0.3319552015, 0.4130789899999997, 0.5292839454999999], "stats": [{"ci_99": [0.10041842400000012, 0.1368603880000001], "q_25": 0.10074027899999999, "q_75": 0.11051129900000001,