{"results": {"arrayset_sample_reads.FLOAT32_DType.time_read_5000_samples": {"result": [1.9693067345000002, 0.1990998405], "stats": [{"ci_99": [1.7592903727381417, 2.2619982320118606], "q_25": 1.953985946125, "q_75": 2.02596509075, "min": 1.9210814094999993, "max": 2.182882331, "mean": 2.010644302375, "std": 0.10141860004373533, "repeat": 4, "number": 2}, {"ci_99": [0.18139876434201385, 0.21882748590798623], "q_25": 0.19437572300000003, "q_75": 0.20483724262500003, "min": 0.19306734650000013, "max": 0.209185473, "mean": 0.20011312512500004, "std": 0.006534097769473865, "repeat": 4, "number": 2}], "params": [["'hdf5_00'", "'numpy_10'"]]}, "arrayset_sample_reads.UINT16_DType.time_read_5000_samples": {"result": [1.4585031562499997, 0.12984981699999998], "stats": [{"ci_99": [1.4341307258592866, 1.4785470683907131], "q_25": 1.4516138063749997, "q_75": 1.463228247, "min": 1.4442954365000003, "max": 1.4640538395, "mean": 1.456338897125, "std": 0.00796141342144365, "repeat": 4, "number": 2}, {"ci_99": [0.11689932916478098, 0.14082901058521885], "q_25": 0.12665634174999998, "q_75": 0.13205764512499993, "min": 0.1220927034999999, "max": 0.13366434199999988, "mean": 0.12886416987499993, "std": 0.0043712221845050555, "repeat": 4, "number": 2}], "params": [["'hdf5_00'", "'numpy_10'"]]}, "arrayset_sample_writes.HDF5_00.time_add_float32_5000_samples": {"result": [2.9206675685], "stats": [{"ci_99": [2.8564220612650333, 2.986067208484967], "q_25": 2.9110048766250003, "q_75": 2.93090732675, "min": 2.8875614489999997, "max": 2.9560819535000005, "mean": 2.921244634875, "std": 0.024267744001231592, "repeat": 4, "number": 2}]}, "arrayset_sample_writes.HDF5_00.time_add_uint16_5000_samples": {"result": [2.37056940825], "stats": [{"ci_99": [2.113628929756398, 2.6282506852436014], "q_25": 2.3235997715, "q_75": 2.41790944425, "min": 2.2383976745000003, "max": 2.504222739, "mean": 2.3709398075, "std": 0.09489684154248602, "repeat": 4, "number": 2}]}, "arrayset_sample_writes.NUMPY_10.time_add_float32_5000_samples": {"result": [0.9652277965], "stats": [{"ci_99": [0.8781167317710414, 1.080843289228958], "q_25": 0.9515772495, "q_75": 0.9931305575000001, "min": 0.9438082035, "max": 1.0436562454999998, "mean": 0.9794800105, "std": 0.038865163161630016, "repeat": 4, "number": 2}]}, "arrayset_sample_writes.NUMPY_10.time_add_uint16_5000_samples": {"result": [0.59788613125], "stats": [{"ci_99": [0.5120227911674117, 0.6974519440825875], "q_25": 0.574813859125, "q_75": 0.6278096397499999, "min": 0.5727084760000001, "max": 0.6504687319999999, "mean": 0.604737367625, "std": 0.03244981901175927, "repeat": 4, "number": 2}]}, "commit_and_checkout.CheckoutCommit.time_checkout_read_only": {"result": [0.13979136116666666, 0.22624481950000003, 0.33842433833333335, 0.33990083349999994, 0.43850242966666675, 0.5366412745, 0.5261526136666667, 0.6362270944999999, 0.7232135241666666], "stats": [{"ci_99": [0.12349510392662015, 0.15754562924004645], "q_25": 0.13480358391666666, "q_75": 0.14550814383333333, "min": 0.13470045366666664, "max": 0.14779829033333333, "mean": 0.14052036658333333, "std": 0.005851811926451856, "repeat": 4, "number": 3}, {"ci_99": [0.2119835877469491, 0.2471862817530508], "q_25": 0.22457873608333337, "q_75": 0.23125101816666663, "min": 0.2242886293333334, "max": 0.24156147066666658, "mean": 0.22958493475, "std": 0.007048526758992929, "repeat": 4, "number": 3}, {"ci_99": [0.31203587587753423, 0.36387655662246554], "q_25": 0.3310967705833333, "q_75": 0.34528378400000004, "min": 0.3260799623333333, "max": 0.3488962260000001, "mean": 0.33795621625, "std": 0.009015712610091509, "repeat": 4, "number": 3}, {"ci_99": [0.3245259548741237, 0.35161613895920957], "q_25": 0.33664060883333335, "q_75": 0.34133127158333326, "min": 0.32927349033333336, "max": 0.34320903033333333, "mean": 0.3380710469166666, "std": 0.005286459432873531, "repeat": 4, "number": 3}, {"ci_99": [0.41096159421975237, 0.46154672144691444], "q_25": 0.4305994199166667, "q_75": 0.4441571675833334, "min": 0.4229063906666668, "max": 0.4451053813333334, "mean": 0.43625415783333343, "std": 0.008994709859289109, "repeat": 4, "number": 3}, {"ci_99": [0.5224389115348189, 0.5523442022985146], "q_25": 0.5326797143333334, "q_75": 0.5413531170833333, "min": 0.5318925653333334, "max": 0.5443911133333333, "mean": 0.5373915569166666, "std": 0.005189565716270591, "repeat": 4, "number": 3}, {"ci_99": [0.45577862815209, 0.6039935483479097], "q_25": 0.5169300695833333, "q_75": 0.5391086323333334, "min": 0.4944347303333334, "max": 0.5728043953333333, "mean": 0.52988608825, "std": 0.02798482870901704, "repeat": 4, "number": 3}, {"ci_99": [0.6158229120818348, 0.6554506797514983], "q_25": 0.6315843076666666, "q_75": 0.6402795827499999, "min": 0.6252989596666666, "max": 0.644794035, "mean": 0.6356367959166666, "std": 0.0071484971173343065, "repeat": 4, "number": 3}, {"ci_99": [0.6918866536250909, 0.7484928597082422], "q_25": 0.7145719075, "q_75": 0.7288313733333333, "min": 0.7043198579999999, "max": 0.7300121203333334, "mean": 0.7201897566666666, "std": 0.010261637044964739, "repeat": 4, "number": 3}], "params": [["10000", "30000", "50000"], ["10000", "30000", "50000"]]}, "commit_and_checkout.CheckoutCommit.time_checkout_write_enabled": {"result": [0.14080532633333334, 0.2385385855, 0.3369068603333333, 0.33243787950000003, 0.427775759, 0.5425196318333334, 0.5328202271666665, 0.6575285471666665, 0.7464768118333334], "stats": [{"ci_99": [0.13210361456388184, 0.1483036269361182], "q_25": 0.13832444583333334, "q_75": 0.14268450125000004, "min": 0.13603635633333333, "max": 0.14316747400000004, "mean": 0.14020362075, "std": 0.0028626443430722027, "repeat": 4, "number": 3}, {"ci_99": [0.2100264712519377, 0.2693716075813956], "q_25": 0.23400061641666667, "q_75": 0.24423700850000002, "min": 0.22538980866666666, "max": 0.25632917800000005, "mean": 0.23969903941666668, "std": 0.01106312959803004, "repeat": 4, "number": 3}, {"ci_99": [0.27454554944287646, 0.41453865605712314], "q_25": 0.3249117345, "q_75": 0.3565372285833333, "min": 0.3185767180000001, "max": 0.3857779723333333, "mean": 0.34454210274999997, "std": 0.025916005246729407, "repeat": 4, "number": 3}, {"ci_99": [0.30236189445436934, 0.362342919878964], "q_25": 0.32841109083333336, "q_75": 0.33637919583333337, "min": 0.31633215833333334, "max": 0.3482017113333334, "mean": 0.3323524071666667, "std": 0.01126791270317641, "repeat": 4, "number": 3}, {"ci_99": [0.39268351288328934, 0.46664796128337704], "q_25": 0.42157524100000004, "q_75": 0.4358662550833333, "min": 0.412700217, "max": 0.4504112133333334, "mean": 0.42966573708333333, "std": 0.013659896686322517, "repeat": 4, "number": 3}, {"ci_99": [0.45745212970448146, 0.6415314711288516], "q_25": 0.5202251401666668, "q_75": 0.5717862920833334, "min": 0.5172148956666668, "max": 0.5957130423333333, "mean": 0.5494918004166668, "std": 0.032334362370063194, "repeat": 4, "number": 3}, {"ci_99": [0.4725841437216083, 0.6020358579450587], "q_25": 0.5190074691666666, "q_75": 0.5511227588333333, "min": 0.5117791576666666, "max": 0.5718203913333334, "mean": 0.5373100008333332, "std": 0.023147238455564646, "repeat": 4, "number": 3}, {"ci_99": [0.5964134677143986, 0.7227539229522681], "q_25": 0.6421812209166665, "q_75": 0.6749310215833333, "min": 0.6328830586666664, "max": 0.6903946283333333, "mean": 0.6595836953333332, "std": 0.022196333424914495, "repeat": 4, "number": 3}, {"ci_99": [0.6837616746377352, 0.7939600836955985], "q_25": 0.7300621001666666, "q_75": 0.7552755908333334, "min": 0.7052865916666665, "max": 0.7572033013333334, "mean": 0.7388608791666667, "std": 0.020692568580925275, "repeat": 4, "number": 3}], "params": [["10000", "30000", "50000"], ["10000", "30000", "50000"]]}, "commit_and_checkout.MakeCommit.time_commit": {"result": [0.047654191500000054, 0.09488782450000016, 0.1506372299999999, 0.0891213655000001, 0.14257092799999982, 0.2050058010000002, 0.14618599850000014, 0.19557485399999974, 0.24993445999999997],