{"results": {"arrayset_sample_reads.FLOAT32_DType.time_read_5000_samples": {"result": [2.047539074, 0.21129310125], "stats": [{"ci_99": [1.7144553774065152, 2.365947613093486], "q_25": 1.9378917061250003, "q_75": 2.149848863125, "min": 1.9122318500000004, "max": 2.153495983, "mean": 2.04020149525, "std": 0.11153427524398508, "repeat": 4, "number": 2}, {"ci_99": [0.1779752629163291, 0.24356672908367105], "q_25": 0.20194271912499998, "q_75": 0.22012137812500002, "min": 0.19594276599999993, "max": 0.2245550155, "mean": 0.210770996, "std": 0.011385050290401095, "repeat": 4, "number": 2}], "params": [["'hdf5_00'", "'numpy_10'"]]}, "arrayset_sample_reads.UINT16_DType.time_read_5000_samples": {"result": [1.5850727155, 0.12526568724999992], "stats": [{"ci_99": [1.3270121772166081, 1.8282344682833922], "q_25": 1.51065368575, "q_75": 1.6520423524999999, "min": 1.4624651800000001, "max": 1.6778826799999997, "mean": 1.5776233227499998, "std": 0.08694138015862121, "repeat": 4, "number": 2}, {"ci_99": [0.11833899359536788, 0.13124052865463204], "q_25": 0.12332608249999993, "q_75": 0.12672936587499994, "min": 0.12143385200000001, "max": 0.12719381799999996, "mean": 0.12478976112499995, "std": 0.002286966462910577, "repeat": 4, "number": 2}], "params": [["'hdf5_00'", "'numpy_10'"]]}, "arrayset_sample_writes.HDF5_00.time_add_float32_5000_samples": {"result": [2.92362132675], "stats": [{"ci_99": [2.7148338926191893, 3.1352581708808103], "q_25": 2.8622494725000003, "q_75": 2.986417886, "min": 2.8393657140000004, "max": 3.0135757594999997, "mean": 2.92504603175, "std": 0.07238699841602862, "repeat": 4, "number": 2}]}, "arrayset_sample_writes.HDF5_00.time_add_uint16_5000_samples": {"result": [2.37068597925], "stats": [{"ci_99": [2.07823652519538, 2.6349711138046192], "q_25": 2.28482825625, "q_75": 2.4424615425, "min": 2.2237668405, "max": 2.461276479, "mean": 2.3566038195, "std": 0.09692802686052142, "repeat": 4, "number": 2}]}, "arrayset_sample_writes.NUMPY_10.time_add_float32_5000_samples": {"result": [1.01976383025], "stats": [{"ci_99": [0.9410907810809144, 1.098323878169086], "q_25": 0.999040693125, "q_75": 1.0404304667500002, "min": 0.984132051, "max": 1.055169607, "mean": 1.019707329625, "std": 0.02747513025688727, "repeat": 4, "number": 2}]}, "arrayset_sample_writes.NUMPY_10.time_add_uint16_5000_samples": {"result": [0.62058336175], "stats": [{"ci_99": [0.5728541489936325, 0.6683947920063678], "q_25": 0.606407619625, "q_75": 0.6348002126249999, "min": 0.6009812905, "max": 0.6403498679999999, "mean": 0.6206244704999999, "std": 0.016438011517724695, "repeat": 4, "number": 2}]}, "commit_and_checkout.CheckoutCommit.time_checkout_read_only": {"result": [0.14278757583333335, 0.23763024299999996, 0.34748030399999996, 0.330158179, 0.44063460700000007, 0.5617300465000001, 0.5298337843333334, 0.64636709, 0.7410131366666666], "stats": [{"ci_99": [0.11995751586980896, 0.17967178929685768], "q_25": 0.14241537825, "q_75": 0.1501868501666667, "min": 0.141938251, "max": 0.17174520766666668, "mean": 0.14981465258333335, "std": 0.012667255362903087, "repeat": 4, "number": 3}, {"ci_99": [0.2276276395226049, 0.24735677814406168], "q_25": 0.23436277999999997, "q_75": 0.2407596718333333, "min": 0.23367541499999991, "max": 0.2410329343333333, "mean": 0.23749220883333327, "std": 0.0033766031455643476, "repeat": 4, "number": 3}, {"ci_99": [0.3299114166315222, 0.3643369142018112], "q_25": 0.3446612795833333, "q_75": 0.3499431898333334, "min": 0.3376719723333334, "max": 0.35586408133333336, "mean": 0.3471241654166667, "std": 0.006451017269750653, "repeat": 4, "number": 3}, {"ci_99": [0.31460169442760255, 0.34074010823906403], "q_25": 0.3269071184166667, "q_75": 0.3309219619166667, "min": 0.3184873426666666, "max": 0.33187990466666667, "mean": 0.3276709013333333, "std": 0.005357743555304207, "repeat": 4, "number": 3}, {"ci_99": [0.3196990709675839, 0.6172163975324164], "q_25": 0.4249859475833334, "q_75": 0.48410639366666675, "min": 0.42434820233333337, "max": 0.5682135206666667, "mean": 0.46845773425000004, "std": 0.05899505389631654, "repeat": 4, "number": 3}, {"ci_99": [0.5010050882223106, 0.6263742059443564], "q_25": 0.5520053779166667, "q_75": 0.5734143156666667, "min": 0.5329105386666667, "max": 0.5983879566666667, "mean": 0.5636896470833334, "std": 0.0233537027997304, "repeat": 4, "number": 3}, {"ci_99": [0.5056207020537405, 0.5520504901129262], "q_25": 0.522410527, "q_75": 0.5362588534166666, "min": 0.518366295, "max": 0.5373085206666667, "mean": 0.5288355960833333, "std": 0.008018807576535511, "repeat": 4, "number": 3}, {"ci_99": [0.5866170297559946, 0.7207277154106718], "q_25": 0.6348889865, "q_75": 0.6651504760833333, "min": 0.6287713919999999, "max": 0.6931839183333333, "mean": 0.6536723725833333, "std": 0.024830129160929925, "repeat": 4, "number": 3}, {"ci_99": [0.7230931274577552, 0.7576928407089116], "q_25": 0.7372925773333333, "q_75": 0.7441135434166667, "min": 0.7309865713333333, "max": 0.7485590916666668, "mean": 0.7403929840833333, "std": 0.006347726916419428, "repeat": 4, "number": 3}], "params": [["10000", "30000", "50000"], ["10000", "30000", "50000"]]}, "commit_and_checkout.CheckoutCommit.time_checkout_write_enabled": {"result": [0.147516779, 0.23774449099999997, 0.33555370266666673, 0.3267582451666666, 0.4495556546666667, 0.5394039156666666, 0.5457598108333334, 0.6666808195, 0.7482135731666666], "stats": [{"ci_99": [0.12983853000239629, 0.1653796364976037], "q_25": 0.14188158308333335, "q_75": 0.15324427916666664, "min": 0.1409411323333333, "max": 0.15446164266666665, "mean": 0.14760908324999997, "std": 0.006084353384967515, "repeat": 4, "number": 3}, {"ci_99": [0.22207679210965395, 0.25226833155701256], "q_25": 0.23291295541666668, "q_75": 0.24200409741666662, "min": 0.23049095866666672, "max": 0.24271030666666663, "mean": 0.23717256183333332, "std": 0.005204639026755572, "repeat": 4, "number": 3}, {"ci_99": [0.3222085020371426, 0.34500435279619085], "q_25": 0.33238825650000003, "q_75": 0.3367718735833333, "min": 0.326015097, "max": 0.33730320733333335, "mean": 0.3336064274166667, "std": 0.004501273472722042, "repeat": 4, "number": 3}, {"ci_99": [0.2813826855157369, 0.38339031481759595], "q_25": 0.31657120875, "q_75": 0.3425735365833333, "min": 0.315084905, "max": 0.36094460533333333, "mean": 0.33238650016666665, "std": 0.018480526013234886, "repeat": 4, "number": 3}, {"ci_99": [0.42840815415612865, 0.46617179701053807], "q_25": 0.4440420294166666, "q_75": 0.4528036008333334, "min": 0.4361076776666666, "max": 0.4539409153333333, "mean": 0.44728997558333333, "std": 0.007000105193213383, "repeat": 4, "number": 3}, {"ci_99": [0.5090334265942105, 0.5718954227391226], "q_25": 0.5298931649166665, "q_75": 0.5499751754166666, "min": 0.5296359806666666, "max": 0.5534138866666666, "mean": 0.5404644246666666, "std": 0.010780250794428466, "repeat": 4, "number": 3}, {"ci_99": [0.48913490343321403, 0.6085858465667862], "q_25": 0.5330640203333334, "q_75": 0.5615561655, "min": 0.5236202573333333, "max": 0.5803016209999999, "mean": 0.548860375, "std": 0.02137268180494078, "repeat": 4, "number": 3}, {"ci_99": [0.5965620193292153, 0.723305646670785], "q_25": 0.6494459511666666, "q_75": 0.6771687013333334, "min": 0.6223389366666666, "max": 0.6840347563333333, "mean": 0.659933833, "std": 0.023556994963912243, "repeat": 4, "number": 3}, {"ci_99": [0.7149931969538426, 0.7840376672128241], "q_25": 0.7408643502499999, "q_75": 0.756864655, "min": 0.7341989440000001, "max": 0.7674356379999999, "mean": 0.7495154320833333, "std": 0.01236627621178498, "repeat": 4, "number": 3}], "params": [["10000", "30000", "50000"], ["10000", "30000", "50000"]]}, "commit_and_checkout.MakeCommit.time_commit": {"result": [0.047788966000000044, 0.09442673400000001, 0.15338511600000004, 0.0934120645, 0.15690769550000017, 0.20703595900000016, 0.1430710825, 0.19871545750000008, 0.26176037099999994], "stats": [{"ci_99": [0.0451980460000001, 0.05077709099999994], "q_25": 0.046331651250000105,