{"results": {"arrayset_sample_reads.FLOAT32_DType.time_read_5000_samples": {"result": [1.6435238525, 0.14951910775], "stats": [{"ci_99": [1.428051569428133, 1.828742349821867], "q_25": 1.602609877625, "q_75": 1.6693109345, "min": 1.508583473, "max": 1.7179566604999996, "mean": 1.6283969596249999, "std": 0.07585693379008457, "repeat": 4, "number": 2}, {"ci_99": [0.12440042515684474, 0.17241662134315489], "q_25": 0.14346837087499992, "q_75": 0.154459260125, "min": 0.13569096049999985, "max": 0.15890491699999987, "mean": 0.14840852324999992, "std": 0.008635633991590022, "repeat": 4, "number": 2}], "params": [["'hdf5_00'", "'numpy_10'"]]}, "arrayset_sample_reads.UINT16_DType.time_read_5000_samples": {"result": [1.3784891289999999, 0.09603540775000013], "stats": [{"ci_99": [1.3151436342186387, 1.4566448812813606], "q_25": 1.362947140875, "q_75": 1.4014362458749996, "min": 1.3629025875, "max": 1.4236961854999999, "mean": 1.38589425775, "std": 0.025246081245128997, "repeat": 4, "number": 2}, {"ci_99": [0.07855152908764698, 0.11268563741235321], "q_25": 0.09355437925000012, "q_75": 0.09809961175000007, "min": 0.0861361195, "max": 0.10426739799999996, "mean": 0.09561858325000006, "std": 0.006423915037518141, "repeat": 4, "number": 2}], "params": [["'hdf5_00'", "'numpy_10'"]]}, "arrayset_sample_writes.HDF5_00.time_add_float32_5000_samples": {"result": [3.5328780484999998], "stats": [{"ci_99": [3.348484844695246, 3.754806339304753], "q_25": 3.497775991625, "q_75": 3.586747648875, "min": 3.4712102105000002, "max": 3.6696160604999997, "mean": 3.551645592, "std": 0.07494850243039136, "repeat": 4, "number": 2}]}, "arrayset_sample_writes.HDF5_00.time_add_uint16_5000_samples": {"result": [2.6015121425], "stats": [{"ci_99": [2.479834450962205, 2.769895806787795], "q_25": 2.5814567576250003, "q_75": 2.6449205137500003, "min": 2.5794438255, "max": 2.7169924050000005, "mean": 2.6248651288750002, "std": 0.0556613965419703, "repeat": 4, "number": 2}]}, "arrayset_sample_writes.NUMPY_10.time_add_float32_5000_samples": {"result": [0.92335145875], "stats": [{"ci_99": [0.8632376261542231, 0.970272842345777], "q_25": 0.912642960125, "q_75": 0.9274637328750001, "min": 0.8819825464999997, "max": 0.938335473, "mean": 0.9167552342499999, "std": 0.02099013974238322, "repeat": 4, "number": 2}]}, "arrayset_sample_writes.NUMPY_10.time_add_uint16_5000_samples": {"result": [0.5748390584999999], "stats": [{"ci_99": [0.5444595326839025, 0.6073147330660972], "q_25": 0.5689263159999999, "q_75": 0.581799875375, "min": 0.5611337679999999, "max": 0.5927366465, "mean": 0.5758871328749999, "std": 0.011464578686301734, "repeat": 4, "number": 2}]}, "commit_and_checkout.CheckoutCommit.time_checkout_read_only": {"result": [0.1461895176666667, 0.2737145005, 0.6081984429999998, 0.4580760268333334, 0.6497145591666665, 0.6801253973333332, 0.5824879345, 0.6371164045, 1.3993721646666668], "stats": [{"ci_99": [0.14056945088668854, 0.15220833377997814], "q_25": 0.14488551433333335, "q_75": 0.14769289566666668, "min": 0.14383596133333332, "max": 0.1493405726666667, "mean": 0.14638889233333335, "std": 0.002069431525007278, "repeat": 4, "number": 3}, {"ci_99": [0.18609635025277538, 0.3798965874138912], "q_25": 0.2619904815833333, "q_75": 0.29472048775, "min": 0.24186257733333325, "max": 0.342694297, "mean": 0.2829964688333333, "std": 0.0370082165648463, "repeat": 4, "number": 3}, {"ci_99": [-0.17126912803033045, 1.4197463643636594], "q_25": 0.35795783358333333, "q_75": 0.8744792275833332, "min": 0.3445700853333334, "max": 0.9359875013333333, "mean": 0.6242386181666666, "std": 0.27236469376366, "repeat": 4, "number": 3}, {"ci_99": [0.0004874497731278127, 1.0014496513935371], "q_25": 0.3449870216666667, "q_75": 0.6140575557500001, "min": 0.3243824006666666, "max": 0.7633397479999999, "mean": 0.5009685505833333, "std": 0.17767003594434758, "repeat": 4, "number": 3}, {"ci_99": [-0.14255067262191867, 1.565716986788591], "q_25": 0.4351286614166667, "q_75": 0.926169054833333, "min": 0.4168885926666667, "max": 1.1300149173333331, "mean": 0.7115831570833332, "std": 0.2985527050534871, "repeat": 4, "number": 3}, {"ci_99": [0.31234823207092294, 1.0510622122624123], "q_25": 0.5627583740833333, "q_75": 0.7990722454166665, "min": 0.5428768923333332, "max": 0.8236932016666666, "mean": 0.6817052221666666, "std": 0.12645702584937463, "repeat": 4, "number": 3}, {"ci_99": [0.395724414676363, 0.8096229661569713], "q_25": 0.5529533102499999, "q_75": 0.6322083146666667, "min": 0.517719325, "max": 0.7279995676666666, "mean": 0.6026736904166666, "std": 0.0780572141560085, "repeat": 4, "number": 3}, {"ci_99": [0.5396665116884325, 0.7816332479782343], "q_25": 0.6298591094166667, "q_75": 0.6679071749166667, "min": 0.6225208416666668, "max": 0.7458458686666667, "mean": 0.6606498798333333, "std": 0.04966418324727387, "repeat": 4, "number": 3}, {"ci_99": [-0.40865530561934005, 3.179349943285999], "q_25": 0.7917196105, "q_75": 1.992999873, "min": 0.7337696970000002, "max": 2.0088752489999995, "mean": 1.3853473188333334, "std": 0.6135984375935073, "repeat": 4, "number": 3}], "params": [["10000", "30000", "50000"], ["10000", "30000", "50000"]]}, "commit_and_checkout.CheckoutCommit.time_checkout_write_enabled": {"result": [0.26512648333333333, 0.4996548601666666, 0.5050310955, 0.4487386823333332, 0.463339749, 0.5592367548333335, 0.5496702808333334, 0.640981139, 0.7280992063333334], "stats": [{"ci_99": [-0.10031297989950394, 0.6421332850661707], "q_25": 0.14438291125000002, "q_75": 0.39165372466666665, "min": 0.14382632800000003, "max": 0.40956131566666665, "mean": 0.27091015258333334, "std": 0.1269939262937713, "repeat": 4, "number": 3}, {"ci_99": [-0.20187490996460877, 1.2100609609646125], "q_25": 0.26371829691666665, "q_75": 0.7400295887499999, "min": 0.26087633866666665, "max": 0.7561860430000001, "mean": 0.5040930255, "std": 0.24144592059310854, "repeat": 4, "number": 3}, {"ci_99": [0.0595508198929931, 0.9512066622736748], "q_25": 0.3628581313333334, "q_75": 0.64755170525, "min": 0.3358141433333334, "max": 0.6756386299999999, "mean": 0.5053787410833334, "std": 0.15264590627958874, "repeat": 4, "number": 3}, {"ci_99": [0.08646037344798269, 0.8512973847186878], "q_25": 0.3590939328333333, "q_75": 0.5585236285833332, "min": 0.3160810623333334, "max": 0.6619570893333333, "mean": 0.4688788790833333, "std": 0.134888796402747, "repeat": 4, "number": 3}, {"ci_99": [0.37451101014208565, 0.5875503300245811], "q_25": 0.4550033228333333, "q_75": 0.4893670962500001, "min": 0.44387138733333326, "max": 0.553571795, "mean": 0.48103067008333333, "std": 0.04275441549110239, "repeat": 4, "number": 3}, {"ci_99": [0.5329655324170426, 0.5869214495829577], "q_25": 0.5554773015000002, "q_75": 0.5637029443333335, "min": 0.5463890360000002, "max": 0.5749114183333334, "mean": 0.5599434910000002, "std": 0.01012209147117705, "repeat": 4, "number": 3}, {"ci_99": [0.4936015608563467, 0.5868839886436533], "q_25": 0.5369912736666668, "q_75": 0.5529217819166666, "min": 0.5075151056666666, "max": 0.5541154316666667, "mean": 0.54024277475, "std": 0.019089217800473963, "repeat": 4, "number": 3}, {"ci_99": [0.5396193694296254, 0.7614842727370409], "q_25": 0.6247752610833333, "q_75": 0.6667576989999999, "min": 0.6035078653333331, "max": 0.716737141, "mean": 0.6505518210833332, "std": 0.041662502239474875, "repeat": 4, "number": 3}, {"ci_99": [0.6620773692332302, 0.8084084547667704], "q_25": 0.7123428732500002, "q_75": 0.7509992450833333, "min": 0.710078101, "max": 0.7746951343333333, "mean": 0.735242912, "std": 0.02618155440849035, "repeat": 4, "number": 3}], "params": [["10000", "30000", "50000"], ["10000", "30000", "50000"]]}, "commit_and_checkout.MakeCommit.time_commit": {"result": [0.04878794450000007, 0.11273594300000012, 0.1615583445, 0.09917972450000007, 0.14850203149999985, 0.21106188949999982, 0.14576113200000007, 0.2102447070000001, 0.27300844599999996], "stats": [{"ci_99": [0.04586304699999999, 0.052437238], "q_25": 0.04783578300000002, "q_75": 0.0517335505,