{"results": {"arrayset_sample_reads.FLOAT32_DType.time_read_5000_samples": {"result": [1.6490225895, 0.1295705875], "stats": [{"ci_99": [1.4863725644295291, 1.825251828320472], "q_25": 1.62575200875, "q_75": 1.6790827771249999, "min": 1.5733051875, "max": 1.7518984189999998, "mean": 1.6558121963749999, "std": 0.06363799024703513, "repeat": 4, "number": 2}, {"ci_99": [0.11725472281151388, 0.1383647119384861], "q_25": 0.12715004212499995, "q_75": 0.13023026275000005, "min": 0.1205622449999999, "max": 0.13153544950000007, "mean": 0.127809717375, "std": 0.004263483460957136, "repeat": 4, "number": 2}], "params": [["'hdf5_00'", "'numpy_10'"]]}, "arrayset_sample_reads.UINT16_DType.time_read_5000_samples": {"result": [1.373513063, 0.08443889625], "stats": [{"ci_99": [1.275875458866623, 1.4608459906333775], "q_25": 1.3431646406250002, "q_75": 1.398709147125, "min": 1.3259261565000005, "max": 1.4004906165, "mean": 1.3683607247500003, "std": 0.032002570982421236, "repeat": 4, "number": 2}, {"ci_99": [0.04680329071093186, 0.14526538203906786], "q_25": 0.08390012637500004, "q_75": 0.09657310624999998, "min": 0.08305389200000007, "max": 0.13220566099999997, "mean": 0.09603433637500002, "std": 0.02089196559681229, "repeat": 4, "number": 2}], "params": [["'hdf5_00'", "'numpy_10'"]]}, "arrayset_sample_writes.HDF5_00.time_add_float32_5000_samples": {"result": [3.4009702317499997], "stats": [{"ci_99": [3.1668748216908926, 3.660839318059107], "q_25": 3.34326413275, "q_75": 3.471563168875, "min": 3.3147743649999994, "max": 3.5387134509999996, "mean": 3.4138570698749997, "std": 0.08715926968396454, "repeat": 4, "number": 2}]}, "arrayset_sample_writes.HDF5_00.time_add_uint16_5000_samples": {"result": [2.5616403195], "stats": [{"ci_99": [2.26787792414868, 2.8519863976013196], "q_25": 2.4979386833749997, "q_75": 2.623633797, "min": 2.413468235, "max": 2.7029797695, "mean": 2.559932160875, "std": 0.10541229053754822, "repeat": 4, "number": 2}]}, "arrayset_sample_writes.NUMPY_10.time_add_float32_5000_samples": {"result": [0.91330230225], "stats": [{"ci_99": [0.7651524842014759, 1.1364576062985234], "q_25": 0.9012814242499998, "q_75": 0.96282592325, "min": 0.8949741784999998, "max": 1.0816413980000001, "mean": 0.9508050452499999, "std": 0.0762313914255032, "repeat": 4, "number": 2}]}, "arrayset_sample_writes.NUMPY_10.time_add_uint16_5000_samples": {"result": [0.5795275485], "stats": [{"ci_99": [0.5066869904067384, 0.6737699375932613], "q_25": 0.566619759625, "q_75": 0.6031362528750001, "min": 0.5605473685, "max": 0.6413113905, "mean": 0.590228464, "std": 0.03144980142882483, "repeat": 4, "number": 2}]}, "commit_and_checkout.CheckoutCommit.time_checkout_read_only": {"result": [0.14001841133333331, 0.23274312449999998, 0.33993185266666665, 0.3219274346666666, 0.4261844290000001, 0.5293115191666666, 0.5148263096666666, 0.6208390563333334, 0.7289858543333334], "stats": [{"ci_99": [0.13532211878516334, 0.14604041354817], "q_25": 0.13930716649999997, "q_75": 0.14139251100000003, "min": 0.138647791, "max": 0.14404045100000004, "mean": 0.14068126616666668, "std": 0.0020482278413613965, "repeat": 4, "number": 3}, {"ci_99": [0.20618235194140214, 0.269711826391931], "q_25": 0.22891232674999998, "q_75": 0.24177788691666668, "min": 0.22762296499999998, "max": 0.25867914266666664, "mean": 0.23794708916666665, "std": 0.01238650297180023, "repeat": 4, "number": 3}, {"ci_99": [0.3142051736617824, 0.3643296235048843], "q_25": 0.33582495925, "q_75": 0.343374292, "min": 0.325343658, "max": 0.3518622310000001, "mean": 0.3392673985833333, "std": 0.009409240161868199, "repeat": 4, "number": 3}, {"ci_99": [0.30186209642898415, 0.34649100073768263], "q_25": 0.3174797299166667, "q_75": 0.32862425333333334, "min": 0.3162152036666668, "max": 0.33663612133333326, "mean": 0.32417654858333333, "std": 0.008080245993715054, "repeat": 4, "number": 3}, {"ci_99": [0.39156591165365673, 0.46309421951300994], "q_25": 0.4216180326666667, "q_75": 0.43189646191666675, "min": 0.40951155266666667, "max": 0.44743985166666683, "mean": 0.4273300655833334, "std": 0.013463762301375975, "repeat": 4, "number": 3}, {"ci_99": [0.48817194761729626, 0.5800162967160373], "q_25": 0.5233558043333333, "q_75": 0.5400498370000001, "min": 0.5153076293333333, "max": 0.5624458210000002, "mean": 0.5340941221666667, "std": 0.017492302932449723, "repeat": 4, "number": 3}, {"ci_99": [0.48627197384508614, 0.544053313488247], "q_25": 0.5083567585000001, "q_75": 0.5216321948333333, "min": 0.5015220760000001, "max": 0.5294758793333334, "mean": 0.5151626436666666, "std": 0.010323449408931613, "repeat": 4, "number": 3}, {"ci_99": [0.5605428083750985, 0.6884063449582347], "q_25": 0.609735601, "q_75": 0.6355780320000002, "min": 0.5959026810000001, "max": 0.6603175130000002, "mean": 0.6244745766666667, "std": 0.023514931257666318, "repeat": 4, "number": 3}, {"ci_99": [0.6211009311005552, 0.851648317066112], "q_25": 0.6990611808333332, "q_75": 0.7662992975833334, "min": 0.6960974983333333, "max": 0.7914292893333333, "mean": 0.7363746240833333, "std": 0.04011584866882405, "repeat": 4, "number": 3}], "params": [["10000", "30000", "50000"], ["10000", "30000", "50000"]]}, "commit_and_checkout.CheckoutCommit.time_checkout_write_enabled": {"result": [0.14545442883333332, 0.2334273046666667, 0.32763465383333334, 0.3265195866666667, 0.41291464533333333, 0.5233136741666665, 0.5166154013333333, 0.6240652976666667, 0.7314817889999998], "stats": [{"ci_99": [0.11875183821598698, 0.17392871961734632], "q_25": 0.13709095275000002, "q_75": 0.15470375499999997, "min": 0.1367724, "max": 0.15767985799999998, "mean": 0.14634027891666665, "std": 0.009461310140951862, "repeat": 4, "number": 3}, {"ci_99": [0.22571582029062576, 0.23943908120937427], "q_25": 0.23156684508333336, "q_75": 0.23443791033333336, "min": 0.22835082633333337, "max": 0.23510436733333337, "mean": 0.23257745075000003, "std": 0.0025950665721578346, "repeat": 4, "number": 3}, {"ci_99": [0.3108585628831031, 0.35016137178356366], "q_25": 0.3247087758333333, "q_75": 0.3334358453333333, "min": 0.32403684933333327, "max": 0.34273371233333333, "mean": 0.3305099673333333, "std": 0.007457489660611788, "repeat": 4, "number": 3}, {"ci_99": [0.313641842126619, 0.33797821287338115], "q_25": 0.32251712258333337, "q_75": 0.32981249158333337, "min": 0.32019263833333333, "max": 0.33000829833333345, "mean": 0.32581002750000004, "std": 0.004213749985428524, "repeat": 4, "number": 3}, {"ci_99": [0.3937855150300628, 0.4390084171366038], "q_25": 0.41038445683333336, "q_75": 0.4189271545833333, "min": 0.4085312273333333, "max": 0.4312273463333332, "mean": 0.41639696608333326, "std": 0.008851243335833897, "repeat": 4, "number": 3}, {"ci_99": [0.5003436268749213, 0.5453893406250785], "q_25": 0.5180885450833332, "q_75": 0.5280916128333332, "min": 0.5113815603333333, "max": 0.5334570263333333, "mean": 0.5228664837499999, "std": 0.008098407999426856, "repeat": 4, "number": 3}, {"ci_99": [0.46411184508383735, 0.5915947042494958], "q_25": 0.5095343299999999, "q_75": 0.534934346, "min": 0.508013082, "max": 0.5701692140000002, "mean": 0.5278532746666668, "std": 0.02511616120550587, "repeat": 4, "number": 3}, {"ci_99": [0.5545809237537992, 0.7120663899128673], "q_25": 0.6086138299999999, "q_75": 0.6487751245000001, "min": 0.607348101, "max": 0.6778159309999999, "mean": 0.6333236568333334, "std": 0.028624734136936444, "repeat": 4, "number": 3}, {"ci_99": [0.6775960592049493, 0.7956523342950508], "q_25": 0.7199643459166666, "q_75": 0.7481416398333333, "min": 0.7139594226666667, "max": 0.7695737863333333, "mean": 0.7366241967499999, "std": 0.021408859896661782, "repeat": 4, "number": 3}], "params": [["10000", "30000", "50000"], ["10000", "30000", "50000"]]}, "commit_and_checkout.MakeCommit.time_commit": {"result": [0.04806094900000002, 0.09315999349999993, 0.14510064099999997, 0.09039331500000003, 0.146778134, 0.19726433649999997, 0.14334103099999995, 0.19548597250000044, 0.253425566],